tconst,primaryTitle,startYear,genres,averageRating,numVotes
tt7286456,joker,2019,"Crime,Drama,Thriller",8.3,1678237
tt4154796,avengers endgame,2019,"Action,Adventure,Sci-Fi",8.4,1430229
tt4154756,avengers infinity war,2018,"Action,Adventure,Sci-Fi",8.4,1357521
tt1431045,deadpool,2016,"Action,Comedy,Sci-Fi",8.0,1245214
tt6751668,parasite,2019,"Drama,Thriller",8.5,1148225
tt1160419,dune part one,2021,"Action,Adventure,Drama",8.0,1026126
tt15398776,oppenheimer,2023,"Biography,Drama,History",8.2,1008605
tt10872600,spiderman no way home,2021,"Action,Adventure,Fantasy",8.1,1006336
tt7131622,once upon a time in hollywood,2019,"Comedy,Drama",7.6,953358
tt3498820,captain america civil war,2016,"Action,Sci-Fi",7.8,920360
tt3315342,logan,2017,"Action,Drama,Sci-Fi",8.1,919665
tt1877830,the batman,2022,"Action,Crime,Drama",7.8,917592
tt1825683,black panther,2018,"Action,Adventure,Sci-Fi",7.3,903416
tt3501632,thor ragnarok,2017,"Action,Adventure,Comedy",7.9,888010
tt1211837,doctor strange,2016,"Action,Adventure,Fantasy",7.5,873565
tt8946378,knives out,2019,"Comedy,Crime,Drama",7.9,870142
tt2543164,arrival,2016,"Drama,Mystery,Sci-Fi",7.9,855095
tt1745960,top gun maverick,2022,"Action,Drama",8.2,847970
tt3896198,guardians of the galaxy vol 2,2017,"Action,Adventure,Comedy",7.6,823059
tt5052448,get out,2017,"Horror,Mystery,Thriller",7.8,808135
tt5013056,dunkirk,2017,"Action,Drama,History",7.8,801601
tt2250912,spiderman homecoming,2017,"Action,Adventure,Sci-Fi",7.4,789428
tt2975590,batman v superman dawn of justice,2016,"Action,Adventure,Sci-Fi",6.4,788583
tt4633694,spiderman into the spiderverse,2018,"Action,Adventure,Animation",8.4,778853
tt8579674,1917,2019,"Action,Drama,War",8.2,763973
tt1386697,suicide squad,2016,"Action,Adventure,Fantasy",5.9,756580
tt3783958,la la land,2016,"Comedy,Drama,Music",8.0,753422
tt3748528,rogue one a star wars story,2016,"Action,Adventure,Sci-Fi",7.8,750424
tt1856101,blade runner 2049,2017,"Action,Drama,Mystery",8.0,746296
tt5463162,deadpool 2,2018,"Action,Adventure,Comedy",7.6,739347
tt0451279,wonder woman,2017,"Action,Adventure,Fantasy",7.3,732975
tt15239678,dune part two,2024,"Action,Adventure,Drama",8.4,720416
tt2527336,star wars episode viii  the last jedi,2017,"Action,Adventure,Fantasy",6.8,714410
tt2380307,coco,2017,"Adventure,Animation,Drama",8.4,697984
tt1396484,it,2017,Horror,7.3,689818
tt6723592,tenet,2020,"Action,Sci-Fi,Thriller",7.3,679080
tt3890160,baby driver,2017,"Action,Crime,Drama",7.5,678292
tt6966692,green book,2018,"Biography,Comedy,Drama",8.2,676558
tt2119532,hacksaw ridge,2016,"Biography,Drama,History",8.1,673457
tt11286314,dont look up,2021,"Comedy,Drama,Sci-Fi",7.1,665466
tt1517268,barbie,2023,"Adventure,Comedy,Fantasy",6.8,661592
tt4154664,captain marvel,2019,"Action,Adventure,Sci-Fi",6.7,654272
tt6644200,a quiet place,2018,"Drama,Horror,Sci-Fi",7.5,652871
tt1727824,bohemian rhapsody,2018,"Biography,Drama,Music",7.9,640681
tt6320628,spiderman far from home,2019,"Action,Adventure,Comedy",7.3,631177
tt2948356,zootopia,2016,"Action,Adventure,Animation",8.0,624907
tt6710474,everything everywhere all at once,2022,"Action,Adventure,Comedy",7.7,622865
tt4972582,split,2016,"Horror,Thriller",7.3,616845
tt1630029,avatar the way of water,2022,"Action,Adventure,Animation",7.5,604129
tt5027774,three billboards outside ebbing missouri,2017,"Comedy,Crime,Drama",8.1,602657
tt1270797,venom,2018,"Action,Adventure,Sci-Fi",6.6,602230
tt10811166,the kashmir files,2022,Drama,8.5,578711
tt4425200,john wick chapter 2,2017,"Action,Crime,Thriller",7.4,565908
tt1950186,ford v ferrari,2019,"Action,Biography,Drama",8.1,563763
tt6263850,deadpool  wolverine,2024,"Action,Adventure,Comedy",7.5,558262
tt1477834,aquaman,2018,"Action,Adventure,Fantasy",6.8,550668
tt9419884,doctor strange in the multiverse of madness,2022,"Action,Adventure,Fantasy",6.9,539925
tt3183660,fantastic beasts and where to find them,2016,"Adventure,Family,Fantasy",7.2,538148
tt1677720,ready player one,2018,"Action,Adventure,Sci-Fi",7.4,537856
tt2527338,star wars episode ix  the rise of skywalker,2019,"Action,Adventure,Fantasy",6.3,537822
tt12593682,bullet train,2022,"Action,Comedy,Thriller",7.3,527773
tt11564570,glass onion,2022,"Comedy,Crime,Drama",7.1,518115
tt9362722,spiderman across the spiderverse,2023,"Action,Adventure,Animation",8.5,511978
tt0974015,justice league,2017,"Action,Adventure,Fantasy",6.0,502874
tt2283362,jumanji welcome to the jungle,2017,"Action,Adventure,Comedy",6.9,498179
tt1355644,passengers,2016,"Drama,Romance,Sci-Fi",7.0,491993
tt5095030,antman and the wasp,2018,"Action,Adventure,Comedy",7.0,491158
tt9764362,the menu,2022,"Comedy,Horror,Thriller",7.2,491142
tt3385516,xmen apocalypse,2016,"Action,Adventure,Sci-Fi",6.8,490083
tt9376612,shangchi and the legend of the ten rings,2021,"Action,Adventure,Fantasy",7.3,484297
tt2584384,jojo rabbit,2019,"Comedy,Drama,War",7.9,484195
tt2382320,no time to die,2021,"Action,Adventure,Thriller",7.3,483879
tt6264654,free guy,2021,"Action,Adventure,Comedy",7.1,483606
tt8772262,midsommar,2019,"Drama,Horror,Mystery",7.1,478540
tt6146586,john wick chapter 3  parabellum,2019,"Action,Crime,Drama",7.4,476415
tt5580390,the shape of water,2017,"Drama,Fantasy,Romance",7.3,473302
tt3480822,black widow,2021,"Action,Adventure,Sci-Fi",6.6,473293
tt12361974,zack snyders justice league,2021,"Action,Adventure,Fantasy",7.9,470514
tt1302006,the irishman,2019,"Biography,Crime,Drama",7.8,469219
tt6791350,guardians of the galaxy vol 3,2023,"Action,Adventure,Comedy",7.9,464752
tt10648342,thor love and thunder,2022,"Action,Adventure,Comedy",6.1,456109
tt6334354,the suicide squad,2021,"Action,Adventure,Comedy",7.2,454931
tt8367814,the gentlemen,2019,"Action,Comedy,Crime",7.8,453105
tt7784604,hereditary,2018,"Drama,Horror,Mystery",7.3,450002
tt1517451,a star is born,2018,"Drama,Music,Romance",7.6,446742
tt2948372,soul,2020,"Adventure,Animation,Comedy",8.0,443658
tt3521164,moana,2016,"Adventure,Animation,Comedy",7.6,436730
tt9032400,eternals,2021,"Action,Adventure,Fantasy",6.2,423899
tt2737304,bird box,2018,"Horror,Mystery,Sci-Fi",6.6,419120
tt4912910,mission impossible  fallout,2018,"Action,Adventure,Thriller",7.7,417399
tt31193180,sinners,2025,"Action,Drama,Horror",7.5,416327
tt0448115,shazam,2019,"Action,Adventure,Comedy",7.0,411347
tt3799694,the nice guys,2016,"Action,Comedy,Crime",7.4,410135
tt17526714,the substance,2024,"Drama,Horror,Sci-Fi",7.2,408102
tt3778644,solo a star wars story,2018,"Action,Adventure,Sci-Fi",6.9,406666
tt10366206,john wick chapter 4,2023,"Action,Crime,Thriller",7.6,406554
tt4649466,kingsman the golden circle,2017,"Action,Adventure,Comedy",6.7,399104
tt6208148,snow white,2025,"Adventure,Family,Fantasy",2.2,394251
tt5950044,superman,2025,"Action,Adventure,Sci-Fi",7.0,393331
tt2140479,the accountant,2016,"Action,Crime,Drama",7.3,392862
tt2798920,annihilation,2018,"Adventure,Drama,Horror",6.8,391298
tt6857112,us,2019,"Horror,Mystery,Thriller",6.8,388259
tt7888964,nobody,2021,"Action,Crime,Drama",7.4,387459
tt14230458,poor things,2023,"Comedy,Drama,Romance",7.8,387355
tt5311514,your name,2016,"Animation,Drama,Fantasy",8.4,386444
tt1179933,10 cloverfield lane,2016,"Drama,Horror,Sci-Fi",7.2,382045
tt1790809,pirates of the caribbean dead men tell no tales,2017,"Action,Adventure,Fantasy",6.5,381999
tt4881806,jurassic world fallen kingdom,2018,"Action,Adventure,Sci-Fi",6.1,378250
tt3731562,kong skull island,2017,"Action,Adventure,Fantasy",6.7,372291
tt7653254,marriage story,2019,"Drama,Romance",7.9,369984
tt3606756,incredibles 2,2018,"Action,Adventure,Animation",7.5,366944
tt9114286,black panther wakanda forever,2022,"Action,Adventure,Drama",6.6,366049
tt4925292,lady bird,2017,"Comedy,Drama",7.4,361049
tt3110958,now you see me 2,2016,"Action,Adventure,Comedy",6.4,358117
tt2771200,beauty and the beast,2017,"Adventure,Family,Fantasy",7.1,356910
tt5726616,call me by your name,2017,"Drama,Romance",7.8,355821
tt4034228,manchester by the sea,2016,Drama,7.8,353027
tt5727208,uncut gems,2019,"Crime,Drama,Thriller",7.4,352329
tt7991608,red notice,2021,"Action,Comedy,Thriller",6.3,352012
tt7349950,it chapter two,2019,"Drama,Fantasy,Horror",6.5,351347
tt4975722,moonlight,2016,Drama,7.4,350247
tt1485796,the greatest showman,2017,"Biography,Drama,Musical",7.5,344278
tt2316204,alien covenant,2017,"Horror,Sci-Fi,Thriller",6.4,342903
tt30144839,one battle after another,2025,"Action,Crime,Drama",7.7,340605
tt3065204,the conjuring 2,2016,"Horror,Mystery,Thriller",7.3,340030
tt9243946,el camino,2019,"Crime,Drama,Thriller",7.3,338916
tt4550098,nocturnal animals,2016,"Drama,Thriller",7.4,337075
tt2277860,finding dory,2016,"Adventure,Animation,Comedy",7.2,331406
tt2674426,me before you,2016,"Drama,Romance",7.4,330705
tt4123430,fantastic beasts the crimes of grindelwald,2018,"Adventure,Family,Fantasy",6.5,329961
tt4160708,dont breathe,2016,"Crime,Horror,Thriller",7.1,328497
tt16311594,f1 the movie,2025,"Action,Drama,Sport",7.6,325551
tt3450958,war for the planet of the apes,2017,"Action,Adventure,Drama",7.4,324968
tt9603212,mission impossible  dead reckoning part one,2023,"Action,Adventure,Thriller",7.6,324016
tt0437086,alita battle angel,2019,"Action,Adventure,Sci-Fi",7.3,322006
tt8228288,the platform,2019,"Horror,Mystery,Sci-Fi",7.0,321357
tt3263904,sully,2016,"Biography,Drama,History",7.4,320453
tt3402236,murder on the orient express,2017,"Comedy,Crime,Drama",6.5,319655
tt8332922,a quiet place part ii,2020,"Drama,Horror,Sci-Fi",7.2,319284
tt26581740,weapons,2025,"Horror,Mystery",7.4,318649
tt7975244,jumanji the next level,2019,"Action,Adventure,Comedy",6.6,316462
tt12037194,furiosa a mad max saga,2024,"Action,Adventure,Sci-Fi",7.5,316333
tt10954984,nope,2022,"Horror,Mystery,Sci-Fi",6.8,312952
tt6139732,aladdin,2019,"Adventure,Comedy,Family",6.9,312842
tt7349662,blackkklansman,2018,"Biography,Comedy,Crime",7.5,312178
tt5362988,wind river,2017,"Crime,Drama,Mystery",7.7,312164
tt1016150,all quiet on the western front,2022,"Drama,History,War",7.8,311623
tt1979376,toy story 4,2019,"Adventure,Animation,Comedy",7.6,311246
tt7126948,wonder woman 1984,2020,"Action,Adventure,Fantasy",5.3,309617
tt3040964,the jungle book,2016,"Action,Adventure,Animation",7.3,304567
tt5537002,killers of the flower moon,2023,"Crime,Drama,History",7.5,303512
tt5700672,train to busan,2016,"Action,Horror,Thriller",7.6,302624
tt6823368,glass,2019,"Drama,Fantasy,Horror",6.6,302201
tt6443346,black adam,2022,"Action,Adventure,Fantasy",6.1,301884
tt10838180,the matrix resurrections,2021,"Action,Sci-Fi",5.6,301357
tt7097896,venom let there be carnage,2021,"Action,Adventure,Crime",5.9,301209
tt7984734,the lighthouse,2019,"Drama,Fantasy,Horror",7.4,299154
tt11138512,the northman,2022,"Action,Adventure,Drama",7.0,296768
tt1464335,uncharted,2022,"Action,Adventure",6.3,296630
tt2005151,war dogs,2016,"Biography,Comedy,Crime",7.1,294646
tt2953050,encanto,2021,"Animation,Comedy,Family",7.2,294379
tt0803096,warcraft,2016,"Action,Adventure,Fantasy",6.7,293834
tt3228774,cruella,2021,"Adventure,Comedy,Crime",7.3,293774
tt11813216,the banshees of inisherin,2022,"Comedy,Drama",7.6,292866
tt9218128,gladiator ii,2024,"Action,Adventure,Drama",6.5,290581
tt6105098,the lion king,2019,"Adventure,Animation,Drama",6.8,290331
tt8936646,extraction,2020,"Action,Crime,Thriller",6.8,287578
tt4846340,hidden figures,2016,"Biography,Drama,History",7.8,286207
tt6718170,the super mario bros movie,2023,"Adventure,Animation,Comedy",7.0,284466
tt18412256,alien romulus,2024,"Horror,Sci-Fi,Thriller",7.1,282468
tt1312221,frankenstein,2025,"Drama,Fantasy,Horror",7.4,281666
tt1051906,the invisible man,2020,"Drama,Horror,Mystery",7.1,281614
tt3281548,little women,2019,"Drama,Romance",7.8,281481
tt7713068,birds of prey and the fantabulous emancipation of one harley quinn,2020,"Action,Comedy,Crime",6.1,281176
tt13833688,the whale,2022,Drama,7.6,279047
tt2935510,ad astra,2019,"Adventure,Drama,Mystery",6.5,278734
tt2704998,game night,2018,"Action,Adventure,Comedy",6.9,275792
tt5442430,life,2017,"Horror,Sci-Fi,Thriller",6.6,275585
tt2582782,hell or high water,2016,"Crime,Drama,Thriller",7.6,275044
tt4630562,the fate of the furious,2017,"Action,Crime,Thriller",6.6,272678
tt2906216,dungeons  dragons honor among thieves,2023,"Action,Adventure,Comedy",7.2,271615
tt1649418,the gray man,2022,"Action,Mystery,Thriller",6.5,269952
tt11866324,prey,2022,"Action,Adventure,Horror",7.1,269939
tt2660888,star trek beyond,2016,"Action,Adventure,Sci-Fi",7.0,269130
tt20969586,thunderbolts,2025,"Action,Adventure,Crime",7.1,267424
tt5109784,mother,2017,"Drama,Horror,Mystery",6.6,266862
tt10954600,antman and the wasp quantumania,2023,"Action,Adventure,Comedy",6.0,266650
tt28607951,anora,2024,"Comedy,Drama,Romance",7.4,265481
tt3741834,lion,2016,"Biography,Drama",8.0,265300
tt5034838,godzilla vs kong,2021,"Action,Sci-Fi,Thriller",6.3,265274
tt17279496,civil war,2024,"Action,Thriller,War",7.0,264463
tt17351924,saltburn,2023,"Drama,Thriller",7.0,262028
tt1959563,the hitmans bodyguard,2017,"Action,Comedy,Crime",6.9,261494
tt5040012,nosferatu,2024,"Fantasy,Horror,Mystery",7.1,261139
tt5580036,i tonya,2017,"Biography,Comedy,Drama",7.5,260122
tt5164214,oceans eight,2018,"Comedy,Crime,Thriller",6.3,259931
tt7144666,the black phone,2021,"Horror,Mystery,Thriller",6.9,259598
tt3704428,elvis,2022,"Biography,Drama,Music",7.3,259559
tt1289401,ghostbusters,2016,"Action,Comedy,Fantasy",6.8,257824
tt5083738,the favourite,2018,"Biography,Comedy,Drama",7.5,257051
tt4196776,jason bourne,2016,"Action,Thriller",6.6,256252
tt2463208,the adam project,2022,"Action,Adventure,Comedy",6.7,255879
tt15791034,barbarian,2022,"Horror,Mystery,Thriller",7.0,255815
tt6806448,fast  furious presents hobbs  shaw,2019,"Action,Adventure,Thriller",6.4,255465
tt20215234,conclave,2024,"Drama,Thriller",7.4,253696
tt1684562,the fall guy,2024,"Action,Comedy,Drama",6.8,253288
tt9620292,promising young woman,2020,"Crime,Drama,Mystery",7.5,252772
tt9777666,the tomorrow war,2021,"Action,Adventure,Drama",6.6,251691
tt10676052,the fantastic four first steps,2025,"Action,Adventure,Sci-Fi",6.8,250081
tt3553976,captain fantastic,2016,"Adventure,Comedy,Drama",7.8,249466
tt1972591,king arthur legend of the sword,2017,"Action,Adventure,Drama",6.7,246168
tt0439572,the flash,2023,"Action,Adventure,Fantasy",6.6,245640
tt22022452,inside out 2,2024,"Adventure,Animation,Comedy",7.5,245621
tt14849194,the holdovers,2023,"Comedy,Drama",7.9,244727
tt2404435,the magnificent seven,2016,"Action,Adventure,Drama",6.9,244571
tt7846844,enola holmes,2020,"Adventure,Crime,Drama",6.6,243940
tt8041270,jurassic world dominion,2022,"Action,Adventure,Sci-Fi",5.6,243264
tt5606664,doctor sleep,2019,"Drama,Fantasy,Horror",7.3,243251
tt10272386,the father,2020,"Drama,Mystery",8.2,241883
tt4555426,darkest hour,2017,"Biography,Drama,History",7.4,241862
tt1365519,tomb raider,2018,"Action,Adventure,Fantasy",6.3,240469
tt5074352,dangal,2016,"Action,Biography,Drama",8.3,240378
tt12747748,leave the world behind,2023,"Drama,Mystery,Thriller",6.4,240068
tt4513678,ghostbusters afterlife,2021,"Adventure,Comedy,Fantasy",7.0,239678
tt1219827,ghost in the shell,2017,"Action,Crime,Drama",6.3,238708
tt1489889,central intelligence,2016,"Action,Comedy,Crime",6.3,236643
tt11083552,wrath of man,2021,"Action,Crime,Thriller",7.1,236315
tt15474916,smile,2022,"Horror,Mystery,Thriller",6.5,236097
tt12299608,mickey 17,2025,"Adventure,Comedy,Fantasy",6.7,236066
tt2709768,the secret life of pets,2016,"Adventure,Animation,Comedy",6.5,234182
tt4729430,klaus,2019,"Adventure,Animation,Comedy",8.2,234094
tt15097216,jai bhim,2021,"Crime,Drama",8.6,233279
tt6499752,upgrade,2018,"Action,Sci-Fi,Thriller",7.5,231862
tt7798634,ready or not,2019,"Action,Comedy,Horror",6.8,231382
tt3532216,american made,2017,"Action,Comedy,Crime",7.1,231328
tt1462764,indiana jones and the dial of destiny,2023,"Action,Adventure,Sci-Fi",6.5,230912
tt3741700,godzilla king of the monsters,2019,"Action,Adventure,Fantasy",6.0,227387
tt3766354,the equalizer 2,2018,"Action,Crime,Mystery",6.7,227049
tt4779682,the meg,2018,"Action,Adventure,Horror",5.7,226427
tt6565702,xmen dark phoenix,2019,"Action,Adventure,Sci-Fi",5.7,226398
tt0870154,jungle cruise,2021,"Action,Adventure,Comedy",6.5,226106
tt1262426,wicked,2024,"Fantasy,Musical,Romance",7.3,225700
tt1700841,sausage party,2016,"Adventure,Animation,Comedy",6.1,225676
tt10288566,another round,2020,"Comedy,Drama",7.7,224108
tt1560220,zombieland double tap,2019,"Action,Comedy,Horror",6.6,223828
tt13560574,x,2022,"Horror,Mystery,Thriller",6.5,222000
tt3915174,puss in boots the last wish,2022,"Action,Adventure,Animation",7.8,221660
tt10293406,the power of the dog,2021,"Drama,Western",6.8,221493
tt1136617,the killer,2023,"Action,Adventure,Crime",6.7,221379
tt2345759,the mummy,2017,"Action,Adventure,Fantasy",5.4,220849
tt12801262,luca,2021,"Adventure,Animation,Comedy",7.4,220803
tt23468450,longlegs,2024,"Crime,Horror,Mystery",6.5,219995
tt9603208,mission impossible  the final reckoning,2025,"Action,Adventure,Thriller",7.2,219753
tt28015403,heretic,2024,"Horror,Thriller",7.0,219423
tt2406566,atomic blonde,2017,"Action,Thriller",6.7,219051
tt2094766,assassins creed,2016,"Action,Adventure,Sci-Fi",5.6,218404
tt1469304,baywatch,2017,"Action,Comedy,Crime",5.5,217537
tt4520988,frozen ii,2019,"Adventure,Animation,Comedy",6.8,217088
tt2873282,red sparrow,2018,"Action,Drama,Thriller",6.6,216762
tt9770150,nomadland,2020,Drama,7.3,216652
tt29623480,the wild robot,2024,"Adventure,Animation,Family",8.2,216286
tt14364480,wake up dead man,2025,"Comedy,Crime,Drama",7.3,215566
tt2267968,kung fu panda 3,2016,"Action,Adventure,Animation",7.1,215506
tt1213641,first man,2018,"Biography,Drama,History",7.3,214848
tt7322224,triangle of sadness,2022,"Comedy,Drama",7.2,214060
tt5715874,the killing of a sacred deer,2017,"Drama,Horror,Mystery",7.0,213184
tt15671028,no hard feelings,2023,"Comedy,Romance",6.3,213097
tt9484998,palm springs,2020,"Comedy,Fantasy,Mystery",7.4,211853
tt10638522,talk to me,2022,"Horror,Thriller",7.1,211244
tt4857264,the invisible guest,2016,"Crime,Drama,Mystery",8.0,211225
tt6450804,terminator dark fate,2019,"Action,Adventure,Sci-Fi",6.2,211008
tt3470600,sing,2016,"Animation,Comedy,Family",7.1,210851
tt8106534,6 underground,2019,"Action,Thriller",6.1,210178
tt3631112,the girl on the train,2016,"Crime,Drama,Mystery",6.5,210170
tt5104604,isle of dogs,2018,"Adventure,Animation,Comedy",7.8,209573
tt5519340,bright,2017,"Action,Fantasy,Thriller",6.3,209126
tt7556122,the old guard,2020,"Action,Thriller",6.7,209019
tt7657566,death on the nile,2022,"Crime,Drama,Mystery",6.3,208756
tt2239822,valerian and the city of a thousand planets,2017,"Action,Adventure,Animation",6.4,208610
tt2066051,rocketman,2019,"Biography,Drama,Music",7.3,208037
tt7405458,a man called otto,2022,"Comedy,Drama",7.5,207903
tt3104988,crazy rich asians,2018,"Comedy,Drama,Romance",6.9,207528
tt1935859,miss peregrines home for peculiar children,2016,"Adventure,Drama,Family",6.7,207279
tt4873118,the covenant,2023,"Action,Drama,Thriller",7.5,206740
tt4701182,bumblebee,2018,"Action,Adventure,Sci-Fi",6.7,206693
tt17009710,anatomy of a fall,2023,"Crime,Drama,Mystery",7.6,206625
tt10366460,coda,2021,"Comedy,Drama,Music",8.0,204789
tt4244994,the last duel,2021,"Drama,History,Thriller",7.3,204705
tt1070874,the trial of the chicago 7,2020,"Drama,History,Thriller",7.7,204438
tt10640346,babylon,2022,"Comedy,Drama",7.1,204381
tt5848272,ralph breaks the internet,2018,"Adventure,Animation,Comedy",7.0,203585
tt0293429,mortal kombat,2021,"Action,Adventure,Fantasy",6.1,203515
tt4276820,the founder,2016,"Biography,Drama",7.2,203100
tt4209788,mollys game,2017,"Biography,Crime,Drama",7.4,202488
tt8178634,rrr,2022,"Action,Adventure,Drama",7.8,201904
tt3062096,inferno,2016,"Action,Adventure,Crime",6.2,201514
tt23289160,godzilla minus one,2023,"Action,Adventure,Drama",7.7,200992
tt4016934,the handmaiden,2016,"Drama,Romance,Thriller",8.1,200703
tt10548174,28 years later,2025,"Horror,Sci-Fi,Thriller",6.6,200522
tt2231461,rampage,2018,"Action,Adventure,Sci-Fi",6.1,200195
tt0993840,army of the dead,2021,"Action,Adventure,Crime",5.8,199983
tt1628841,independence day resurgence,2016,"Action,Adventure,Sci-Fi",5.2,198752
tt9639470,last night in soho,2021,"Drama,Horror,Mystery",7.0,198494
tt1860357,deepwater horizon,2016,"Action,Drama,History",7.1,197841
tt0918940,the legend of tarzan,2016,"Action,Adventure,Drama",6.2,197216
tt1502397,bad boys for life,2020,"Action,Comedy,Crime",6.5,195919
tt5884052,pokémon detective pikachu,2019,"Adventure,Comedy,Family",6.5,195445
tt2543472,wonder,2017,"Drama,Family",7.9,195380
tt11858890,the creator,2023,"Action,Adventure,Drama",6.7,194653
tt6856242,the kings man,2021,"Action,Adventure,Thriller",6.3,194593
tt5814060,the nun,2018,"Horror,Mystery,Thriller",5.4,193915
tt16419074,air,2023,"Drama,Sport",7.4,193421
tt12584954,twisters,2024,"Action,Adventure,Thriller",6.5,192349
tt3393786,jack reacher never go back,2016,"Action,Thriller",6.2,191967
tt7668870,searching,2018,"Drama,Mystery,Thriller",7.6,191385
tt4123432,fantastic beasts the secrets of dumbledore,2022,"Adventure,Fantasy",6.2,191266
tt6166392,wonka,2023,"Adventure,Comedy,Family",6.9,191245
tt4116284,the lego batman movie,2017,"Action,Adventure,Animation",7.3,190909
tt21382296,carryon,2024,"Action,Crime,Thriller",6.5,190883
tt3794354,sonic the hedgehog,2020,"Action,Adventure,Comedy",6.5,190527
tt5052474,sicario day of the soldado,2018,"Action,Crime,Drama",7.1,189482
tt7040874,a simple favor,2018,"Comedy,Crime,Mystery",6.7,189287
tt4500922,maze runner the death cure,2018,"Action,Adventure,Sci-Fi",6.3,189122
tt1618434,murder mystery,2019,"Crime,Mystery,Romance",6.1,188455
tt5109280,raya and the last dragon,2021,"Action,Adventure,Animation",7.3,186653
tt1502407,halloween,2018,"Crime,Drama,Horror",6.5,185839
tt31036941,jurassic world rebirth,2025,"Action,Adventure,Sci-Fi",5.8,185460
tt7146812,onward,2020,"Adventure,Animation,Comedy",7.4,184949
tt11245972,scream,2022,"Horror,Mystery,Thriller",6.3,184806
tt3371366,transformers the last knight,2017,"Action,Adventure,Comedy",5.2,184636
tt13287846,napoleon,2023,"Action,Adventure,Biography",6.3,184596
tt5308322,happy death day,2017,"Comedy,Horror,Mystery",6.6,184265
tt8079248,yesterday,2019,"Comedy,Fantasy,Music",6.8,183877
tt5363618,sound of metal,2019,"Drama,Music",7.7,183750
tt6412452,the ballad of buster scruggs,2018,"Comedy,Drama,Musical",7.2,183064
tt3359350,road house,2024,"Action,Drama,Thriller",6.2,182406
tt10954652,old,2021,"Drama,Mystery,Thriller",5.8,182333
tt10888594,radhe,2021,"Action,Thriller",1.8,181610
tt7740496,nightmare alley,2021,"Crime,Drama,Thriller",7.0,181536
tt10028196,laal singh chaddha,2022,"Comedy,Drama,Romance",5.6,181295
tt4776998,the promise,2016,"Action,Adventure,Drama",6.1,180269
tt8760708,m3gan,2022,"Horror,Sci-Fi,Thriller",6.3,180221
tt11315808,joker folie à deux,2024,"Drama,Musical,Thriller",5.2,179876
tt3300542,london has fallen,2016,"Action,Thriller",5.9,179782
tt10545296,the hunger games the ballad of songbirds  snakes,2023,"Action,Adventure,Drama",6.6,179658
tt3640424,allied,2016,"Action,Drama,Romance",7.1,179108
tt3469046,despicable me 3,2017,"Adventure,Animation,Comedy",6.3,178748
tt5433138,f9 the fast saga,2021,"Action,Crime,Thriller",5.2,178625
tt14513804,captain america brave new world,2025,"Action,Adventure,Sci-Fi",5.6,178539
tt4172430,13 hours the secret soldiers of benghazi,2016,"Action,Drama,History",7.3,178429
tt6155172,roma,2018,Drama,7.6,177823
tt6628394,bad times at the el royale,2018,"Crime,Drama,Mystery",7.1,177685
tt11291274,the unbearable weight of massive talent,2022,"Action,Comedy,Crime",7.0,177677
tt5971474,the little mermaid,2023,"Adventure,Family,Fantasy",7.2,177605
tt15314262,the beekeeper,2024,"Action,Crime,Thriller",6.3,177275
tt2386490,how to train your dragon the hidden world,2019,"Action,Adventure,Animation",7.4,177066
tt7984766,the king,2019,"Biography,Drama,History",7.3,176009
tt5439796,logan lucky,2017,"Action,Comedy,Crime",7.0,175886
tt13320622,the lost city,2022,"Action,Adventure,Comedy",6.1,175455
tt16426418,challengers,2024,"Comedy,Drama,Romance",7.0,175454
tt10731256,dont worry darling,2022,"Drama,Mystery,Thriller",6.3,174940
tt11214590,house of gucci,2021,"Biography,Crime,Drama",6.6,173935
tt6266538,vice,2018,"Biography,Comedy,Drama",7.2,173893
tt9421570,the guilty,2021,"Crime,Drama,Thriller",6.3,173074
tt13433802,a quiet place day one,2024,"Drama,Horror,Sci-Fi",6.3,172435
tt8097030,turning red,2022,"Adventure,Animation,Comedy",6.9,172075
tt16277242,society of the snow,2023,"Adventure,Biography,Drama",7.8,172060
tt3774114,snowden,2016,"Biography,Crime,Drama",7.3,171990
tt2049403,beetlejuice beetlejuice,2024,"Comedy,Fantasy,Horror",6.6,171574
tt12263384,extraction ii,2023,"Action,Crime,Thriller",7.0,171388
tt6294822,the post,2017,"Biography,Drama,History",7.2,171236
tt3521126,the disaster artist,2017,"Biography,Comedy,Drama",7.3,170964
tt5108870,morbius,2022,"Action,Adventure,Horror",5.1,170463
tt13238346,past lives,2023,"Drama,Romance",7.8,169706
tt26584495,companion,2025,"Sci-Fi,Thriller",6.9,169485
tt26047818,anyone but you,2023,"Comedy,Romance",6.1,169333
tt9620288,king richard,2021,"Biography,Drama,Sport",7.5,169253
tt6343314,creed ii,2018,"Action,Drama,Sport",7.1,168972
tt5140878,annabelle creation,2017,"Horror,Mystery,Thriller",6.5,168770
tt5022702,hush,2016,"Horror,Thriller",6.6,168443
tt23849204,12th fail,2023,"Biography,Drama",8.7,168442
tt10698680,kgf chapter 2,2022,"Action,Crime,Drama",8.2,168262
tt7395114,the devil all the time,2020,"Crime,Drama,Thriller",7.1,167848
tt7959026,the mule,2018,"Crime,Drama,Thriller",7.0,167721
tt7069210,the conjuring the devil made me do it,2021,"Horror,Mystery,Thriller",6.2,167414
tt4566758,mulan,2020,"Action,Adventure,Drama",5.8,167372
tt11389872,kingdom of the planet of the apes,2024,"Action,Adventure,Drama",6.8,166829
tt8847712,the french dispatch,2021,"Comedy,Drama,Romance",7.1,166347
tt13345606,evil dead rise,2023,Horror,6.5,165671
tt12844910,pathaan,2023,"Action,Adventure,Thriller",5.8,165599
tt7737786,greenland,2020,"Action,Adventure,Thriller",6.4,164991
tt13654226,the gorge,2025,"Action,Adventure,Horror",6.7,164947
tt7160372,the zone of interest,2023,"Drama,History,War",7.3,163954
tt13143964,borat subsequent moviefilm,2020,Comedy,6.6,163911
tt8009428,hustle,2022,"Comedy,Drama,Sport",7.3,162808
tt3289956,the autopsy of jane doe,2016,"Horror,Mystery,Thriller",6.8,162683
tt15789038,elemental,2023,"Adventure,Animation,Comedy",7.0,162007
tt26753003,trap,2024,"Crime,Horror,Mystery",5.8,161951
tt10676048,the marvels,2023,"Action,Adventure,Sci-Fi",5.5,161908
tt3829266,the predator,2018,"Action,Adventure,Sci-Fi",5.3,161677
tt5776858,phantom thread,2017,"Drama,Romance",7.4,160583
tt2854926,tag,2018,"Action,Comedy",6.5,160337
tt1488606,triple frontier,2019,"Action,Adventure,Thriller",6.5,160330
tt2283336,men in black international,2019,"Action,Adventure,Comedy",5.6,159625
tt17024450,the equalizer 3,2023,"Action,Crime,Thriller",6.8,159267
tt11271038,licorice pizza,2021,"Comedy,Drama,Romance",7.1,158840
tt2034800,the great wall,2016,"Action,Adventure,Fantasy",5.9,158552
tt5886046,escape room,2019,"Action,Adventure,Horror",6.4,158449
tt2222042,love and monsters,2020,"Action,Adventure,Comedy",6.9,158414
tt14948432,red one,2024,"Action,Adventure,Comedy",6.2,158231
tt9893250,i care a lot,2020,"Comedy,Crime,Drama",6.4,157782
tt4481414,gifted,2017,Drama,7.6,157657
tt18925334,pearl,2022,"Drama,Horror,Thriller",7.0,156857
tt9411972,where the crawdads sing,2022,"Drama,Mystery,Romance",7.2,156636
tt3874544,the boss baby,2017,"Adventure,Animation,Comedy",6.3,156463
tt9619824,final destination bloodlines,2025,"Horror,Thriller",6.7,155551
tt1648190,the dark tower,2017,"Action,Adventure,Drama",5.6,154978
tt3566834,a minecraft movie,2025,"Action,Adventure,Comedy",5.6,154593
tt5177120,the ministry of ungentlemanly warfare,2024,"Action,Comedy,War",6.8,154592
tt4846232,good time,2017,"Crime,Drama,Thriller",7.3,154568
tt4052882,the shallows,2016,"Drama,Horror,Thriller",6.3,152836
tt1259528,den of thieves,2018,"Action,Crime,Drama",7.0,152315
tt1571234,mortal engines,2018,"Action,Adventure,Fantasy",6.1,152237
tt12300742,bugonia,2025,"Comedy,Crime,Sci-Fi",7.4,152230
tt4698684,hunt for the wilderpeople,2016,"Adventure,Comedy,Drama",7.8,152126
tt8244784,the hunt,2020,"Action,Horror,Thriller",6.6,151704
tt16366836,venom the last dance,2024,"Action,Fantasy,Horror",6.0,151679
tt4786282,lights out,2016,"Horror,Mystery",6.3,151405
tt1878870,the edge of seventeen,2016,"Comedy,Drama,Romance",7.3,150370
tt5462602,the big sick,2017,"Comedy,Drama,Romance",7.5,149799
tt0475290,hail caesar,2016,"Comedy,Drama,Mystery",6.3,149427
tt17663992,scream vi,2023,"Horror,Mystery,Thriller",6.4,148910
tt3606752,cars 3,2017,"Adventure,Animation,Comedy",6.7,148405
tt3531824,nerve,2016,"Adventure,Crime,Drama",6.5,146938
tt4302938,kubo and the two strings,2016,"Action,Adventure,Animation",7.7,146045
tt8404614,the two popes,2019,"Biography,Drama",7.6,145983
tt3410834,the divergent series allegiant,2016,"Action,Adventure,Fantasy",5.7,145572
tt5649144,the florida project,2017,Drama,7.6,145571
tt14961016,im still here,2024,"Biography,Drama,History",8.1,145261
tt5758778,skyscraper,2018,"Action,Adventure,Thriller",5.8,144553
tt14966898,late night with the devil,2023,Horror,7.0,144512
tt5433140,fast x,2023,"Action,Adventure,Crime",5.7,144311
tt10151854,shazam fury of the gods,2023,"Action,Adventure,Comedy",5.9,144113
tt1536537,what happened to monday,2017,"Action,Crime,Fantasy",6.8,143920
tt14230388,asteroid city,2023,"Comedy,Drama,Romance",6.4,143462
tt1488589,guillermo del toros pinocchio,2022,"Adventure,Animation,Drama",7.6,143150
tt9495224,black mirror bandersnatch,2018,"Drama,Fantasy,Mystery",7.1,142894
tt5638642,the ritual,2017,"Horror,Mystery,Thriller",6.4,141373
tt3748172,geralds game,2017,"Drama,Horror,Thriller",6.5,141362
tt7979580,the mitchells vs the machines,2021,"Adventure,Animation,Comedy",7.6,141238
tt1860213,dirty grandpa,2016,Comedy,5.9,141180
tt7181546,ballerina,2025,"Action,Thriller",6.8,141170
tt3967856,okja,2017,"Action,Adventure,Drama",7.3,141126
tt2763304,t2 trainspotting,2017,"Comedy,Crime,Drama",7.1,140854
tt4651520,bad moms,2016,Comedy,6.2,140745
tt15679400,knock at the cabin,2023,"Horror,Mystery,Thriller",6.1,140555
tt4034354,swiss army man,2016,"Comedy,Drama,Fantasy",6.9,140206
tt10016180,the little things,2021,"Crime,Drama,Mystery",6.3,140122
tt22687790,a haunting in venice,2023,"Crime,Drama,Horror",6.5,140109
tt14138650,the pale blue eye,2022,"Crime,Horror,Mystery",6.6,140067
tt14998742,rebel moon  part one a child of fire,2023,"Action,Adventure,Drama",5.6,139797
tt1489887,booksmart,2019,Comedy,7.1,139638
tt21823606,a real pain,2024,"Comedy,Drama",7.0,138808
tt3846674,to all the boys ive loved before,2018,"Comedy,Drama,Romance",7.0,138707
tt5323662,a silent voice the movie,2016,"Animation,Drama",8.2,137965
tt8503618,hamilton,2020,"Biography,Drama,History",8.3,137697
tt8110330,dil bechara,2020,"Comedy,Drama,Romance",8.3,137414
tt12915716,adipurush,2023,"Action,Drama",2.6,137123
tt1389072,downsizing,2017,"Drama,Fantasy,Sci-Fi",5.8,136988
tt29268110,smile 2,2024,"Horror,Mystery,Thriller",6.7,136862
tt4438848,neighbors 2 sorority rising,2016,Comedy,5.7,136693
tt2557478,pacific rim uprising,2018,"Action,Adventure,Sci-Fi",5.6,136333
tt7599146,sound of freedom,2023,"Biography,Crime,Drama",7.6,136244
tt10295212,shershaah,2021,"Action,Biography,Drama",8.3,135937
tt4589218,five nights at freddys,2023,"Horror,Mystery,Thriller",5.4,135893
tt6394270,bombshell,2019,"Biography,Drama",6.8,135405
tt10298810,lightyear,2022,"Action,Adventure,Animation",6.1,135139
tt5742374,you were never really here,2017,"Crime,Drama,Thriller",6.7,135065
tt2404233,gods of egypt,2016,"Action,Adventure,Drama",5.4,135055
tt7401588,instant family,2018,"Comedy,Drama",7.3,134692
tt4501244,why him,2016,Comedy,6.2,134668
tt15325794,fall,2022,"Action,Thriller",6.4,134469
tt1757678,avatar fire and ash,2025,"Action,Adventure,Animation",7.4,134368
tt8999762,the brutalist,2024,Drama,7.2,134222
tt2567026,alice through the looking glass,2016,"Adventure,Family,Fantasy",6.2,133820
tt5164432,love simon,2018,"Comedy,Drama,Romance",7.5,133727
tt14208870,the fabelmans,2022,Drama,7.5,133705
tt1590193,the commuter,2018,"Action,Mystery,Thriller",6.3,133390
tt4495098,gran turismo,2023,"Action,Adventure,Drama",7.1,133375
tt14539740,godzilla x kong the new empire,2024,"Action,Adventure,Fantasy",6.0,133044
tt0490215,silence,2016,"Drama,History",7.2,132832
tt4849438,baahubali 2 the conclusion,2017,"Action,Drama",8.2,132575
tt23561236,american fiction,2023,"Comedy,Drama",7.5,132445
tt1981128,geostorm,2017,"Action,Sci-Fi,Thriller",5.4,131903
tt1615160,the foreigner,2017,"Action,Crime,Thriller",7.0,131768
tt6048922,greyhound,2020,"Drama,History,War",7.0,131549
tt10189514,soorarai pottru,2020,Drama,8.6,131429
tt4777008,maleficent mistress of evil,2019,"Adventure,Drama,Family",6.6,131281
tt1025100,gemini man,2019,"Action,Sci-Fi,Thriller",5.7,130424
tt9243804,the green knight,2021,"Adventure,Drama,Fantasy",6.6,130400
tt27534307,speak no evil,2024,"Drama,Horror,Thriller",6.8,129981
tt5090568,transformers rise of the beasts,2023,"Action,Adventure,Sci-Fi",6.0,129929
tt20215968,hit man,2023,"Comedy,Crime,Romance",6.8,128648
tt8721424,tick tick boom,2021,"Biography,Comedy,Drama",7.5,128059
tt2139881,long shot,2019,"Comedy,Romance",6.8,128058
tt11233960,the unforgivable,2021,"Crime,Drama,Mystery",7.2,127419
tt14858658,blink twice,2024,"Mystery,Thriller",6.5,127242
tt26743210,how to train your dragon,2025,"Action,Adventure,Comedy",7.7,126907
tt1226837,beautiful boy,2018,"Biography,Drama",7.4,126156
tt2381991,the huntsman winters war,2016,"Action,Adventure,Drama",6.1,126152
tt19770238,aftersun,2022,Drama,7.6,126023
tt8613070,portrait of a lady on fire,2019,"Drama,Romance",8.0,125959
tt2304933,the 5th wave,2016,"Action,Adventure,Sci-Fi",5.2,125778
tt14209916,cocaine bear,2023,"Comedy,Crime,Thriller",5.9,125687
tt4686844,the death of stalin,2017,"Comedy,Drama,History",7.3,125599
tt7068946,the accountant 2,2025,"Action,Crime,Drama",6.6,125460
tt31227572,predator badlands,2025,"Action,Adventure,Sci-Fi",7.2,125239
tt2671706,fences,2016,Drama,7.2,124881
tt6587046,the boy and the heron,2023,"Adventure,Animation,Drama",7.3,124360
tt10633456,minari,2020,Drama,7.4,124338
tt10370710,the worst person in the world,2021,"Comedy,Drama,Romance",7.7,124216
tt4772188,flow,2024,"Adventure,Animation,Family",7.9,123812
tt13622970,moana 2,2024,"Adventure,Animation,Comedy",6.3,123217
tt8267604,capernaum,2018,Drama,8.4,122927
tt4731136,a cure for wellness,2016,"Drama,Fantasy,Horror",6.4,122884
tt27403986,juror 2,2024,"Crime,Drama,Mystery",7.0,122822
tt14205554,kpop demon hunters,2025,"Action,Adventure,Animation",7.5,122506
tt6189022,angel has fallen,2019,"Action,Thriller",6.4,122035
tt3581652,west side story,2021,"Crime,Drama,Musical",7.1,122013
tt4572514,patriots day,2016,"Action,Crime,Drama",7.3,121547
tt4225622,the babysitter,2017,"Comedy,Horror",6.4,121061
tt12003946,violent night,2022,"Action,Comedy,Thriller",6.7,120840
tt3811906,malignant,2021,"Crime,Horror,Mystery",6.2,120715
tt4465564,fifty shades darker,2017,"Drama,Mystery,Romance",4.6,120672
tt9071322,dark waters,2019,"Biography,Drama,History",7.6,120510
tt2548396,the cloverfield paradox,2018,"Horror,Sci-Fi,Thriller",5.5,120358
tt7752126,brightburn,2019,"Drama,Fantasy,Horror",6.1,120343
tt6911608,mamma mia here we go again,2018,"Comedy,Musical,Romance",6.6,119529
tt3381008,the brothers grimsby,2016,"Action,Adventure,Comedy",6.2,119163
tt3717490,power rangers,2017,"Action,Adventure,Fantasy",5.9,118939
tt1206885,rambo last blood,2019,"Action,Crime,Thriller",6.1,118932
tt11358390,renfield,2023,"Action,Comedy,Fantasy",6.4,118868
tt4364194,the peanut butter falcon,2019,"Adventure,Comedy,Drama",7.6,118807
tt3402138,the naked gun,2025,"Action,Comedy,Crime",6.3,118616
tt33014583,dhurandhar,2025,"Action,Adventure,Crime",8.3,118604
tt8385148,hitmans wifes bodyguard,2021,"Action,Comedy,Crime",6.1,118596
tt4094724,the purge election year,2016,"Action,Horror,Sci-Fi",6.0,118476
tt13452446,damsel,2024,"Action,Adventure,Fantasy",6.1,118149
tt14846026,sisu,2022,"Action,Thriller,War",6.9,117736
tt14641788,enola holmes 2,2022,"Action,Adventure,Crime",6.8,117515
tt21064584,the iron claw,2023,"Biography,Drama,Sport",7.5,117243
tt12789558,belfast,2021,"Biography,Drama",7.2,117171
tt32916440,marty supreme,2025,"Drama,Sport",7.8,116406
tt9663764,aquaman and the lost kingdom,2023,"Action,Adventure,Fantasy",5.6,116403
tt32246771,bring her back,2025,"Horror,Mystery",7.1,116372
tt1985949,the angry birds movie,2016,"Action,Adventure,Animation",6.3,116095
tt15327088,kantara,2022,"Action,Adventure,Drama",8.1,115944
tt9362930,blue beetle,2023,"Action,Adventure,Sci-Fi",5.9,115537
tt27489557,abigail,2024,"Action,Comedy,Crime",6.5,115457
tt6277462,brahmastra part one shiva,2022,"Action,Adventure,Fantasy",5.6,115414
tt31868189,happy gilmore 2,2025,"Comedy,Sport",6.1,115162
tt8108198,andhadhun,2018,"Crime,Mystery,Thriller",8.2,115155
tt4530422,overlord,2018,"Action,Horror,Sci-Fi",6.6,115022
tt11563598,a complete unknown,2024,"Biography,Drama,Music",7.3,114647
tt12412888,sonic the hedgehog 2,2022,"Action,Adventure,Comedy",6.5,114631
tt13751694,animal,2023,"Action,Crime,Drama",6.2,114069
tt9784798,judas and the black messiah,2021,"Biography,Crime,Drama",7.4,114012
tt11057302,madame web,2024,"Action,Thriller",4.1,113344
tt2709692,the grinch,2018,"Animation,Comedy,Family",6.4,113124
tt1860242,the highwaymen,2019,"Biography,Crime,Drama",6.9,112915
tt4468740,paddington 2,2017,"Adventure,Comedy,Family",7.8,112828
tt4633690,shot caller,2017,"Crime,Drama,Thriller",7.3,112698
tt5813916,the mountain ii,2016,"Action,Drama,War",8.2,112552
tt5503686,hustlers,2019,"Comedy,Crime,Drama",6.3,112492
tt20221436,emilia pérez,2024,"Crime,Drama,Musical",5.3,112471
tt4998632,ambulance,2022,"Action,Crime,Drama",6.1,112243
tt2481498,extremely wicked shockingly evil and vile,2019,"Biography,Crime,Drama",6.7,111947
tt32376165,a house of dynamite,2025,"Drama,Thriller",6.4,111857
tt2241351,money monster,2016,"Action,Crime,Drama",6.5,111797
tt5834426,moonfall,2022,"Action,Adventure,Sci-Fi",5.2,111761
tt8633478,run,2020,"Drama,Horror,Mystery",6.7,111677
tt4919268,bad boys ride or die,2024,"Action,Adventure,Comedy",6.5,111625
tt4332232,fractured,2019,"Drama,Mystery,Thriller",6.5,111405
tt4695012,it comes at night,2017,"Drama,Horror,Mystery",6.1,110455
tt1974419,the neon demon,2016,"Horror,Thriller",6.1,110441
tt3420504,finch,2021,"Adventure,Drama,Sci-Fi",6.9,110384
tt15354916,jawan,2023,"Action,Crime,Drama",6.9,110245
tt7838252,kgf chapter 1,2018,"Action,Crime,Drama",8.2,110193
tt7985704,operation fortune ruse de guerre,2023,"Action,Adventure,Comedy",6.3,109563
tt6566576,fear street part one  1994,2021,"Drama,Horror,Mystery",6.2,109176
tt7939766,im thinking of ending things,2020,"Drama,Thriller",6.5,109113
tt4682786,collateral beauty,2016,"Drama,Romance",6.8,108985
tt8580274,eurovision song contest the story of fire saga,2020,"Comedy,Music",6.5,108860
tt14444726,tár,2022,"Drama,Music",7.4,108858
tt4218572,widows,2018,"Crime,Drama,Thriller",6.8,108769
tt13274016,reptile,2023,"Crime,Drama,Mystery",6.8,108613
tt10886166,365 days,2020,"Drama,Romance",3.3,107802
tt3882082,the boy,2016,"Horror,Mystery,Thriller",6.0,107671
tt10665338,halloween kills,2021,"Action,Drama,Horror",5.5,107650
tt2592614,resident evil the final chapter,2016,"Action,Horror,Sci-Fi",5.5,107605
tt5774060,underwater,2020,"Action,Adventure,Horror",5.9,107525
tt3544112,sing street,2016,"Comedy,Drama,Music",7.9,107176
tt2274648,hellboy,2019,"Action,Adventure,Fantasy",5.3,106967
tt7456310,anna,2019,"Action,Thriller",6.7,106858
tt5478478,hostiles,2017,"Drama,Western",7.2,106552
tt10304142,amsterdam,2022,"Comedy,Drama,History",6.2,106537
tt4139588,polar,2019,"Action,Crime,Thriller",6.3,106480
tt31434639,warfare,2025,"Action,Drama,War",7.1,106251
tt11145118,creed iii,2023,"Action,Drama,Sport",6.7,106132
tt3513548,richard jewell,2019,"Biography,Crime,Drama",7.5,105978
tt8629748,spenser confidential,2020,"Action,Comedy,Crime",6.2,105893
tt3949660,teenage mutant ninja turtles out of the shadows,2016,"Action,Adventure,Animation",5.9,105889
tt8623904,last christmas,2019,"Comedy,Drama,Fantasy",6.5,105848
tt6292852,i am mother,2019,"Drama,Mystery,Sci-Fi",6.7,105588
tt12261776,65,2023,"Action,Adventure,Sci-Fi",5.4,105576
tt12758060,tetris,2023,"Biography,Drama,History",7.4,105477
tt1212428,the lost city of z,2016,"Adventure,Biography,Drama",6.6,105323
tt4287320,the circle,2017,"Drama,Mystery,Sci-Fi",5.4,105056
tt4003440,the house that jack built,2018,"Crime,Drama,Horror",6.8,105003
tt6924650,midway,2019,"Action,Drama,History",6.7,104474
tt21235248,ghostbusters frozen empire,2024,"Adventure,Comedy,Fantasy",6.1,104402
tt0837563,pet sematary,2019,"Horror,Mystery,Thriller",5.7,104396
tt1034415,suspiria,2018,"Drama,Fantasy,Horror",6.7,104392
tt27543632,the housemaid,2025,"Drama,Mystery,Thriller",6.8,104200
tt5113044,minions the rise of gru,2022,"Adventure,Animation,Comedy",6.5,104150
tt10618286,mank,2020,"Biography,Drama",6.8,103845
tt11003218,pig,2021,"Drama,Mystery",6.9,103832
tt7550000,project power,2020,"Action,Crime,Sci-Fi",6.0,103242
tt3799232,the kissing booth,2018,"Comedy,Romance",5.9,103106
tt5884796,plane,2023,"Action,Adventure,Thriller",6.5,102882
tt3522806,mechanic resurrection,2016,"Action,Adventure,Thriller",5.8,102364
tt10374610,the long walk,2025,"Horror,Thriller",6.7,102351
tt8364368,crawl,2019,"Action,Horror,Thriller",6.1,101989
tt3348730,jigsaw,2017,"Horror,Mystery,Thriller",5.7,101977
tt14257582,wolfs,2024,"Comedy,Crime,Thriller",6.5,101800
tt8695030,the dead dont die,2019,"Action,Comedy,Crime",5.4,101497
tt1293847,xxx return of xander cage,2017,"Action,Adventure,Thriller",5.2,101438
tt13375076,the popes exorcist,2023,"Horror,Thriller",6.1,101299
tt27503384,perfect days,2023,Drama,7.9,101235
tt11301886,rebel ridge,2024,"Action,Crime,Drama",6.8,101143
tt8350360,annabelle comes home,2019,"Horror,Mystery,Thriller",5.9,100811
tt9224104,meg 2 the trench,2023,"Action,Adventure,Horror",5.0,100700
tt6878306,news of the world,2020,"Action,Adventure,Drama",6.8,100698
tt4682266,the new mutants,2020,"Action,Horror,Mystery",5.3,100593
tt5028340,mary poppins returns,2018,"Adventure,Comedy,Family",6.6,100456
tt1413492,12 strong,2018,"Action,Drama,History",6.5,100234
tt6467266,sing 2,2021,"Adventure,Animation,Comedy",7.3,100128
tt2823054,mike and dave need wedding dates,2016,"Comedy,Romance",6.0,100126
tt1961175,american assassin,2017,"Action,Thriller",6.2,99982
tt1679335,trolls,2016,"Adventure,Animation,Comedy",6.4,99848
tt9389998,pushpa the rise  part 1,2021,"Action,Crime,Drama",7.6,99643
tt9214772,monkey man,2024,"Action,Crime,Thriller",6.8,99090
tt11032374,demon slayer kimetsu no yaiba  the movie mugen train,2020,"Action,Adventure,Animation",8.2,99053
tt15009428,argylle,2024,"Action,Comedy,Thriller",5.6,99014
tt3691740,the bfg,2016,"Adventure,Family,Fantasy",6.3,98941
tt1292566,how to be single,2016,"Comedy,Drama,Romance",6.1,98848
tt10655524,it ends with us,2024,"Drama,Romance",6.3,98585
tt13314558,day shift,2022,"Action,Comedy,Fantasy",6.1,98536
tt3416532,a monster calls,2016,"Adventure,Drama,Family",7.4,98493
tt5220122,hotel transylvania 3 summer vacation,2018,"Adventure,Animation,Comedy",6.3,98464
tt2568862,going in style,2017,"Comedy,Crime",6.6,98349
tt6998518,mandy,2018,"Action,Fantasy,Horror",6.5,98245
tt5215952,the wailing,2016,"Drama,Horror",7.4,97415
tt13024674,army of thieves,2021,"Action,Comedy,Crime",6.4,97280
tt7886848,sadak 2,2020,"Action,Drama",1.2,97175
tt21807222,saw x,2023,"Horror,Mystery,Thriller",6.6,96331
tt5294550,all the money in the world,2017,"Biography,Crime,Drama",6.8,96072
tt4954522,raw,2016,"Drama,Horror",6.9,96001
tt6472976,five feet apart,2019,"Drama,Romance",7.2,95956
tt1241317,death note,2017,"Crime,Drama,Fantasy",4.5,95556
tt8155288,happy death day 2u,2019,"Comedy,Horror,Mystery",6.2,95200
tt5093026,papillon,2017,"Adventure,Biography,Crime",7.2,95085
tt5247022,paterson,2016,"Comedy,Drama,Romance",7.3,95026
tt0899043,the amateur,2025,"Action,Thriller",6.5,94641
tt8075192,shoplifters,2018,"Crime,Drama,Thriller",7.9,94535
tt22898462,the conjuring last rites,2025,"Horror,Mystery,Thriller",6.2,94528
tt1711525,office christmas party,2016,Comedy,5.9,94072
tt10539608,the midnight sky,2020,"Adventure,Drama,Sci-Fi",5.7,93977
tt11464826,the social dilemma,2020,"Documentary,Drama",7.6,93921
tt2990140,the christmas chronicles,2018,"Adventure,Comedy,Family",7.0,93848
tt5688932,sorry to bother you,2018,"Comedy,Drama,Fantasy",6.9,93762
tt4281724,terrifier,2016,Horror,5.5,93676
tt3224458,a beautiful day in the neighborhood,2019,"Biography,Drama,Family",7.2,93646
tt4560436,mile 22,2018,"Action,Crime,Thriller",6.1,93236
tt6513120,fighting with my family,2019,"Biography,Comedy,Drama",7.0,92846
tt21942866,dream scenario,2023,"Comedy,Drama,Fantasy",6.8,92569
tt5657846,daddys home 2,2017,Comedy,6.1,92096
tt11655566,lilo  stitch,2025,"Action,Adventure,Comedy",6.7,92000
tt3387520,scary stories to tell in the dark,2019,"Adventure,Horror,Mystery",6.2,91741
tt13403046,fresh,2022,"Comedy,Horror,Romance",6.7,91614
tt2531344,blockers,2018,"Comedy,Drama",6.2,91561
tt27714946,the monkey,2025,Horror,5.9,91166
tt11555492,farha,2021,Drama,8.0,91084
tt1473832,bridget joness baby,2016,"Comedy,Drama,Romance",6.4,90889
tt3829920,only the brave,2017,"Action,Biography,Drama",7.6,90729
tt1634106,bloodshot,2020,"Action,Adventure,Sci-Fi",5.7,90706
tt30988739,black bag,2025,"Drama,Mystery,Romance",6.7,90552
tt10579952,master,2021,"Action,Crime,Drama",7.4,90533
tt4575576,christopher robin,2018,"Adventure,Comedy,Drama",7.2,90346
tt6921996,johnny english strikes again,2018,"Action,Adventure,Comedy",6.2,90232
tt30253473,materialists,2025,"Comedy,Drama,Romance",6.2,89998
tt4273800,the good nurse,2022,"Biography,Crime,Drama",6.8,89831
tt9701940,fear street part two  1978,2021,"Drama,Horror,Mystery",6.7,89757
tt6111574,the woman in the window,2021,"Crime,Drama,Mystery",5.7,89620
tt26443597,zootopia 2,2025,"Action,Adventure,Animation",7.4,89376
tt8110652,bodies bodies bodies,2022,"Comedy,Horror,Mystery",6.2,89261
tt6977338,good boys,2019,"Adventure,Comedy",6.7,89233
tt7638348,boss level,2020,"Action,Adventure,Comedy",6.8,89158
tt8359848,climax,2018,"Drama,Horror,Music",6.9,89131
tt8368406,vivarium,2019,"Horror,Mystery,Sci-Fi",5.9,89069
tt3661210,the dig,2021,"Biography,Drama,History",7.1,88923
tt9179430,vikram,2022,"Action,Crime,Thriller",8.3,88721
tt4540710,miss sloane,2016,Drama,7.5,88258
tt2226597,the mountain between us,2017,"Drama,Thriller",6.4,88074
tt3861390,dumbo,2019,"Adventure,Animation,Family",6.2,87987
tt6679794,outlaw king,2018,"Action,Biography,Drama",6.9,87599
tt9866072,holidate,2020,"Comedy,Romance",6.2,87596
tt5613484,mid90s,2018,"Comedy,Drama",7.4,87135
tt6663582,the spy who dumped me,2018,"Action,Adventure,Comedy",6.1,86907
tt1619029,jackie,2016,"Biography,Drama",6.6,86839
tt3083016,beverly hills cop axel f,2024,"Action,Comedy,Crime",6.4,86568
tt7775622,free solo,2018,"Adventure,Documentary,Sport",8.1,86501
tt7014006,eighth grade,2018,"Comedy,Drama",7.3,86474
tt2649554,midnight special,2016,"Drama,Mystery,Sci-Fi",6.6,86453
tt3554046,space jam a new legacy,2021,"Adventure,Animation,Comedy",4.5,86331
tt2452386,the fundamentals of caring,2016,"Comedy,Drama",7.3,86279
tt10059518,unhinged,2020,"Action,Thriller",6.0,86214
tt4532826,robin hood,2018,"Action,Adventure,Drama",5.4,86076
tt6265828,a ghost story,2017,"Drama,Fantasy,Mystery",6.8,86074
tt1753383,a dogs purpose,2017,"Adventure,Comedy,Drama",7.3,85891
tt3717252,underworld blood wars,2016,"Action,Fantasy,Thriller",5.8,85733
tt29603959,novocaine,2025,"Action,Comedy,Crime",6.5,85632
tt14114802,the outfit,2022,"Crime,Drama,Mystery",7.2,85615
tt15428134,dunki,2023,"Action,Adventure,Comedy",6.5,85415
tt7282468,burning,2018,"Drama,Mystery,Thriller",7.4,85086
tt3416828,ice age collision course,2016,"Action,Adventure,Animation",5.7,85046
tt5033998,charlies angels,2019,"Action,Adventure,Comedy",5.0,84662
tt22048412,maxxxine,2024,"Crime,Horror",6.2,84634
tt1355631,the infiltrator,2016,"Biography,Crime,Drama",7.0,84604
tt4513674,café society,2016,"Comedy,Drama,Romance",6.6,84547
tt3513498,the lego movie 2 the second part,2019,"Adventure,Animation,Comedy",6.5,84392
tt29768334,train dreams,2025,Drama,7.5,84371
tt5719748,cold pursuit,2019,"Action,Comedy,Crime",6.2,84256
tt4916630,just mercy,2019,"Biography,Crime,Drama",7.6,84126
tt7766378,the electric state,2025,"Action,Adventure,Comedy",5.9,83039
tt9466114,the idea of you,2024,"Comedy,Drama,Music",6.3,82954
tt9347730,candyman,2021,"Horror,Thriller",5.9,82914
tt15255288,murder mystery 2,2023,"Action,Adventure,Comedy",5.7,82911
tt14107334,the running man,2025,"Action,Adventure,Sci-Fi",6.4,82890
tt20850406,sita ramam,2022,"Action,Drama,Musical",8.5,82887
tt1137450,death wish,2018,"Action,Crime,Drama",6.3,82872
tt12001534,the thursday murder club,2025,"Comedy,Crime,Mystery",6.5,82736
tt5657856,brawl in cell block 99,2017,"Crime,Drama,Thriller",7.1,82645
tt8093700,the woman king,2022,"Action,Drama,History",6.9,82498
tt4995790,the square,2017,"Comedy,Drama",7.1,82448
tt4477536,fifty shades freed,2018,"Drama,Mystery,Romance",4.6,82437
tt10554232,dara of jasenovac,2020,"Drama,War",8.0,82315
tt10665342,halloween ends,2022,"Horror,Mystery,Romance",5.0,82214
tt4361050,ouija origin of evil,2016,"Drama,Horror,Mystery",6.2,81749
tt12536294,spencer,2021,"Biography,Drama",6.5,81649
tt9686708,the king of staten island,2020,"Comedy,Drama",7.1,81591
tt1712261,triple 9,2016,"Action,Crime,Drama",6.3,81348
tt8291224,uri the surgical strike,2019,"Action,Drama,History",8.2,81294
tt10403420,terrifier 2,2022,Horror,6.0,81281
tt8368512,the courier,2020,"Drama,History,Mystery",7.2,81255
tt6246322,dont breathe 2,2021,"Action,Crime,Horror",6.0,81216
tt1608290,zoolander 2,2016,"Action,Adventure,Comedy",4.7,81209
tt13186482,mufasa the lion king,2024,"Adventure,Animation,Drama",6.6,81154
tt9531772,sooryavanshi,2021,"Action,Crime,Drama",5.8,81151
tt9100054,the lost daughter,2021,Drama,6.7,81054
tt10919380,freaky,2020,"Comedy,Horror,Thriller",6.3,81009
tt6802400,coming 2 america,2021,"Comedy,Music",5.3,80810
tt14109724,ticket to paradise,2022,"Comedy,Drama,Romance",6.1,80719
tt8688634,21 bridges,2019,"Action,Adventure,Crime",6.7,80329
tt1846589,hunter killer,2018,"Action,Thriller",6.6,80270
tt10160976,the nun ii,2023,"Horror,Mystery,Thriller",5.6,80206
tt26548265,maharaja,2024,"Action,Crime,Drama",8.3,80158
tt8912936,dc league of superpets,2022,"Action,Adventure,Animation",6.8,79713
tt1448754,thanksgiving,2023,"Horror,Mystery,Thriller",6.2,79712
tt21692408,kung fu panda 4,2024,"Action,Adventure,Animation",6.3,79696
tt5726086,insidious the last key,2018,"Horror,Mystery,Thriller",5.7,79509
tt30057084,babygirl,2024,"Drama,Romance,Thriller",5.8,79493
tt15326988,ghosted,2023,"Action,Adventure,Comedy",5.8,79419
tt8790086,kraven the hunter,2024,"Action,Adventure,Thriller",5.5,79012
tt4877122,the emoji movie,2017,"Adventure,Animation,Comedy",3.5,78965
tt24268454,the kerala story,2023,Drama,6.7,78834
tt26932223,bhool bhulaiyaa 3,2024,"Comedy,Fantasy,Horror",4.6,78789
tt8115900,the bad guys,2022,"Adventure,Animation,Comedy",6.9,78524
tt6673612,dolittle,2020,"Adventure,Comedy,Family",5.6,78507
tt14509110,no one will save you,2023,"Horror,Mystery,Sci-Fi",6.2,78480
tt13927994,salaar,2023,"Action,Crime,Drama",6.7,78340
tt12262116,thirteen lives,2022,"Biography,Drama,Thriller",7.8,78255
tt5461944,hotel mumbai,2018,"Action,Drama,History",7.6,78187
tt3215824,those who wish me dead,2021,"Action,Drama,Thriller",6.0,78176
tt28996126,nobody 2,2025,"Action,Comedy,Crime",6.3,78103
tt4765284,pitch perfect 3,2017,"Comedy,Music",5.8,78003
tt1655389,blonde,2022,"Drama,History",5.4,77996
tt6214928,1922,2017,"Crime,Drama,Horror",6.2,77981
tt21192142,all of us strangers,2023,"Drama,Romance",7.6,77970
tt18259086,sonic the hedgehog 3,2024,"Action,Adventure,Comedy",6.9,77900
tt6133466,the first purge,2018,"Action,Horror,Sci-Fi",5.2,77852
tt13521006,beau is afraid,2023,"Comedy,Drama,Horror",6.6,77829
tt5113040,the secret life of pets 2,2019,"Adventure,Animation,Comedy",6.4,77573
tt13841850,men,2022,"Drama,Fantasy,Horror",6.0,77531
tt8589698,teenage mutant ninja turtles mutant mayhem,2023,"Action,Adventure,Animation",7.2,77438
tt14992922,the tinder swindler,2022,"Crime,Documentary",7.1,77399
tt9731534,the night house,2020,"Horror,Mystery,Thriller",6.4,77181
tt10514222,ma raineys black bottom,2020,"Drama,Music",6.9,77179
tt10696784,the harder they fall,2021,"Action,Drama,Western",6.6,77122
tt6902676,guns akimbo,2019,"Action,Comedy,Crime",6.3,77077
tt2452244,isnt it romantic,2019,"Comedy,Fantasy,Musical",5.9,76904
tt4901306,perfect strangers,2016,"Comedy,Drama,Thriller",7.7,76895
tt7510222,despicable me 4,2024,"Adventure,Animation,Comedy",6.2,76891
tt1758810,the snowman,2017,"Crime,Drama,Horror",5.2,76783
tt7737528,kate,2021,"Action,Adventure,Crime",6.3,76519
tt21454134,the bikeriders,2023,"Crime,Drama",6.6,76448
tt10342730,spiral,2021,"Horror,Mystery,Thriller",5.2,76440
tt11976134,singham again,2024,"Action,Crime,Drama",4.3,76094
tt14039582,drive my car,2021,Drama,7.5,75861
tt6850820,peppermint,2018,"Action,Thriller",6.5,75521
tt8637428,the farewell,2019,"Comedy,Drama",7.5,75363
tt4169250,ms dhoni the untold story,2016,"Biography,Drama,Sport",8.0,75327
tt6079516,i see you,2019,"Horror,Mystery,Thriller",6.8,75246
tt4126476,after,2019,"Drama,Romance",5.3,75225
tt12735488,kalki 2898 ad,2024,"Action,Adventure,Sci-Fi",7.0,75204
tt4971344,the sisters brothers,2018,"Drama,Western",6.9,75130
tt11655202,riders of justice,2020,"Action,Comedy,Drama",7.5,74999
tt9701942,fear street part three  1666,2021,"Horror,Mystery",6.6,74993
tt5304992,set it up,2018,"Comedy,Romance",6.5,74830
tt9150192,a working man,2025,"Action,Thriller",5.7,74814
tt10280276,coolie no 1,2020,"Action,Comedy,Romance",4.2,74768
tt3014866,criminal,2016,"Action,Sci-Fi,Thriller",6.3,74596
tt6475714,monster hunter,2020,"Action,Adventure,Fantasy",5.2,74552
tt5988370,reis,2017,"Biography,Drama",1.0,74549
tt2025690,the finest hours,2016,"Action,Drama,History",6.7,74382
tt3716530,elle,2016,"Action,Crime,Drama",7.1,74270
tt4680182,colossal,2016,"Comedy,Drama,Fantasy",6.2,73906
tt1800302,gold,2016,"Biography,Crime,Drama",6.7,73905
tt8239946,tumbbad,2018,"Drama,Fantasy,Horror",8.2,73902
tt3960412,popstar never stop never stopping,2016,"Comedy,Drama,Music",6.7,73768
tt6604188,tron ares,2025,"Action,Adventure,Sci-Fi",6.2,73750
tt6772950,truth or dare,2018,"Horror,Mystery,Thriller",5.3,73434
tt15654328,leo,2023,"Action,Crime,Drama",7.2,73405
tt7737800,woman of the hour,2023,"Crime,Drama,Mystery",6.6,73236
tt13640696,see how they run,2022,"Comedy,Crime,Mystery",6.5,73193
tt10365998,infinity pool,2023,"Crime,Horror,Mystery",6.0,72988
tt1493274,caught stealing,2025,"Action,Comedy,Crime",6.9,72916
tt4687108,in the tall grass,2019,"Horror,Mystery,Sci-Fi",5.5,72858
tt14905854,hamnet,2025,"Biography,Drama,History",7.9,72753
tt10168670,bones and all,2022,"Drama,Horror,Romance",6.8,72715
tt9783600,spiderhead,2022,"Action,Crime,Drama",5.5,72534
tt13651794,may december,2023,"Comedy,Drama",6.7,72412
tt3155298,luther the fallen sun,2023,"Action,Crime,Drama",6.4,72058
tt4624424,storks,2016,"Adventure,Animation,Comedy",6.8,71999
tt9198364,three thousand years of longing,2022,"Drama,Fantasy,Romance",6.7,71988
tt9052870,chhichhore,2019,"Comedy,Drama,Romance",8.3,71945
tt1298644,the hustle,2019,"Comedy,Crime",5.5,71937
tt8368368,the apprentice,2024,"Biography,Drama,History",7.1,71820
tt2387499,keeping up with the joneses,2016,"Action,Comedy",5.9,71815
tt31184028,together,2025,"Horror,Romance",6.7,71423
tt4761112,the mauritanian,2021,"Biography,Drama,Thriller",7.5,71405
tt4244998,alpha,2018,"Adventure,Drama",6.6,71404
tt10855768,missing,2023,"Drama,Mystery,Thriller",7.1,71189
tt6920084,resident evil welcome to raccoon city,2021,"Action,Horror,Sci-Fi",5.2,71056
tt9214832,emma,2020,"Comedy,Drama,Romance",6.7,70932
tt6908274,mirage,2018,"Drama,Fantasy,Mystery",7.4,70787
tt6398184,downton abbey,2019,"Drama,Romance",7.4,70749
tt27131358,we live in time,2024,"Drama,Romance",7.0,70691
tt5672290,the first omen,2024,Horror,6.5,70659
tt3647498,blood father,2016,"Action,Crime,Drama",6.4,70658
tt12888462,my octopus teacher,2020,"Documentary,Drama",8.1,70620
tt3272066,reminiscence,2021,"Mystery,Romance,Sci-Fi",5.9,70595
tt2180339,deep water,2022,"Crime,Drama,Mystery",5.5,70553
tt3411444,ferdinand,2017,"Adventure,Animation,Comedy",6.7,70540
tt28075881,do patti,2024,"Crime,Drama,Mystery",6.3,70481
tt0499097,without remorse,2021,"Action,Drama,Thriller",5.8,70410
tt4614584,purple hearts,2022,"Drama,Music,Romance",6.7,70254
tt7958736,ma,2019,"Horror,Mystery,Thriller",5.6,70234
tt22408160,kinds of kindness,2024,"Comedy,Drama,Horror",6.4,70140
tt3758172,jungle,2017,"Adventure,Biography,Drama",6.7,70092
tt6654210,infinite,2021,"Action,Sci-Fi,Thriller",5.5,70059
tt3892172,leave no trace,2018,"Adventure,Drama",7.1,70047
tt2106651,spectral,2016,"Action,Adventure,Sci-Fi",6.3,70019
tt11755740,texas chainsaw massacre,2022,"Crime,Drama,Horror",4.7,69656
tt27719898,kaiva,2023,"Action,Drama,Romance",7.6,69629
tt1987680,the upside,2017,"Comedy,Drama",7.1,69559
tt6571548,the white tiger,2021,"Crime,Drama",7.1,69513
tt1001520,the last voyage of the demeter,2023,"Fantasy,Horror,Thriller",6.1,69431
tt2388771,mowgli legend of the jungle,2018,"Adventure,Drama,Fantasy",6.5,69083
tt5535276,maestro,2023,"Biography,Drama,History",6.5,69083
tt6742252,the guilty,2018,"Crime,Drama,Thriller",7.5,68916
tt9426210,weathering with you,2019,"Animation,Drama,Fantasy",7.5,68898
tt7043012,velvet buzzsaw,2019,"Horror,Mystery,Thriller",5.7,68697
tt4547056,the girl with all the gifts,2016,"Action,Adventure,Drama",6.6,68661
tt5186714,the salesman,2016,"Drama,Thriller",7.7,68476
tt10752004,love hard,2021,"Comedy,Romance",6.3,68443
tt8110232,the many saints of newark,2021,"Crime,Drama",6.3,68246
tt26736843,the watchers,2024,"Fantasy,Horror,Mystery",5.7,68161
tt11426232,totally killer,2023,"Comedy,Horror,Mystery",6.5,68080
tt5168192,i daniel blake,2016,Drama,7.8,68062
tt13603966,heart of stone,2023,"Action,Crime,Thriller",5.7,67913
tt1124037,free state of jones,2016,"Action,Biography,Drama",6.9,67910
tt8526872,dolemite is my name,2019,"Biography,Comedy,Drama",7.2,67909
tt9844522,escape room tournament of champions,2021,"Action,Adventure,Horror",5.8,67898
tt8784956,ava,2020,"Action,Crime,Drama",5.5,67826
tt12477480,decision to leave,2022,"Crime,Drama,Mystery",7.3,67823
tt3262342,loving vincent,2017,"Animation,Drama,Mystery",7.8,67791
tt10682266,hubie halloween,2020,"Comedy,Horror,Mystery",5.3,67765
tt21867434,blackberry,2023,"Biography,Comedy,Drama",7.3,67745
tt14123284,havoc,2025,"Action,Crime,Drama",5.6,67597
tt22375054,strange darling,2023,"Horror,Thriller",7.0,67528
tt5710514,i dont feel at home in this world anymore,2017,"Comedy,Crime,Drama",6.9,67358
tt2869728,ride along 2,2016,"Action,Comedy,Crime",5.9,67079
tt6053438,first reformed,2017,"Drama,Mystery,Thriller",7.1,67068
tt6452574,sanju,2018,"Biography,Comedy,Drama",7.6,67067
tt14826022,you people,2023,"Comedy,Romance",5.5,66997
tt8110640,in the shadow of the moon,2019,"Action,Crime,Mystery",6.2,66975
tt8291806,pain and glory,2019,Drama,7.5,66837
tt3758542,ferrari,2023,"Biography,Drama,History",6.4,66822
tt10083340,gangubai kathiawadi,2022,"Biography,Crime,Drama",7.8,66764
tt15255876,emily the criminal,2022,"Crime,Drama,Thriller",6.7,66725
tt1082807,the belko experiment,2016,"Action,Horror,Thriller",6.2,66482
tt13357520,heads of state,2025,"Action,Adventure,Comedy",6.4,66404
tt7130300,the woman in cabin 10,2025,"Drama,Mystery,Thriller",5.8,66277
tt11671006,the man from toronto,2022,"Action,Adventure,Comedy",5.8,66252
tt7374948,always be my maybe,2019,"Comedy,Romance",6.7,66238
tt5610554,tully,2018,"Comedy,Drama,Mystery",6.9,66079
tt16539454,pushpa the rule  part 2,2024,"Action,Crime,Drama",6.1,65988
tt0385887,motherless brooklyn,2019,"Crime,Drama,Mystery",6.8,65933
tt5592248,the beguiled,2017,"Drama,History,Thriller",6.3,65874
tt11214558,the smashing machine,2025,"Action,Biography,Drama",6.3,65816
tt6306064,adrift,2018,"Action,Adventure,Biography",6.6,65715
tt21191806,back in action,2025,"Action,Comedy",5.9,65679
tt6217306,apostle,2018,"Drama,Fantasy,Horror",6.3,65639
tt29567915,nuremberg,2025,"Biography,Drama,History",7.4,65618
tt10944760,titane,2021,"Drama,Horror,Sci-Fi",6.4,65589
tt2461150,masterminds,2016,"Biography,Comedy,Crime",5.8,65496
tt11152168,if,2024,"Animation,Comedy,Drama",6.4,65431
tt4913966,the curse of la llorona,2019,"Horror,Mystery,Thriller",5.3,65418
tt32820897,demon slayer kimetsu no yaiba infinity castle,2025,"Action,Adventure,Animation",8.4,65380
tt4853102,batman the killing joke,2016,"Action,Animation,Crime",6.4,65338
tt6543652,cold war,2018,"Drama,Music,Romance",7.5,65131
tt13664684,karthikeya 2,2022,"Action,Adventure,Fantasy",7.8,65130
tt2932536,47 meters down,2017,"Horror,Mystery,Thriller",5.6,64997
tt30840798,the phoenician scheme,2025,"Action,Comedy,Crime",6.6,64980
tt9288046,the sea beast,2022,"Action,Adventure,Animation",7.0,64766
tt7347846,the lodge,2019,"Drama,Horror,Mystery",6.0,64362
tt6738136,revenge,2017,"Action,Drama,Horror",6.4,64307
tt5073642,color out of space,2019,"Horror,Mystery,Sci-Fi",6.1,64229
tt2788732,petes dragon,2016,"Action,Adventure,Comedy",6.7,64182
tt10172266,red white  royal blue,2023,"Comedy,Romance",7.0,64121
tt1374989,pride and prejudice and zombies,2016,"Action,Comedy,Fantasy",5.8,64100
tt2937696,everybody wants some,2016,Comedy,6.9,63924
tt7504726,the call of the wild,2020,"Adventure,Drama,Family",6.7,63803
tt10696896,stillwater,2021,"Crime,Drama,Mystery",6.6,63572
tt0983946,fantasy island,2020,"Fantasy,Horror,Mystery",4.9,63506
tt13669038,women talking,2022,Drama,6.9,63413
tt4622512,battle of the sexes,2017,"Biography,Comedy,Drama",6.7,63362
tt19637052,love lies bleeding,2024,"Crime,Drama,Mystery",6.6,63215
tt1838556,honest thief,2020,"Action,Crime,Drama",6.0,63185
tt5246700,how it ends,2018,"Action,Drama,Horror",5.1,63134
tt23137904,rebel moon  part two the scargiver,2024,"Action,Adventure,Drama",5.3,63128
tt2076822,chaos walking,2021,"Action,Adventure,Drama",5.7,63100
tt6820256,arctic,2018,"Adventure,Drama",6.8,63088
tt30955489,until dawn,2025,"Drama,Horror,Mystery",5.7,63027
tt8864596,transformers one,2024,"Action,Adventure,Animation",7.6,63020
tt16431870,the family plan,2023,"Action,Comedy",6.3,63007
tt13405778,insidious the red door,2023,"Horror,Mystery,Thriller",5.5,62944
tt14253846,speak no evil,2022,"Drama,Horror,Mystery",6.7,62933
tt2547584,the light between oceans,2016,"Drama,Romance",7.2,62854
tt14107554,dasvi,2022,"Comedy,Drama",7.3,62583
tt5814534,spies in disguise,2019,"Action,Adventure,Animation",6.8,62260
tt6359956,a bad moms christmas,2017,Comedy,5.6,62242
tt13957560,dumb money,2023,"Biography,Comedy,Drama",6.8,62176
tt5834262,hotel artemis,2018,"Action,Crime,Drama",6.1,62127
tt2361317,live by night,2016,"Action,Crime,Drama",6.4,62099
tt4136084,florence foster jenkins,2016,"Biography,Comedy,Drama",6.8,62068
tt12908150,the life of chuck,2024,"Drama,Fantasy,Sci-Fi",7.3,62066
tt4463894,shaft,2019,"Action,Comedy,Crime",6.4,61993
tt10431500,miracle in cell no 7,2019,Drama,8.2,61912
tt9263550,rocketry the nambi effect,2022,"Biography,Drama",8.6,61911
tt5116302,togo,2019,"Adventure,Biography,Drama",7.9,61734
tt3201640,extinction,2018,"Action,Drama,Sci-Fi",5.8,61674
tt6491178,dragged across concrete,2018,"Action,Crime,Drama",6.9,61645
tt27911000,terrifier 3,2024,Horror,6.2,61542
tt4387040,airlift,2016,"Drama,History",7.9,61386
tt16428256,suzume,2022,"Adventure,Animation,Drama",7.6,61309
tt19500164,nimona,2023,"Action,Adventure,Animation",7.5,61306
tt4627382,roofman,2025,"Biography,Crime,Drama",7.0,61195
tt1660648,ricky stanicky,2024,Comedy,6.2,61110
tt5500218,samaritan,2022,"Action,Drama,Fantasy",5.7,61046
tt12004038,watcher,2022,"Drama,Horror,Mystery",6.3,60848
tt6772802,hillbilly elegy,2020,"Biography,Drama",6.7,60689
tt2850386,the croods a new age,2020,"Adventure,Animation,Comedy",6.9,60658
tt26625693,the order,2024,"Crime,Drama,Thriller",6.8,60478
tt5968394,captive state,2019,"Sci-Fi,Thriller",6.0,60349
tt1691916,before i fall,2017,"Drama,Fantasy,Mystery",6.4,60256
tt8663516,childs play,2019,"Drama,Horror,Sci-Fi",5.7,60249
tt5431890,official secrets,2019,"Biography,Crime,Drama",7.3,60214
tt6791096,i feel pretty,2018,"Comedy,Romance",5.7,60209
tt0800325,the dirt,2019,"Biography,Comedy,Drama",7.0,60165
tt6402468,blood red sky,2021,"Action,Drama,Horror",6.1,60094
tt7057496,forgotten,2017,"Crime,Mystery,Thriller",7.4,60092
tt2328900,mary queen of scots,2018,"Biography,Drama,History",6.3,60086
tt16300962,when evil lurks,2023,Horror,6.9,60038
tt14331144,jujutsu kaisen 0,2021,"Action,Animation,Fantasy",7.8,59955
tt11161474,pieces of a woman,2020,Drama,7.0,59912
tt23137390,immaculate,2024,"Horror,Thriller",5.8,59888
tt4595186,luckiest girl alive,2022,"Drama,Mystery,Thriller",6.4,59832
tt5691670,under the silver lake,2018,"Crime,Mystery,Thriller",6.5,59770
tt10350922,laxmii,2020,"Action,Comedy,Horror",2.6,59722
tt10999120,spirited,2022,"Comedy,Family,Fantasy",6.6,59362
tt19847976,wicked for good,2025,"Drama,Family,Fantasy",6.7,59357
tt11024272,the babysitter killer queen,2020,"Comedy,Horror",5.8,59288
tt2119543,the house with a clock in its walls,2018,"Comedy,Family,Fantasy",6.1,59253
tt14856980,atlas,2024,"Action,Adventure,Drama",5.6,59230
tt7060344,raatchasan,2018,"Crime,Drama,Mystery",8.3,59196
tt11909878,hocus pocus 2,2022,"Comedy,Family,Fantasy",6.0,58992
tt5697572,cats,2019,"Comedy,Drama,Family",2.8,58911
tt3553442,whiskey tango foxtrot,2016,"Biography,Comedy,Drama",6.6,58880
tt5541240,to the bone,2017,Drama,6.7,58846
tt4190530,anthropoid,2016,"Action,Drama,History",7.2,58801
tt21626284,lost ladies,2023,"Comedy,Drama",8.3,58797
tt5390504,detroit,2017,"Crime,Drama,History",7.3,58792
tt4832640,sultan,2016,"Action,Drama,Romance",7.1,58612
tt4799050,rough night,2017,Comedy,5.2,58602
tt3922818,the space between us,2017,"Drama,Romance,Sci-Fi",6.4,58593
tt4595882,can you ever forgive me,2018,"Biography,Comedy,Crime",7.1,58535
tt36463894,predator killer of killers,2025,"Action,Adventure,Animation",7.4,58484
tt9115530,the eyes of tammy faye,2021,"Biography,Drama,Romance",6.6,58406
tt11116912,troll,2022,"Action,Adventure,Drama",5.8,58338
tt7549996,judy,2019,"Biography,Drama,Music",6.8,58158
tt7139936,a rainy day in new york,2019,"Comedy,Romance",6.4,57969
tt6333060,icarus,2017,"Documentary,Sport",7.9,57870
tt12610390,the union,2024,"Action,Comedy,Thriller",5.5,57739
tt8426926,shamshera,2022,"Action,Adventure,Drama",4.7,57726
tt5865326,the laundromat,2019,"Comedy,Crime,Drama",6.3,57723
tt1896747,fly me to the moon,2024,"Comedy,Romance",6.6,57660
tt19864802,land of bad,2024,"Action,Thriller",6.6,57633
tt28037987,saiyaara,2025,"Drama,Musical,Romance",6.3,57629
tt6259380,code 8,2019,"Action,Crime,Drama",6.1,57585
tt1289403,the guernsey literary and potato peel pie society,2018,"Drama,Romance,War",7.3,57554
tt9777644,da 5 bloods,2020,"Adventure,Drama,War",6.5,57360
tt2396589,mudbound,2017,"Drama,War",7.4,57289
tt17527468,bottoms,2023,Comedy,6.7,57196
tt5783956,when we first met,2018,"Comedy,Fantasy,Romance",6.4,56884
tt7825208,marighella,2019,"Action,Biography,Drama",7.1,56829
tt4978420,borderlands,2024,"Action,Adventure,Comedy",4.7,56650
tt4769836,the doover,2016,"Action,Adventure,Comedy",5.7,56627
tt13327038,do revenge,2022,"Comedy,Drama,Romance",6.3,56592
tt5536736,the meyerowitz stories,2017,"Comedy,Drama",6.9,56566
tt3758814,the ice road,2021,"Action,Adventure,Thriller",5.7,56518
tt1086064,bill  ted face the music,2020,"Adventure,Comedy,Music",5.9,56415
tt8544498,the way back,2020,"Drama,Sport",6.7,56390
tt9203694,stowaway,2021,"Adventure,Sci-Fi,Thriller",5.7,56330
tt10275534,to catch a killer,2023,"Action,Crime,Drama",6.6,56312
tt18411490,tiger 3,2023,"Action,Adventure,Thriller",5.6,56280
tt22297828,chor nikal ke bhaga,2023,"Crime,Drama,Thriller",7.2,56277
tt8236336,the report,2019,"Biography,Crime,Drama",7.2,56275
tt3986820,the endless,2017,"Horror,Mystery,Sci-Fi",6.5,56268
tt27744786,shaitaan,2024,"Drama,Horror,Thriller",6.5,56138
tt4712810,now you see me now you dont,2025,"Crime,Thriller",5.9,56025
tt3174376,before i wake,2016,"Drama,Fantasy,Horror",6.2,55890
tt26470109,oddity,2024,"Horror,Thriller",6.7,55887
tt1321510,in the heights,2021,"Drama,Musical,Romance",7.2,55590
tt27459160,teri baaton mein aisa uljha jiya,2024,"Comedy,Drama,Romance",6.2,55521
tt7315484,the silence,2019,"Drama,Horror,Sci-Fi",5.4,55483
tt8368408,gunpowder milkshake,2021,"Action,Crime,Thriller",6.1,55460
tt11127680,boiling point,2021,"Drama,Thriller",7.5,55429
tt5177088,the girl in the spiders web,2018,"Action,Adventure,Crime",6.1,55290
tt7557108,saint maud,2019,"Drama,Horror,Mystery",6.6,55265
tt0887261,hellraiser,2022,"Horror,Mystery,Thriller",5.9,55198
tt6148156,vikram vedha,2017,"Action,Crime,Drama",8.2,55137
tt7125860,if beale street could talk,2018,"Drama,Romance",7.1,54920
tt11657662,the witcher nightmare of the wolf,2021,"Action,Adventure,Animation",7.2,54894
tt2368619,the take,2016,"Action,Adventure,Crime",6.4,54893
tt27714581,sentimental value,2025,Drama,7.8,54862
tt4139124,keanu,2016,"Action,Comedy,Crime",6.2,54826
tt4048272,toni erdmann,2016,"Comedy,Drama",7.3,54811
tt3291150,the expendables 4,2023,"Action,Adventure,Thriller",4.8,54752
tt5932728,the professor and the madman,2019,"Biography,Drama,History",7.2,54735
tt15257160,pain hustlers,2023,"Crime,Drama",6.6,54656
tt3405236,raees,2017,"Action,Crime,Drama",6.6,54609
tt11466222,jackass forever,2022,"Action,Comedy,Documentary",6.8,54608
tt29644189,black phone 2,2025,Horror,6.1,54518
tt26439764,kantara a legend  chapter 1,2025,"Action,Drama,Fantasy",8.1,54481
tt9412098,fyre,2019,"Crime,Documentary,Music",7.2,54469
tt7734218,stuber,2019,"Action,Comedy,Crime",6.2,54343
tt10620868,alive,2020,"Action,Drama,Horror",6.3,54324
tt8508734,his house,2020,"Drama,Horror,Thriller",6.4,54212
tt5563334,the good liar,2019,"Crime,Drama,Mystery",6.7,54109
tt32149847,drop,2025,"Drama,Mystery,Thriller",6.1,53976
tt9637132,samrat prithviraj,2022,"Action,Drama,History",5.5,53953
tt12680684,the hand of god,2021,Drama,7.3,53937
tt13818368,fighter,2024,"Action,Drama",6.2,53931
tt2039338,flatliners,2017,"Drama,Horror,Mystery",5.2,53921
tt0493405,chips,2017,"Action,Comedy,Crime",6.0,53893
tt31176520,eddington,2025,"Comedy,Drama,Western",6.6,53886
tt5208252,operation finale,2018,"Biography,Drama,History",6.6,53684
tt22041854,priscilla,2023,"Biography,Drama,Music",6.4,53661
tt31712434,sikandar,2025,"Action,Drama",3.6,53615
tt11851548,orphan first kill,2022,"Crime,Drama,Horror",5.9,53591
tt3881784,stronger,2017,"Biography,Drama",6.9,53537
tt15979666,the archies,2023,"Comedy,Drama,Musical",4.2,53518
tt33996113,param sundari,2025,Romance,5.0,53506
tt3495026,fan,2016,"Action,Drama,Thriller",6.8,53466
tt7153766,unsane,2018,"Drama,Horror,Mystery",6.4,53421
tt15552142,caddo lake,2024,"Drama,Mystery,Sci-Fi",6.8,53393
tt7772580,the perfection,2018,"Drama,Horror,Thriller",6.2,53375
tt4781612,imperium,2016,"Crime,Drama,Mystery",6.5,53338
tt5918982,possessor,2020,"Horror,Mystery,Sci-Fi",6.5,53257
tt11045422,toofaan,2021,"Drama,Sport",6.1,53228
tt3427252,the boogeyman,2023,"Horror,Mystery,Thriller",5.9,53199
tt4158096,free fire,2016,"Action,Comedy,Crime",6.3,53181
tt8522006,happiest season,2020,"Comedy,Romance",6.6,53133
tt1540011,blair witch,2016,"Horror,Mystery,Thriller",5.0,53119
tt9354842,to all the boys ps i still love you,2020,"Comedy,Drama,Romance",6.1,53010
tt5862312,veronica,2017,"Horror,Mystery",6.2,52803
tt31973693,the roses,2025,Comedy,6.6,52762
tt4758646,war machine,2017,"Comedy,Drama,War",6.0,52567
tt6212478,american animals,2018,"Biography,Crime,Drama",7.0,52503
tt10039344,countdown,2019,"Horror,Thriller",5.4,52502
tt5117670,peter rabbit,2018,"Adventure,Animation,Comedy",6.6,52501
tt6968614,the mother,2023,"Action,Thriller",5.6,52484
tt2837574,the old man  the gun,2018,"Biography,Comedy,Crime",6.7,52461
tt4443658,better watch out,2016,"Comedy,Horror,Thriller",6.5,52426
tt10530176,the call,2020,"Crime,Horror,Mystery",7.1,52265
tt14371878,lift,2024,"Action,Comedy,Crime",5.6,52140
tt3860916,cargo,2017,"Drama,Horror,Sci-Fi",6.3,52108
tt4385888,20th century women,2016,"Comedy,Drama",7.3,52059
tt27989067,lust stories 2,2023,"Drama,Romance",5.7,52035
tt11252248,dog,2022,"Comedy,Drama",6.5,52022
tt5571734,pink,2016,"Crime,Drama,Thriller",8.0,51926
tt5397194,anon,2018,"Crime,Mystery,Sci-Fi",6.1,51669
tt7533152,the boy who harnessed the wind,2019,"Biography,Drama,History",7.6,51481
tt15501640,drishyam 2,2022,"Crime,Drama,Mystery",8.2,51461
tt27028399,murder mubarak,2024,"Comedy,Horror,Mystery",5.8,51451
tt5962210,ingrid goes west,2017,"Comedy,Drama,Horror",6.6,51300
tt9900782,kaithi,2019,"Action,Crime,Thriller",8.4,51207
tt5774450,summer of 84,2018,"Crime,Drama,Horror",6.7,51147
tt0805647,the witches,2020,"Adventure,Family,Fantasy",5.4,51106
tt3361792,tolkien,2019,"Biography,Drama,Romance",6.8,51038
tt28443655,death of a unicorn,2025,"Comedy,Fantasy,Horror",5.8,50992
tt6857376,palmer,2021,Drama,7.3,50948
tt27075958,fountain of youth,2025,"Action,Adventure,Fantasy",5.7,50662
tt14993250,rocky aur rani kii prem kahaani,2023,"Comedy,Drama,Family",6.5,50645
tt3513500,chip n dale rescue rangers,2022,"Action,Adventure,Animation",6.9,50602
tt2702724,the boss,2016,Comedy,5.4,50514
tt10280296,sardar udham,2021,"Crime,Drama,History",8.3,50450
tt14577874,its whats inside,2024,"Comedy,Mystery,Sci-Fi",6.6,50410
tt12921446,the exorcist believer,2023,Horror,4.8,50328
tt10298840,strange world,2022,"Action,Adventure,Animation",5.7,50300
tt9619798,the wrong missy,2020,"Comedy,Romance",5.8,50206
tt7431594,race 3,2018,"Action,Thriller",1.9,50175
tt10155932,cinderella,2021,"Comedy,Family,Fantasy",4.4,50171
tt2235695,rebecca,2020,"Drama,Mystery,Romance",6.1,50124
tt4481514,the house,2017,"Comedy,Crime",5.6,50087
tt5525650,the goat life,2024,"Adventure,Drama",7.1,49922
tt1695843,haunted mansion,2023,"Comedy,Drama,Family",6.0,49855
tt11304740,wish,2023,"Adventure,Animation,Comedy",5.5,49807
tt1620680,a wrinkle in time,2018,"Adventure,Drama,Family",4.3,49732
tt0491175,suburbicon,2017,"Comedy,Crime,Drama",5.8,49689
tt12749596,host,2020,"Horror,Mystery",6.5,49683
tt2980210,a hologram for the king,2016,"Comedy,Drama,Romance",6.1,49626
tt6803046,the vast of night,2019,"Drama,Mystery,Sci-Fi",6.7,49590
tt3721936,american honey,2016,"Adventure,Drama,Romance",7.0,49559
tt4520364,morgan,2016,"Action,Horror,Sci-Fi",5.9,49557
tt26342662,m3gan 20,2025,"Action,Sci-Fi,Thriller",6.0,49554
tt4815122,time trap,2017,"Action,Adventure,Mystery",6.2,49554
tt2638144,benhur,2016,"Action,Adventure,Drama",5.7,49391
tt5886440,marrowbone,2017,"Drama,Horror,Mystery",6.7,49376
tt3797868,the choice,2016,"Drama,Romance",6.5,49333
tt7740510,antlers,2021,"Drama,Horror,Mystery",5.9,49313
tt5797184,escape from pretoria,2020,"Action,Biography,Crime",6.8,49303
tt4435072,liger,2022,"Action,Drama,Romance",2.6,49221
tt1620981,the addams family,2019,"Animation,Comedy,Family",5.9,49195
tt9288822,the wonder,2022,"Drama,Mystery,Thriller",6.6,49109
tt1730768,the zookeepers wife,2017,"Biography,Drama,History",7.0,49090
tt11198810,she said,2022,"Crime,Drama,History",7.3,49074
tt6476140,serenity,2019,"Drama,Mystery,Thriller",5.4,49067
tt6781982,night school,2018,Comedy,5.6,48990
tt1895315,brimstone,2016,"Drama,Thriller,Western",7.0,48944
tt28102562,thamma,2025,"Comedy,Horror,Thriller",5.8,48841
tt6902332,the marksman,2021,"Action,Drama,Thriller",5.7,48723
tt5867314,the empty man,2020,"Drama,Horror,Mystery",6.2,48720
tt21103218,the lost bus,2025,"Biography,Drama,History",6.8,48621
tt5649108,thoroughbreds,2017,"Comedy,Crime,Drama",6.6,48592
tt3401882,fist fight,2017,Comedy,5.6,48548
tt4537896,white boy rick,2018,"Crime,Drama",6.5,48434
tt15789472,nowhere,2023,"Drama,Thriller",6.3,48381
tt10327252,the forever purge,2021,"Action,Crime,Drama",5.4,48357
tt10121392,thunder force,2021,"Action,Adventure,Comedy",4.6,48260
tt10451914,outside the wire,2021,"Action,Adventure,Fantasy",5.4,48188
tt17076046,weird the al yankovic story,2022,"Action,Biography,Comedy",6.8,48155
tt17041964,navalny,2022,"Biography,Documentary",7.8,48105
tt8404256,snake eyes,2021,"Action,Adventure,Crime",5.4,48097
tt1478839,the art of racing in the rain,2019,"Comedy,Drama,Romance",7.6,48061
tt30472557,chainsaw man  the movie reze arc,2025,"Action,Adventure,Animation",8.3,48035
tt6341832,oxygen,2021,"Drama,Fantasy,Sci-Fi",6.5,47914
tt6316138,ayla the daughter of war,2017,"Biography,Drama,History",8.2,47905
tt5315212,senior year,2022,"Comedy,Drama",5.5,47869
tt10223460,marry me,2022,"Comedy,Music,Romance",6.1,47859
tt6000478,roman j israel esq,2017,"Crime,Drama,Thriller",6.5,47857
tt3922798,the siege of jadotville,2016,"Action,Drama,Thriller",7.2,47851
tt1527793,no other choice,2025,"Comedy,Crime,Drama",7.6,47805
tt13223398,beast,2022,"Action,Adventure,Drama",5.6,47736
tt11235772,the voyeurs,2021,"Drama,Mystery,Romance",6.1,47721
tt3387542,the forest,2016,"Horror,Mystery,Thriller",4.8,47670
tt1754700,the prototype,2022,"Action,Sci-Fi,Thriller",2.2,47563
tt8108202,stree,2018,"Comedy,Horror",7.5,47512
tt6160448,white noise,2022,"Comedy,Drama,Horror",5.7,47499
tt24950660,eternity,2025,"Comedy,Drama,Fantasy",6.9,47428
tt9873892,they cloned tyrone,2023,"Comedy,Mystery,Sci-Fi",6.7,47411
tt3833480,the outpost,2019,"Action,Drama,History",6.9,47391
tt15732324,omg 2,2023,"Comedy,Drama",7.5,47301
tt20256528,what is a woman,2022,Documentary,8.1,47298
tt5946128,dear zindagi,2016,"Drama,Romance",7.4,47234
tt7466810,777 charlie,2022,"Adventure,Comedy,Drama",8.7,47100
tt9683478,the half of it,2020,"Comedy,Drama",6.9,47044
tt4255304,the void,2016,"Horror,Mystery,Sci-Fi",5.9,46987
tt18394190,old dads,2023,Comedy,6.2,46943
tt11196036,the card counter,2021,"Crime,Drama,Thriller",6.2,46938
tt2395469,gully boy,2019,"Drama,Music,Romance",7.9,46928
tt9848626,hotel transylvania 4 transformania,2022,"Adventure,Animation,Comedy",6.0,46914
tt4995540,being the ricardos,2021,"Biography,Drama",6.5,46909
tt9660502,close,2022,Drama,7.8,46904
tt26446278,the count of montecristo,2024,"Action,Adventure,Drama",7.6,46898
tt11097384,spaceman,2024,"Adventure,Drama,Romance",5.7,46657
tt18559464,my old ass,2024,"Comedy,Drama,Romance",6.9,46637
tt14549466,crimes of the future,2022,"Drama,Horror,Sci-Fi",5.8,46588
tt6324278,abominable,2019,"Adventure,Animation,Comedy",7.0,46567
tt4733624,fatherhood,2021,"Comedy,Drama",6.6,46358
tt4593060,pinocchio,2022,"Adventure,Animation,Comedy",5.1,46335
tt16304446,fair play,2023,"Drama,Thriller",6.4,46282
tt8201170,the perfect date,2019,"Comedy,Romance",5.8,46262
tt5761544,kandahar,2023,"Action,Drama,Thriller",6.1,46249
tt6195094,incident in a ghostland,2018,"Drama,Horror,Mystery",6.4,46247
tt27510174,stree 2 sarkate ka aatank,2024,"Comedy,Horror",6.9,46181
tt10895576,mimi,2021,"Comedy,Drama",7.8,46049
tt7008872,boy erased,2018,"Biography,Drama",6.9,46049
tt6495056,migration,2023,"Adventure,Animation,Comedy",6.6,46037
tt27729779,the platform 2,2024,"Horror,Sci-Fi,Thriller",4.9,45996
tt28259207,kill,2023,"Action,Crime,Drama",7.4,45982
tt7212754,ludo,2020,"Action,Comedy,Drama",7.6,45979
tt9100018,cobweb,2023,"Horror,Mystery,Thriller",5.9,45953
tt1833116,the informer,2019,"Action,Crime,Drama",6.6,45929
tt8080204,hypnotic,2023,"Action,Drama,Mystery",5.5,45919
tt8206668,bad education,2019,"Biography,Comedy,Crime",7.1,45870
tt9016974,synchronic,2019,"Drama,Horror,Mystery",6.2,45737
tt4714782,personal shopper,2016,"Drama,Mystery,Thriller",6.1,45626
tt0498381,rings,2017,"Drama,Horror,Mystery",4.5,45608
tt11663228,jailer,2023,"Action,Comedy,Crime",7.2,45582
tt34365591,mahavatar narsimha,2024,"Action,Animation,Drama",8.5,45575
tt13131232,mission majnu,2023,"Action,Drama,History",6.9,45544
tt1674782,karate kid legends,2025,"Action,Drama,Family",6.3,45495
tt28309594,nonnas,2025,Comedy,6.8,45489
tt6182908,smallfoot,2018,"Adventure,Animation,Comedy",6.6,45368
tt6535880,haunt,2019,"Horror,Thriller",6.3,45356
tt5748448,copshop,2021,"Action,Thriller",6.2,45218
tt4262980,shin godzilla,2016,"Action,Drama,Horror",6.9,45177
tt8983202,kabir singh,2019,"Drama,Romance",7.0,45149
tt10733228,gehraiyaan,2022,"Drama,Romance",5.6,45127
tt7504818,rons gone wrong,2021,"Adventure,Animation,Comedy",7.1,45114
tt14309446,me time,2022,Comedy,5.1,45100
tt4827558,high life,2018,"Drama,Sci-Fi,Thriller",5.7,45038
tt4154916,replicas,2018,"Action,Drama,Sci-Fi",5.5,44964
tt3750872,the wife,2017,Drama,7.2,44958
tt14961624,the old guard 2,2025,"Action,Adventure,Fantasy",5.1,44826
tt7664504,three identical strangers,2018,"Biography,Documentary,Drama",7.6,44807
tt24807110,dont move,2024,"Horror,Thriller",5.8,44779
tt11525644,no sudden move,2021,"Crime,Drama,Mystery",6.4,44730
tt17505010,horizon an american saga  chapter 1,2024,"Drama,Western",6.6,44666
tt5294518,eli,2019,"Drama,Horror,Mystery",5.8,44659
tt12731980,old henry,2021,"Action,Drama,Western",7.3,44621
tt7019842,96,2018,"Drama,Romance",8.5,44572
tt5302918,nyad,2023,"Biography,Drama,History",7.1,44525
tt8781414,freaks,2018,"Drama,Fantasy,Mystery",6.7,44524
tt12361178,drishyam 2,2021,"Crime,Drama,Mystery",8.4,44494
tt1563742,overboard,2018,"Comedy,Romance",6.0,44462
tt5001718,everything everything,2017,"Drama,Romance",6.3,44456
tt5198068,wolfwalkers,2020,"Action,Adventure,Animation",8.0,44448
tt4045450,i know what you did last summer,2025,"Horror,Mystery",5.1,44442
tt10393870,jayeshbhai jordaar,2022,"Comedy,Drama",6.0,44421
tt14260836,better man,2024,"Biography,Fantasy,Music",7.5,44413
tt9812474,lamb,2021,"Drama,Fantasy,Horror",6.3,44277
tt12823454,your place or mine,2023,"Comedy,Romance",5.7,44264
tt3907584,all the bright places,2020,"Drama,Romance",6.6,44191
tt5001754,braven,2018,"Action,Thriller",5.9,44082
tt12908110,mr harrigans phone,2022,"Drama,Horror,Mystery",6.0,44016
tt10095582,the tragedy of macbeth,2021,"Drama,Fantasy,Mystery",7.1,43955
tt13510660,dhamaka,2021,"Action,Crime,Drama",6.7,43944
tt13352968,good luck to you leo grande,2022,"Comedy,Drama",7.2,43933
tt5640450,arq,2016,"Action,Sci-Fi,Thriller",6.3,43929
tt6938828,at eternitys gate,2018,"Biography,Drama,History",6.9,43903
tt10362466,after we collided,2020,"Drama,Romance",5.1,43805
tt8114980,willys wonderland,2021,"Action,Comedy,Horror",5.5,43801
tt7985648,the legend of tomiris,2019,"Action,Drama,Fantasy",6.3,43789
tt15574270,i saw the tv glow,2024,"Drama,Horror,Mystery",5.8,43770
tt3499096,race,2016,"Biography,Drama,Sport",7.1,43713
tt20234774,wicked little letters,2023,"Biography,Comedy,Crime",7.0,43676
tt31121295,deep cover,2025,"Action,Comedy,Crime",6.7,43475
tt5580266,the hate u give,2018,"Crime,Drama",7.5,43463
tt6107548,late night,2019,"Comedy,Drama",6.5,43431
tt24082438,20 days in mariupol,2023,"Documentary,War",8.6,43415
tt9784456,the kissing booth 2,2020,"Comedy,Romance",5.7,43386
tt13449624,jug jugg jeeyo,2022,"Comedy,Drama,Family",6.1,43371
tt8356942,the 355,2022,"Action,Thriller",5.6,43353
tt7339248,the art of selfdefense,2019,"Action,Comedy,Crime",6.6,43347
tt13491110,antim the final truth,2021,"Action,Crime,Drama",6.1,43340
tt1879016,operation mincemeat,2021,"Drama,War",6.6,43301
tt12676326,malcolm  marie,2021,"Drama,Romance",6.6,43262
tt21909764,culpa mía,2023,"Drama,Romance",6.1,43176
tt10078772,flight risk,2025,"Action,Crime,Drama",5.2,43167
tt15767808,the last kingdom seven kings must die,2023,"Action,Drama,History",6.9,43114
tt10003008,the rental,2020,"Drama,Horror,Mystery",5.7,43085
tt8850222,peninsula,2020,"Action,Drama,Horror",5.5,43039
tt8008948,den of thieves pantera,2025,"Action,Crime,Drama",6.3,42994
tt1361336,tom  jerry,2021,"Adventure,Animation,Comedy",5.3,42982
tt5057140,hold the dark,2018,"Action,Crime,Drama",5.6,42975
tt14128670,kimi,2022,"Crime,Drama,Mystery",6.3,42958
tt8151874,honey boy,2019,Drama,7.2,42826
tt7518786,83,2021,"Biography,Drama,History",7.5,42738
tt5690360,slender man,2018,"Horror,Mystery,Thriller",3.3,42714
tt24169886,the instigators,2024,"Action,Comedy,Crime",6.2,42694
tt3564472,girls trip,2017,"Adventure,Comedy,Drama",6.2,42691
tt4216984,wolf man,2025,"Horror,Sci-Fi",5.6,42673
tt27922706,chhaava,2025,"Action,Drama,History",7.3,42672
tt3120280,sierra burgess is a loser,2018,"Comedy,Drama,Romance",5.7,42594
tt4761916,unfriended dark web,2018,"Horror,Mystery,Thriller",6.1,42587
tt10986222,cmon cmon,2021,Drama,7.3,42546
tt13453006,red rocket,2021,"Comedy,Drama,Romance",7.1,42540
tt5648882,the burial,2023,"Drama,History",7.1,42509
tt26745657,madgaon express,2024,"Comedy,Drama",7.0,42506
tt9686790,shotgun wedding,2022,"Action,Comedy,Romance",5.5,42438
tt6285944,the banker,2020,"Biography,Drama",7.3,42378
tt5619332,life of the party,2018,Comedy,5.6,42368
tt2872518,the shack,2017,"Drama,Fantasy",6.3,42345
tt2183014,love at first sight,2023,"Drama,Romance",6.8,42226
tt28249919,presence,2024,"Drama,Horror,Thriller",6.1,42222
tt11847410,the fallout,2021,Drama,7.0,42160
tt6079772,the protégé,2021,"Action,Crime,Thriller",6.1,42157
tt4669788,on the basis of sex,2018,"Biography,Drama,History",7.1,42056
tt4824302,mothers day,2016,"Comedy,Drama,Romance",5.7,42043
tt7485048,super 30,2019,"Biography,Drama",7.9,41957
tt3679040,kisi ka bhai kisi ki jaan,2023,"Action,Comedy,Drama",3.9,41952
tt6485666,mersal,2017,"Action,Crime,Fantasy",7.5,41938
tt1255919,holmes  watson,2018,"Comedy,Crime,Mystery",3.9,41858
tt11827628,memory,2022,"Action,Crime,Thriller",5.8,41807
tt9110170,wrong turn,2021,"Drama,Horror,Mystery",5.6,41782
tt2639336,greta,2018,"Drama,Mystery,Thriller",6.1,41724
tt3666024,the red turtle,2016,"Animation,Drama,Family",7.5,41723
tt9130508,cherry,2021,"Biography,Crime,Drama",6.6,41693
tt8633462,quo vadis aida,2020,"Drama,History,War",8.0,41660
tt11317142,shiva baby,2020,"Comedy,Drama",7.1,41654
tt6095472,the angry birds movie 2,2019,"Action,Adventure,Animation",6.4,41608
tt2935622,the school for good and evil,2022,"Action,Comedy,Drama",5.9,41601
tt3385524,stan  ollie,2018,"Biography,Comedy,Drama",7.2,41499
tt6697582,arif v 216,2018,"Comedy,Sci-Fi",6.9,41474
tt11976532,vengeance,2022,"Comedy,Music,Mystery",6.8,41447
tt10128846,megalopolis,2024,"Drama,Fantasy,Sci-Fi",4.7,41441
tt8242084,my spy,2020,"Action,Comedy",6.4,41309
tt11274492,the outlaws,2023,"Action,Comedy,Crime",5.4,41297
tt26659814,auron mein kahan dum tha,2024,"Action,Crime,Drama",6.2,41220
tt10324144,article 15,2019,"Crime,Drama,Mystery",8.1,41217
tt11998558,varisu,2023,"Action,Comedy,Drama",5.9,41157
tt26936666,vettaiyan,2024,"Action,Crime,Drama",6.9,41130
tt23149780,eden,2024,"Adventure,Drama,History",6.5,41082
tt27540542,lucky baskhar,2024,"Crime,Drama,Thriller",8.0,41023
tt10521092,the forgotten battle,2020,"Action,Adventure,War",7.1,41002
tt1458169,kidnap,2017,"Action,Crime,Thriller",5.9,40964
tt1734493,unlocked,2017,"Action,Thriller",6.3,40952
tt6865690,the professor,2018,"Comedy,Drama",6.7,40951
tt17163970,wallace  gromit vengeance most fowl,2024,"Adventure,Animation,Comedy",7.5,40929
tt14723224,the cost of deception,2021,"Action,Crime,Drama",1.5,40892
tt4900148,elio,2025,"Adventure,Animation,Comedy",6.6,40827
tt11057644,the christmas chronicles part two,2020,"Adventure,Comedy,Family",6.0,40786
tt2560078,boston strangler,2023,"Crime,Drama,History",6.5,40781
tt1340094,the crow,2024,"Action,Crime,Fantasy",4.7,40748
tt2378507,the glass castle,2017,"Biography,Drama",7.1,40705
tt18072316,bade miyan chote miyan,2024,"Action,Adventure,Sci-Fi",3.7,40679
tt11762114,mean girls,2024,"Comedy,Musical",5.5,40659
tt5635086,gods own country,2017,"Drama,Romance",7.6,40582
tt7725596,badhaai ho,2018,"Comedy,Drama",7.9,40581
tt4068576,the nightingale,2018,"Adventure,Drama,Thriller",7.3,40578
tt7905466,they shall not grow old,2018,"Documentary,History,War",8.2,40576
tt29808429,color of victory,2024,"Drama,History,Sport",6.1,40507
tt6269368,the clovehitch killer,2018,"Crime,Drama,Horror",6.5,40492
tt23736044,monster,2023,"Drama,Mystery,Thriller",7.8,40490
tt2076298,ip man 4 the finale,2019,"Action,Biography,Drama",7.0,40481
tt6038600,smolensk,2016,"Drama,Thriller",1.2,40443
tt5935704,padmaavat,2018,"Drama,History,War",7.1,40432
tt7280898,22 july,2018,"Crime,Drama,History",6.8,40404
tt5523010,the nutcracker and the four realms,2018,"Adventure,Family,Fantasy",5.6,40396
tt5144174,the dry,2020,"Crime,Drama,Mystery",6.8,40332
tt12873562,the invitation,2022,"Horror,Thriller",5.3,40281
tt10245072,salems lot,2024,"Horror,Thriller",5.6,40281
tt29344903,the ugly stepsister,2025,"Comedy,Drama,Horror",7.0,40262
tt5155780,the discovery,2017,"Drama,Romance,Sci-Fi",6.2,40250
tt10962368,things heard  seen,2021,"Drama,Horror,Mystery",5.3,40235
tt4073790,the darkest minds,2018,"Action,Adventure,Drama",5.7,40199
tt4964788,everybody knows,2018,"Crime,Drama,Mystery",6.9,40160
tt8745676,the swimmers,2022,"Biography,Drama,Sport",7.4,40155
tt7946422,prospect,2018,"Adventure,Drama,Sci-Fi",6.3,40070
tt27996020,jolly llb 3,2025,"Comedy,Drama",6.5,40005
tt12618926,parallel mothers,2021,Drama,7.1,39980
tt1285009,the strangers prey at night,2018,Horror,5.3,39972
tt7221896,cumali ceber,2017,Comedy,1.0,39961
tt13456318,persuasion,2022,"Comedy,Drama,Romance",5.8,39951
tt5816682,victoria  abdul,2017,"Biography,Comedy,Drama",6.8,39905
tt4878482,dumplin,2018,"Comedy,Drama",6.5,39896
tt6141246,the aeronauts,2019,"Action,Adventure,Drama",6.6,39894
tt5516328,ghost stories,2017,"Drama,Horror,Mystery",6.4,39859
tt6108178,disobedience,2017,Drama,6.6,39823
tt13923084,boy kills world,2023,"Action,Comedy,Crime",6.4,39779
tt20561198,the promised land,2023,"Action,Biography,Drama",7.7,39747
tt7430722,war,2019,"Action,Adventure,Thriller",6.6,39742
tt4799066,midnight sun,2018,"Drama,Romance",6.6,39616
tt21051906,a family affair,2024,"Comedy,Drama,Romance",5.4,39564
tt9606374,on the rocks,2020,"Comedy,Drama,Romance",6.4,39554
tt1464763,mute,2018,"Mystery,Sci-Fi,Thriller",5.5,39488
tt13097932,one life,2023,"Biography,Drama,History",7.5,39478
tt6304046,thelma,2017,"Drama,Fantasy,Horror",6.9,39459
tt8361028,cam,2018,"Drama,Horror,Mystery",5.9,39442
tt21383812,crew,2024,"Comedy,Drama",5.8,39415
tt3654796,creep 2,2017,"Horror,Thriller",6.4,39381
tt7608028,the open house,2018,"Horror,Thriller",3.3,39338
tt9731598,bros,2022,"Comedy,Romance",6.3,39297
tt9362736,die my love,2025,"Drama,Thriller",6.1,39248
tt7475578,munich the edge of war,2021,"Biography,Drama,History",6.8,39242
tt2172954,the life list,2025,"Comedy,Drama,Romance",6.8,39235
tt5895028,13th,2016,"Crime,Documentary,History",8.2,39202
tt9051908,living,2022,Drama,7.2,39202
tt13964390,under paris,2024,"Action,Horror,Sci-Fi",5.2,39196
tt14824600,the lord of the rings the war of the rohirrim,2024,"Action,Adventure,Animation",6.3,39192
tt1072748,winchester,2018,"Biography,Fantasy,Horror",5.5,39183
tt7605074,the wandering earth,2019,"Action,Adventure,Sci-Fi",5.9,39183
tt2334871,snatched,2017,"Action,Adventure,Comedy",4.7,39166
tt10228134,jolt,2021,"Action,Comedy,Crime",5.6,39048
tt7547410,dora and the lost city of gold,2019,"Action,Adventure,Comedy",6.1,39040
tt10676012,to all the boys always and forever,2021,"Comedy,Drama,Romance",6.3,39013
tt9398640,between two ferns the movie,2019,Comedy,6.1,38905
tt15083184,i came by,2022,Thriller,6.2,38895
tt9086228,gretel  hansel,2020,"Fantasy,Horror,Mystery",5.5,38867
tt8108268,the tashkent files,2019,"Drama,Mystery,Thriller",8.0,38843
tt8521778,bob marley one love,2024,"Biography,Drama,Music",6.2,38605
tt9806192,i lost my body,2019,"Animation,Drama,Fantasy",7.5,38562
tt5562070,wish dragon,2021,"Adventure,Animation,Comedy",7.2,38547
tt8108274,tanhaji the unsung warrior,2020,"Action,Biography,Drama",7.5,38538
tt14537248,nefarious,2023,"Drama,Horror,Thriller",6.4,38535
tt4191580,meet the blacks,2016,"Comedy,Horror",4.8,38525
tt9340860,let him go,2020,"Crime,Drama,Thriller",6.7,38522
tt7550014,no exit,2022,"Drama,Mystery,Thriller",6.2,38518
tt4669986,loving,2016,"Biography,Drama,Romance",7.0,38452
tt12573454,sharper,2023,"Crime,Drama,Thriller",6.7,38408
tt29429860,son of sardaar 2,2025,Comedy,4.0,38390
tt10701074,ponniyin selvan part i,2022,"Action,Drama",7.5,38380
tt7149730,the silencing,2020,"Action,Crime,Mystery",6.3,38333
tt10720352,arthur the king,2024,"Adventure,Drama,Sport",7.0,38308
tt30505698,friendship,2024,Comedy,6.6,38240
tt27657135,saturday night,2024,"Biography,Comedy,Drama",6.9,38160
tt11703710,downton abbey a new era,2022,"Drama,Romance",7.4,38141
tt5315210,lou,2022,"Action,Adventure,Crime",6.1,38139
tt14088510,tarot,2024,Horror,4.8,38106
tt6513656,escape plan 2 hades,2018,"Action,Crime,Mystery",3.9,38048
tt10731768,sweet girl,2021,"Action,Drama,Thriller",5.5,37980
tt6218358,calibre,2018,"Drama,Thriller",6.8,37903
tt3256226,io,2019,"Adventure,Drama,Sci-Fi",4.8,37812
tt14142060,rental family,2025,"Comedy,Drama",7.6,37730
tt4334266,the bad batch,2016,"Action,Horror,Mystery",5.2,37677
tt5723272,in the fade,2017,"Crime,Drama,Mystery",7.1,37632
tt3760922,my big fat greek wedding 2,2016,"Comedy,Romance",6.0,37629
tt8652728,waves,2019,"Drama,Romance,Sport",7.5,37566
tt6878038,a taxi driver,2017,"Action,Drama,History",7.9,37549
tt9185206,are you there god its me margaret,2023,"Comedy,Drama,Family",7.3,37527
tt15153532,strays,2023,"Adventure,Comedy",6.3,37515
tt6304162,loveless,2017,Drama,7.6,37401
tt10699086,bachchhan paandey,2022,"Action,Comedy,Crime",5.0,37246
tt12987894,american murder the family next door,2020,"Crime,Documentary",7.2,37242
tt33244668,anaconda,2025,"Action,Adventure,Comedy",5.6,37214
tt5501104,border,2018,"Crime,Drama,Fantasy",7.0,37176
tt4357394,tau,2018,"Horror,Sci-Fi,Thriller",5.8,37156
tt6802308,the 1517 to paris,2018,"Biography,Drama,Thriller",5.3,37136
tt3108894,the tender bar,2021,"Biography,Drama,Romance",6.7,37113
tt21097228,a different man,2024,"Drama,Thriller",6.9,37074
tt31956415,freakier friday,2025,"Comedy,Family,Fantasy",6.3,37065
tt8722346,queen  slim,2019,"Crime,Drama,Romance",7.1,37049
tt9477520,asuran,2019,"Action,Drama",8.4,37031
tt30446847,jay kelly,2025,"Comedy,Drama",6.5,37003
tt5719700,home again,2017,"Comedy,Drama,Romance",5.8,36962
tt32308617,savi,2024,"Action,Crime,Drama",5.9,36942
tt7098658,raazi,2018,"Action,Drama,Thriller",7.7,36766
tt3606888,a street cat named bob,2016,"Biography,Drama,Family",7.3,36709
tt19623240,winniethepooh blood and honey,2023,Horror,2.9,36662
tt7798604,we have a ghost,2023,"Adventure,Comedy,Family",6.1,36661
tt14914430,unfrosted,2024,"Biography,Comedy,History",5.5,36585
tt5151570,mrs harris goes to paris,2022,"Comedy,Drama",7.1,36575
tt13186604,uglies,2024,"Action,Adventure,Drama",4.7,36556
tt15145764,freddy,2022,"Drama,Mystery,Romance",7.3,36555
tt7961060,dragon ball super broly,2018,"Action,Adventure,Animation",7.7,36547
tt3503406,the whole truth,2016,"Crime,Drama,Mystery",6.2,36541
tt10268488,the greatest beer run ever,2022,"Adventure,Comedy,Drama",6.8,36529
tt5956100,tiger zinda hai,2017,"Action,Adventure,Thriller",5.9,36520
tt15334030,martin,2024,"Action,Drama,Thriller",2.1,36513
tt12141112,metal lords,2022,"Comedy,Music",6.7,36494
tt27470893,chandu champion,2024,"Action,Biography,Drama",7.8,36433
tt2072233,sleepless,2017,"Action,Crime,Thriller",5.6,36394
tt27543578,good fortune,2025,"Comedy,Fantasy,Romance",6.5,36382
tt6987770,destination wedding,2018,"Comedy,Drama,Romance",6.0,36371
tt1924245,cry macho,2021,Drama,5.7,36363
tt6436726,7500,2019,"Drama,Thriller",6.3,36285
tt2091256,captain underpants the first epic movie,2017,"Action,Adventure,Animation",6.2,36263
tt32558992,heart eyes,2025,"Comedy,Horror,Mystery",6.0,36261
tt10350626,gunjan saxena the kargil girl,2020,"Action,Biography,Drama",5.6,36229
tt5727282,borg vs mcenroe,2017,"Biography,Drama,Sport",6.9,36215
tt4648786,harriet,2019,"Action,Biography,Drama",6.8,36203
tt15339570,champions,2023,"Comedy,Drama,Sport",6.8,36197
tt27196021,small things like these,2024,"Drama,History",6.7,36092
tt21027780,fallen leaves,2023,"Comedy,Drama,Romance",7.3,36073
tt6455162,bhool bhulaiyaa 2,2022,"Comedy,Horror",5.7,36041
tt14403504,last breath,2025,"Drama,Thriller",6.6,36032
tt15301048,argentina 1985,2022,"Biography,Crime,Drama",7.6,35924
tt10242388,last seen alive,2022,"Action,Crime,Drama",5.7,35843
tt13320662,slumberland,2022,"Adventure,Comedy,Drama",6.7,35792
tt14439896,father stu,2022,"Biography,Drama,Sport",6.5,35791
tt10612922,one night in miami,2020,Drama,7.1,35786
tt16492678,demon slayer kimetsu no yaiba  tsuzumi mansion arc,2021,"Action,Animation,Fantasy",8.4,35774
tt14817272,the weekend away,2022,"Crime,Drama,Mystery",5.7,35713
tt5764096,hindi medium,2017,"Comedy,Drama",7.9,35703
tt28089700,raid 2,2025,"Crime,Drama,Thriller",6.6,35632
tt28082769,september 5,2024,"Drama,History,Thriller",7.1,35598
tt14152756,seaspiracy,2021,"Adventure,Documentary",8.1,35493
tt7711170,alone,2020,"Drama,Mystery,Thriller",6.2,35447
tt3317234,game over man,2018,"Action,Comedy",5.5,35423
tt10310140,fatman,2020,"Action,Adventure,Comedy",5.9,35344
tt4326444,julieta,2016,"Drama,Mystery,Romance",7.1,35307
tt24871974,subservience,2024,"Sci-Fi,Thriller",5.4,35273
tt9742794,the vault,2021,"Action,Thriller",6.4,35127
tt4986098,the titan,2018,"Drama,Mystery,Romance",4.8,35078
tt7214954,luck,2022,"Adventure,Animation,Comedy",6.5,35064
tt28459771,oficina do diabo,2025,Drama,8.0,35060
tt27847051,the secret agent,2025,"Crime,Drama,Mystery",7.3,35012
tt11027830,haseen dillruba,2021,"Crime,Drama,Mystery",6.9,34944
tt7914416,one cut of the dead,2017,"Comedy,Drama,Horror",7.6,34943
tt7236034,i want to eat your pancreas,2018,"Animation,Drama,Family",8.1,34871
tt7268738,minnal murali,2021,"Action,Comedy,Drama",7.8,34855
tt10323676,the contractor,2022,"Action,Drama,Thriller",5.8,34843
tt4995776,the red sea diving resort,2019,"Drama,History,Thriller",6.6,34834
tt6857166,book club,2018,"Comedy,Drama,Romance",6.1,34820
tt8718158,the hating game,2021,"Comedy,Romance",6.2,34819
tt7634968,what men want,2019,"Comedy,Fantasy,Romance",5.4,34622
tt8521876,yes day,2021,"Comedy,Family",5.7,34568
tt7748244,mortal world,2018,"Action,Comedy,Crime",7.6,34526
tt4218696,the wall,2017,"Action,Drama,Thriller",6.2,34495
tt8130968,badla,2019,"Crime,Drama,Mystery",7.7,34363
tt2762506,bacurau,2019,"Action,Adventure,Drama",7.3,34319
tt8954732,the princess switch,2018,"Comedy,Drama,Family",6.1,34314
tt7242142,blindspotting,2018,"Comedy,Crime,Drama",7.4,34190
tt26940324,jackpot,2024,"Action,Comedy",5.8,34181
tt9691136,shadow in the cloud,2020,"Action,Horror,War",5.0,34160
tt9851854,major,2022,"Action,Biography,Drama",8.1,34151
tt5822536,paddington in peru,2024,"Adventure,Comedy,Family",6.6,34079
tt4434004,udta punjab,2016,"Crime,Drama",7.7,33972
tt3014284,the lego ninjago movie,2017,"Action,Adventure,Animation",6.1,33959
tt30274401,five nights at freddys 2,2025,"Horror,Mystery,Thriller",5.1,33954
tt30953759,no other land,2024,Documentary,8.2,33922
tt4547194,i kill giants,2017,"Drama,Fantasy,Thriller",6.1,33919
tt3280262,cult of chucky,2017,"Horror,Thriller",5.3,33821
tt8323668,jerry and marge go large,2022,"Biography,Comedy,Drama",6.9,33797
tt14715170,falling for christmas,2022,"Comedy,Romance",5.3,33785
tt5112584,lee,2023,"Biography,Drama,History",6.9,33762
tt6990206,crimea,2017,"Action,Drama",3.4,33743
tt3626476,vacation friends,2021,"Adventure,Comedy",6.3,33705
tt4900716,kapoor  sons,2016,"Comedy,Drama,Family",7.7,33699
tt7721800,bharat,2019,"Action,Comedy,Drama",4.7,33648
tt3721964,gringo,2018,"Action,Comedy,Crime",6.1,33618
tt15600222,an action hero,2022,"Action,Comedy,Crime",7.0,33577
tt32063050,bridget jones mad about the boy,2025,"Comedy,Drama,Romance",6.5,33550
tt7137380,destroyer,2018,"Action,Crime,Drama",6.2,33535
tt7329656,47 meters down uncaged,2019,"Adventure,Drama,Horror",5.0,33508
tt15339456,marcel the shell with shoes on,2021,"Animation,Comedy,Drama",7.6,33507
tt27425164,war 2,2025,"Action,Adventure,Thriller",5.3,33503
tt9354944,jexi,2019,"Comedy,Romance,Sci-Fi",6.0,33468
tt14079374,14 peaks nothing is impossible,2021,"Adventure,Documentary,Sport",7.7,33458
tt4196848,mr church,2016,"Comedy,Drama",7.6,33416
tt1620935,bleed for this,2016,"Biography,Drama,Sport",6.8,33378
tt12349832,cuckoo,2024,"Horror,Mystery,Thriller",5.7,33377
tt5929754,wildlife,2018,Drama,6.8,33376
tt8960382,radhe shyam,2022,Romance,5.2,33344
tt1412528,table 19,2017,"Comedy,Drama,Romance",5.8,33272
tt9196192,cuties,2020,Drama,3.6,33253
tt6527426,zero,2018,"Comedy,Drama,Romance",5.2,33243
tt29471573,sitaare zameen par,2025,"Comedy,Drama,Sport",6.9,33209
tt2140507,the current war,2017,"Biography,Drama,History",6.5,33131
tt11080108,the map of tiny perfect things,2021,"Comedy,Fantasy,Romance",6.8,33103
tt5460276,kaabil,2017,"Action,Crime,Drama",7.2,33099
tt14227048,family switch,2023,"Comedy,Family,Fantasy",5.7,33090
tt6288124,dont worry he wont get far on foot,2018,"Biography,Comedy,Drama",6.8,33052
tt26458038,manjummel boys,2024,"Adventure,Drama,Thriller",8.2,33044
tt3231054,risen,2016,"Action,Drama,History",6.4,32959
tt9252468,mosul,2019,"Action,Drama,Thriller",7.1,32935
tt0775440,cell,2016,"Action,Adventure,Horror",4.5,32901
tt18939362,nikita roy,2025,"Horror,Mystery",5.7,32890
tt11777738,a hero,2021,Drama,7.5,32886
tt21830902,upgraded,2024,"Comedy,Romance",6.1,32877
tt9072352,relic,2020,"Drama,Horror,Mystery",6.0,32870
tt3447590,matilda the musical,2022,"Comedy,Drama,Family",7.0,32846
tt5825380,wonder wheel,2017,"Drama,Romance",6.2,32691
tt3152592,scoob,2020,"Adventure,Animation,Comedy",5.6,32678
tt2321405,my life as a zucchini,2016,"Animation,Comedy,Drama",7.8,32617
tt26660021,aavesham,2024,"Action,Comedy",7.8,32596
tt10208198,the gangster the cop the devil,2019,"Action,Crime,Thriller",7.0,32569
tt6587640,trolls world tour,2020,"Adventure,Animation,Comedy",6.1,32545
tt8385474,a dogs journey,2019,"Adventure,Comedy,Drama",7.5,32512
tt6116856,the night comes for us,2018,"Action,Crime,Thriller",6.9,32498
tt7218518,pad man,2018,"Comedy,Drama",7.8,32477
tt13186306,war of the worlds,2025,"Horror,Sci-Fi,Thriller",2.5,32466
tt4273292,under the shadow,2016,"Drama,Fantasy,Horror",6.8,32400
tt7693316,devotion,2022,"Action,Biography,Drama",6.6,32396
tt13130948,shehzada,2023,"Action,Comedy,Drama",4.5,32239
tt4590256,hes all that,2021,"Comedy,Romance",4.4,32227
tt2126357,second act,2018,"Comedy,Drama,Romance",5.8,32218
tt3612126,the grudge,2019,"Fantasy,Horror",4.4,32169
tt8372298,swallow,2019,"Drama,Thriller",6.5,32088
tt1308728,the happytime murders,2018,"Action,Comedy,Crime",5.5,32078
tt3300980,the 12th man,2017,"Drama,History,Thriller",7.3,32057
tt6108090,secret superstar,2017,"Drama,Music",7.7,32006
tt32299316,dangerous animals,2025,"Horror,Thriller",6.4,31945
tt3706352,all the old knives,2022,"Mystery,Thriller",6.2,31907
tt31194612,highest 2 lowest,2025,"Crime,Drama,Mystery",5.5,31863
tt5827916,a hidden life,2019,"Biography,Drama,Romance",7.4,31848
tt21188080,lisa frankenstein,2024,"Comedy,Horror,Romance",6.1,31730
tt10065694,antebellum,2020,"Drama,Horror,Mystery",5.8,31692
tt14914988,satyaprem ki katha,2023,"Comedy,Drama,Musical",6.6,31666
tt1798603,bad santa 2,2016,"Comedy,Crime,Drama",5.6,31653
tt15434074,kho gaye hum kahan,2023,"Comedy,Drama,Romance",7.3,31648
tt12834962,raksha bandhan,2022,"Comedy,Drama,Family",5.5,31646
tt6533240,night hunter,2018,"Action,Adventure,Crime",6.0,31608
tt10152736,thalaivi,2021,"Biography,Drama",5.9,31606
tt18550140,holy spider,2022,"Crime,Drama,Thriller",7.3,31602
tt3089630,artemis fowl,2020,"Adventure,Family,Fantasy",4.3,31569
tt1653665,goodbye christopher robin,2017,"Biography,Drama,Family",7.1,31567
tt4257926,miracles from heaven,2016,"Biography,Drama,Family",7.1,31565
tt13873302,against the ice,2022,"Adventure,Drama,History",6.5,31549
tt11460992,runway 34,2022,"Drama,Thriller",7.0,31548
tt6768578,dogman,2018,"Crime,Drama,Thriller",7.2,31535
tt9682428,night swim,2024,"Horror,Mystery,Thriller",4.7,31520
tt2011311,the outsider,2018,"Crime,Drama,Thriller",6.3,31453
tt24458622,the six triple eight,2024,"Drama,History,War",6.7,31399
tt11539996,relay,2024,"Action,Drama,Thriller",7.0,31389
tt5607714,on body and soul,2017,"Drama,Fantasy,Mystery",7.5,31376
tt5165344,rustom,2016,"Crime,Drama,Thriller",7.0,31239
tt10187208,a boy called christmas,2021,"Adventure,Drama,Family",6.7,31214
tt5097410,noelle,2019,"Comedy,Family,Fantasy",6.3,31196
tt2620590,leatherface,2017,"Crime,Drama,Horror",5.0,31055
tt5541848,what the health,2017,Documentary,7.2,31053
tt11382384,the dissident,2020,"Crime,Documentary,Thriller",7.8,31036
tt24485052,sirf ek bandaa kaafi hai,2023,"Crime,Drama,Thriller",8.0,31008
tt12530246,emancipation,2022,"Action,Thriller",6.3,30986
tt4504044,the prodigy,2019,"Fantasy,Horror,Mystery",5.9,30967
tt14376344,cha cha real smooth,2022,"Comedy,Drama",7.3,30961
tt8201852,you should have left,2020,"Horror,Mystery,Thriller",5.4,30942
tt12838766,space sweepers,2021,"Action,Adventure,Drama",6.5,30941
tt11804152,till death,2021,"Horror,Thriller",5.9,30930
tt10767052,next goal wins,2023,"Comedy,Drama,Sport",6.5,30921
tt5354160,mirror game,2016,"Crime,Mystery,Thriller",8.9,30915
tt9419056,the unholy,2021,"Drama,Horror,Mystery",5.1,30839
tt7392212,rangasthalam,2018,"Action,Drama",8.2,30801
tt5982852,jolly llb 2,2017,"Comedy,Crime,Drama",7.2,30696
tt15163652,thunivu,2023,"Action,Crime,Thriller",6.1,30693
tt20214908,another simple favor,2025,"Comedy,Crime,Mystery",5.3,30638
tt6348138,missing link,2019,"Adventure,Animation,Comedy",6.7,30626
tt4572792,the book of henry,2017,"Crime,Drama,Thriller",6.6,30626
tt15782690,in the land of saints and sinners,2023,"Action,Crime,Drama",6.4,30613
tt28218009,surongo,2023,"Crime,Drama,Mystery",6.9,30584
tt6628102,the wild pear tree,2018,Drama,8.0,30515
tt6432466,moxie,2021,"Comedy,Drama",6.7,30508
tt3901826,the breadwinner,2017,"Animation,Drama,War",7.7,30503
tt2582576,sand castle,2017,"Action,Drama,War",6.3,30483
tt15392282,merry christmas,2024,"Drama,Mystery,Thriller",6.9,30482
tt32550101,straw,2025,"Drama,Thriller",6.5,30480
tt10230994,beckett,2021,"Action,Crime,Drama",5.7,30473
tt30321146,in a violent nature,2024,"Drama,Horror,Thriller",5.5,30471
tt10161886,the prom,2020,"Comedy,Drama,Musical",5.9,30468
tt10314450,becky,2020,"Action,Crime,Drama",6.1,30449
tt8672856,tu jhoothi main makkaar,2023,"Comedy,Romance",6.0,30419
tt15268244,joy ride,2023,Comedy,6.4,30402
tt6521876,jay and silent bob reboot,2019,"Action,Adventure,Comedy",5.6,30390
tt21261712,back to black,2024,"Biography,Drama,Music",6.3,30390
tt6018306,last flag flying,2017,"Comedy,Drama,War",6.9,30376
tt28142095,tere ishk mein,2025,"Action,Drama,Musical",6.3,30366
tt1869347,crooked house,2017,"Crime,Drama,Mystery",6.3,30356
tt13109952,the trip,2021,"Action,Comedy,Horror",6.9,30354
tt10199590,les misérables,2019,"Crime,Drama,Thriller",7.6,30344
tt13610562,the bubble,2022,Comedy,4.7,30318
tt15433956,hanu man,2024,"Action,Adventure,Fantasy",7.7,30311
tt5635026,peter pan  wendy,2023,"Adventure,Family,Fantasy",4.4,30293
tt6133130,professor marston  the wonder women,2017,"Biography,Drama,History",7.0,30270
tt11897478,the stranger,2022,"Crime,Drama,Thriller",6.6,30265
tt5080556,20,2018,"Action,Fantasy,Sci-Fi",6.0,30190
tt5078204,two is a family,2016,"Comedy,Drama",7.3,30150
tt5121816,the bar,2017,Thriller,6.3,30088
tt4899370,megan leavey,2017,"Action,Biography,Drama",7.1,30084
tt7294534,arjun reddy,2017,"Drama,Romance",7.9,30042
tt20115766,knox goes away,2023,"Crime,Thriller",7.0,29994
tt21227864,youre cordially invited,2025,"Comedy,Romance",5.5,29912
tt11456054,run hide fight,2020,"Action,Crime,Drama",6.3,29888
tt23558280,elevation,2024,"Action,Horror,Mystery",5.6,29884
tt11905962,sputnik,2020,"Drama,Horror,Mystery",6.4,29864
tt0859635,super troopers 2,2018,"Comedy,Crime,Mystery",6.0,29843
tt7549892,terrified,2017,Horror,6.5,29840
tt9664108,voyagers,2021,"Adventure,Mystery,Sci-Fi",5.5,29775
tt27852049,deva,2025,"Action,Crime,Drama",6.6,29746
tt3864056,the goldfinch,2019,"Crime,Drama,Mystery",6.4,29733
tt4291600,lady macbeth,2016,"Drama,Romance",6.8,29729
tt1856080,the boys in the boat,2023,"Biography,Drama,History",7.0,29717
tt26612950,the teachers lounge,2023,Drama,7.4,29688
tt4028464,the innocents,2021,"Drama,Fantasy,Horror",7.0,29632
tt24068064,reality,2023,Drama,6.7,29623
tt5929776,before the flood,2016,"Documentary,News",8.2,29608
tt7772582,never rarely sometimes always,2020,Drama,7.4,29602
tt31434030,dracula,2025,"Fantasy,Horror,Romance",6.2,29600
tt9252508,tall girl,2019,"Comedy,Drama,Family",5.2,29589
tt12015102,vikrant rona,2022,"Action,Drama,Mystery",6.9,29554
tt5462326,mom and dad,2017,"Comedy,Horror,Thriller",5.6,29546
tt11497716,the legend,2022,"Action,Drama,Romance",4.6,29524
tt1596342,disenchanted,2022,"Adventure,Animation,Comedy",5.6,29522
tt34682248,vini jr,2025,"Biography,Documentary,Sport",4.0,29515
tt7390646,black and blue,2019,"Action,Thriller",6.4,29501
tt6823148,benedetta,2021,"Biography,Drama,Romance",6.7,29492
tt14174940,interceptor,2022,"Action,Adventure,Drama",4.7,29446
tt6882604,archive,2020,"Drama,Mystery,Sci-Fi",6.4,29430
tt9000224,the assistant,2019,Drama,6.3,29361
tt4348012,mayhem,2017,"Action,Comedy,Horror",6.4,29312
tt9054192,queenpins,2021,"Comedy,Crime",6.4,29274
tt9766332,atrangi re,2021,"Comedy,Drama,Fantasy",6.5,29260
tt5734576,the possession of hannah grace,2018,"Horror,Mystery,Thriller",5.2,29207
tt3335606,berlin syndrome,2017,"Drama,Horror,Mystery",6.3,29119
tt24176060,queer,2024,"Biography,Drama,History",6.3,29096
tt18968540,incantation,2022,"Horror,Mystery",6.3,29065
tt28812582,aankhon ki gustaakhiyan,2025,Romance,5.7,29058
tt8851668,the lovebirds,2020,"Action,Comedy,Crime",6.1,29051
tt21818782,tehran,2025,"Action,Thriller",5.8,28998
tt9288692,werewolves within,2021,"Comedy,Horror,Mystery",6.0,28993
tt9059704,an american pickle,2020,"Comedy,Fantasy",5.7,28972
tt3352390,friend request,2016,"Horror,Mystery,Thriller",5.2,28964
tt7214762,jim  andy the great beyond,2017,Documentary,7.6,28954
tt10309902,chehre,2021,"Drama,Mystery,Thriller",6.2,28940
tt9684220,bad trip,2021,Comedy,6.5,28940
tt14099334,bhediya,2022,"Comedy,Horror,Thriller",6.7,28917
tt15744298,freelance,2023,"Action,Comedy",5.6,28891
tt10229558,the dark and the wicked,2020,Horror,6.1,28875
tt14209618,game changer,2025,"Action,Drama,Thriller",5.1,28855
tt5301662,marshall,2017,"Biography,Crime,Drama",7.3,28785
tt28479262,sing sing,2023,Drama,7.6,28784
tt13229894,gods crooked lines,2022,"Drama,Mystery,Thriller",7.1,28779
tt8337264,chicken run dawn of the nugget,2023,"Adventure,Animation,Comedy",6.3,28775
tt14153080,a good person,2023,Drama,7.1,28762
tt4559006,ae dil hai mushkil,2016,"Drama,Musical,Romance",5.9,28745
tt11140488,the wolf of snow hollow,2020,"Comedy,Horror,Mystery",6.2,28742
tt14400246,bird box barcelona,2023,"Horror,Mystery,Sci-Fi",5.3,28710
tt11514780,choose or die,2022,"Drama,Horror,Thriller",4.8,28704
tt10418662,awake,2021,"Action,Adventure,Drama",4.9,28701
tt35521922,good boy,2025,"Horror,Thriller",6.1,28680
tt4080956,a prayer before dawn,2017,"Action,Biography,Crime",6.8,28626
tt5316540,close,2019,"Action,Drama,Thriller",5.7,28621
tt8760684,apollo 11,2019,"Documentary,History",8.1,28571
tt27995594,munjya,2024,"Comedy,Horror",6.3,28543
tt7642818,between family,2017,Comedy,7.6,28540
tt15033192,windfall,2022,"Crime,Drama,Thriller",5.7,28519
tt6708668,black crab,2022,"Action,Adventure,Drama",5.7,28510
tt5666304,the little hours,2017,"Comedy,Romance",5.8,28494
tt8266310,blinded by the light,2019,"Comedy,Drama,Music",6.9,28488
tt5639354,a fantastic woman,2017,Drama,7.2,28442
tt6967980,seeking true love,2017,"Comedy,Romance",7.5,28433
tt11580854,sarpatta parambarai,2021,"Action,Drama,Sport",8.5,28423
tt4581576,aftermath,2017,"Drama,Mystery,Thriller",5.7,28399
tt22050754,the strangers chapter 1,2024,Horror,4.7,28360
tt27056012,khel khel mein,2024,"Comedy,Drama",6.5,28332
tt10083640,bhoot police,2021,"Adventure,Comedy,Drama",6.6,28327
tt14060094,blacklight,2022,"Action,Drama,Thriller",4.9,28296
tt27802490,exhuma,2024,"Horror,Mystery",6.9,28277
tt6722400,fast charlie,2023,"Action,Crime,Drama",6.0,28269
tt5859238,lucky,2017,"Comedy,Drama,Western",7.3,28261
tt15109082,the quiet girl,2022,Drama,7.7,28259
tt11873440,heropanti 2,2022,"Action,Comedy,Crime",2.2,28175
tt9614460,chhapaak,2020,"Biography,Drama",5.4,28128
tt3203528,bad samaritan,2018,"Crime,Drama,Horror",6.5,28088
tt8359816,sorry we missed you,2019,Drama,7.6,28054
tt7681902,wont you be my neighbor,2018,"Biography,Documentary,History",8.3,28038
tt5437928,colette,2018,"Biography,Drama,History",6.7,28020
tt12996154,365 days this day,2022,"Drama,Romance",2.7,28018
tt11729298,american underdog,2021,"Biography,Drama,Romance",7.1,28006
tt4978342,my oxford year,2025,"Comedy,Drama,Romance",5.9,27965
tt5311542,never look away,2018,"Biography,Drama,Romance",7.7,27958
tt6906292,retribution,2023,"Action,Mystery,Thriller",5.4,27952
tt19356262,driveaway dolls,2024,"Action,Comedy,Thriller",5.4,27933
tt8948790,jersey,2019,"Drama,Sport",8.5,27905
tt4532038,the war with grandpa,2020,"Comedy,Drama,Family",5.7,27824
tt10964430,thappad,2020,Drama,7.0,27772
tt21276878,you are so not invited to my bat mitzvah,2023,Comedy,5.9,27760
tt15799866,silent night,2023,"Action,Crime,Drama",5.3,27741
tt5306972,kannappa,2025,"Action,Drama,Fantasy",4.7,27686
tt4983780,maanaadu,2021,"Action,Adventure,Sci-Fi",8.1,27627
tt3068194,love  friendship,2016,"Comedy,Drama,Romance",6.4,27611
tt35146696,tu meri main tera main tera tu meri,2025,"Adventure,Comedy,Romance",4.0,27597
tt4030600,the bye bye man,2017,"Drama,Fantasy,Horror",4.3,27581
tt1468846,get a job,2016,Comedy,5.3,27553
tt24517830,bad newz,2024,"Comedy,Romance",4.7,27551
tt6257174,the miseducation of cameron post,2018,"Comedy,Drama",6.6,27494
tt15654262,chup,2022,"Drama,Horror,Mystery",7.5,27487
tt3289724,welcome to marwen,2018,"Biography,Comedy,Drama",6.2,27482
tt2365580,whered you go bernadette,2019,"Comedy,Crime,Drama",6.5,27482
tt18272208,here,2024,Drama,6.3,27477
tt30970235,article 370,2024,"Action,Drama,Thriller",7.8,27464
tt10287954,rose island,2020,"Adventure,Biography,Comedy",7.0,27459
tt1131724,222,2017,"Drama,Mystery,Romance",5.7,27455
tt23778968,thelma,2024,"Action,Comedy",7.0,27448
tt4181052,special correspondents,2016,Comedy,5.9,27432
tt10322274,schumacher,2021,"Biography,Documentary,Sport",7.4,27432
tt5952332,amanda knox,2016,"Crime,Documentary",6.9,27431
tt8075260,someone great,2019,"Comedy,Romance",6.2,27358
tt14369780,lady chatterleys lover,2022,"Drama,Romance",6.6,27322
tt5779228,the garfield movie,2024,"Adventure,Animation,Comedy",5.7,27318
tt2398241,smurfs the lost village,2017,"Adventure,Animation,Comedy",6.0,27310
tt22939186,arcadian,2024,"Action,Drama,Horror",5.5,27307
tt13131350,vikram vedha,2022,"Action,Crime,Drama",7.1,27293
tt5112578,super dark times,2017,"Crime,Drama,Thriller",6.6,27238
tt4463816,terminal,2018,"Action,Comedy,Crime",5.4,27196
tt8179388,rim of the world,2019,"Action,Adventure,Comedy",5.3,27171
tt29439114,the room next door,2024,Drama,6.8,27148
tt3111426,lost girls,2020,"Crime,Drama,Mystery",6.2,27147
tt4943322,the ottoman lieutenant,2017,"Drama,History,War",6.4,27146
tt18382850,if i had legs id kick you,2025,"Drama,Thriller",6.6,27115
tt6462958,i want you back,2022,"Comedy,Romance",6.5,27111
tt14402146,empire of light,2022,"Drama,Romance",6.7,27110
tt13028258,a thursday,2022,"Drama,Thriller",7.6,27103
tt3416536,hot summer nights,2017,"Crime,Drama,Romance",6.4,27096
tt7581902,sonu ke titu ki sweety,2018,"Comedy,Romance",7.1,27054
tt8310486,millers girl,2024,"Comedy,Drama,Thriller",5.2,27015
tt9260636,bigil,2019,"Action,Drama,Sport",6.7,27014
tt12718300,confess fletch,2022,"Comedy,Crime,Mystery",6.4,26996
tt1950235,let it snow,2019,"Comedy,Romance",5.9,26972
tt14298328,look both ways,2022,"Comedy,Drama,Fantasy",6.3,26947
tt11703244,the blackening,2022,"Comedy,Horror,Mystery",6.0,26905
tt20225374,vesper,2022,"Adventure,Drama,Sci-Fi",6.0,26903
tt5989218,life itself,2018,"Drama,Romance",6.9,26892
tt32730754,chasing the wind,2025,"Drama,Romance",5.9,26872
tt7488208,over the moon,2020,"Adventure,Animation,Comedy",6.3,26852
tt4669264,beirut,2018,"Action,Adventure,Crime",6.5,26819
tt12193804,whitney houston i wanna dance with somebody,2022,"Biography,Drama,History",6.6,26804
tt21626774,sector 36,2024,"Crime,Drama,Thriller",7.1,26801
tt11314148,shiddat,2021,Romance,7.6,26754
tt4703048,6 days,2017,"Action,Drama,History",6.2,26750
tt31022050,our little secret,2024,"Comedy,Romance",5.7,26680
tt10192406,causeway,2022,Drama,6.6,26651
tt1139592,jeepers creepers iii,2017,Horror,3.9,26649
tt6836936,saaho,2019,"Action,Thriller",5.1,26609
tt6826438,parmanu the story of pokhran,2018,"Drama,History,Thriller",7.6,26607
tt6821012,the week of,2018,Comedy,5.3,26582
tt12672536,the three musketeers  part i dartagnan,2023,"Action,Adventure,History",6.7,26573
tt34962891,the perfect neighbor,2025,"Crime,Documentary,Drama",7.1,26560
tt9419834,secret obsession,2019,"Crime,Drama,Mystery",4.5,26559
tt2261287,leap,2016,"Adventure,Animation,Comedy",6.8,26553
tt12783454,the kissing booth 3,2021,"Comedy,Romance",4.8,26549
tt11388580,miss americana,2020,"Biography,Documentary,Music",7.4,26540
tt6511932,the beach bum,2019,"Comedy,Drama",5.5,26481
tt10062556,bhuj the pride of india,2021,"Action,Drama,History",4.2,26450
tt5716464,breathe,2017,"Biography,Drama,Romance",7.2,26445
tt9537292,ala vaikunthapurramuloo,2020,"Action,Comedy,Drama",7.3,26438
tt4981966,24,2016,"Action,Comedy,Drama",7.9,26423
tt8096832,lady and the tramp,2019,"Adventure,Comedy,Family",6.2,26401
tt27012110,gaslight,2023,"Crime,Horror,Mystery",5.8,26399
tt7983894,ammonite,2020,"Drama,History,Romance",6.5,26327
tt18392014,play dirty,2025,"Action,Crime,Drama",5.9,26324
tt8485364,the room,2019,"Drama,Fantasy,Horror",6.1,26297
tt31522415,sikandar ka muqaddar,2024,"Action,Crime,Drama",6.0,26283
tt31844586,sisu road to revenge,2025,"Action,War",6.8,26257
tt4645368,its only the end of the world,2016,Drama,6.8,26229
tt5664636,goosebumps 2 haunted halloween,2018,"Adventure,Comedy,Fantasy",5.6,26217
tt5440700,theri,2016,"Action,Crime,Drama",7.4,26206
tt8983228,jhund,2022,"Biography,Drama,Sport",7.4,26189
tt16183464,one piece film red,2022,"Action,Adventure,Animation",6.7,26170
tt1666185,all eyez on me,2017,"Biography,Drama,Music",5.9,26150
tt5607096,juliet naked,2018,"Comedy,Drama,Music",6.6,26146
tt8633464,after yang,2021,"Drama,Sci-Fi",6.6,26133
tt6932874,the boss baby family business,2021,"Adventure,Animation,Comedy",5.9,26125
tt8550054,pleasure,2021,Drama,6.3,26084
tt8542964,sleeping dogs,2024,"Crime,Mystery,Thriller",6.2,26065
tt3704700,brain on fire,2016,"Biography,Drama",6.6,26058
tt31806049,brick,2025,"Drama,Mystery,Sci-Fi",5.5,25998
tt21940010,a million miles away,2023,"Biography,Drama",7.3,25961
tt27487934,the greatest of all time,2024,"Action,Thriller",5.7,25961
tt15302222,bholaa,2023,"Action,Crime,Drama",5.8,25952
tt13872248,the sadness,2021,"Horror,Thriller",6.5,25931
tt6264938,kesari,2019,"Action,Drama,History",7.4,25929
tt31425731,playdate,2025,"Action,Comedy",5.5,25891
tt26445483,fukrey 3,2023,"Comedy,Crime,Drama",5.5,25883
tt25433734,hi nanna,2023,"Drama,Family,Romance",8.3,25856
tt5785170,toilet a love story,2017,"Comedy,Drama,Romance",7.2,25813
tt1542768,true memoirs of an international assassin,2016,"Action,Comedy,Crime",5.9,25765
tt4736550,the great hack,2019,"Biography,Documentary,History",7.0,25753
tt5977276,the aftermath,2019,"Drama,Romance,War",6.4,25749
tt0360556,fahrenheit 451,2018,"Drama,Sci-Fi,Thriller",5.0,25737
tt1995390,our kind of traitor,2016,"Action,Crime,Drama",6.3,25732
tt28814949,taylor swift the eras tour,2023,"Documentary,Music,Musical",8.0,25689
tt4383594,nine lives,2016,"Comedy,Drama,Family",5.3,25677
tt5322012,wish upon,2017,"Drama,Fantasy,Horror",5.1,25643
tt11703050,the house,2022,"Animation,Comedy,Drama",6.8,25632
tt32058735,bhool chuk maaf,2025,"Comedy,Fantasy,Romance",5.8,25628
tt19838634,ulajh,2024,"Crime,Drama,Thriller",6.0,25578
tt23476986,g20,2025,"Action,Thriller",5.1,25566
tt7026672,every day,2018,"Drama,Fantasy,Romance",6.5,25552
tt13139228,my policeman,2022,"Drama,Romance",6.6,25531
tt2291540,my friend dahmer,2017,"Biography,Crime,Drama",6.2,25528
tt30889755,the sabarmati report,2024,"Crime,Drama,Thriller",6.4,25519
tt31433402,fear street prom queen,2025,"Horror,Mystery,Thriller",5.1,25512
tt7545524,ben is back,2018,Drama,6.7,25463
tt29383379,marco,2024,"Action,Crime,Thriller",6.6,25459
tt1798632,firestarter,2022,"Drama,Horror,Sci-Fi",4.6,25458
tt4823776,the spongebob movie sponge on the run,2020,"Adventure,Animation,Comedy",5.9,25408
tt3721954,maudie,2016,"Biography,Drama,Romance",7.6,25400
tt6788942,bad genius,2017,"Comedy,Crime,Drama",7.6,25359
tt13652286,fight or flight,2024,"Action,Comedy",6.4,25354
tt15441054,gadar 2,2023,"Action,Adventure,Drama",5.1,25353
tt23554840,the vaccine war,2023,"Drama,Thriller",7.1,25351
tt30017619,the bad guys 2,2025,"Action,Adventure,Animation",7.0,25346
tt15445056,athena,2022,"Action,Drama,Thriller",6.8,25341
tt21059520,girl in the picture,2022,"Crime,Documentary,Mystery",7.3,25340
tt3171832,iboy,2017,"Action,Crime,Sci-Fi",5.9,25305
tt8980602,the kid detective,2020,"Comedy,Crime,Drama",7.0,25299
tt11540284,8bit christmas,2021,"Comedy,Family",6.7,25297
tt21308888,paradise,2023,"Action,Sci-Fi,Thriller",6.3,25267
tt4701724,early man,2018,"Adventure,Animation,Comedy",6.1,25252
tt11628854,silent night,2021,"Comedy,Drama,Horror",5.8,25206
tt30742355,sunny sanskari ki tulsi kumari,2025,"Family,Romance",5.1,25191
tt4805316,a dark song,2016,"Drama,Horror",6.2,25173
tt2513074,billy lynns long halftime walk,2016,"Action,Drama,Sport",6.2,25165
tt14564000,guntur kaaram,2024,"Action,Drama",5.4,25163
tt5286444,neerja,2016,"Biography,Drama,Thriller",7.6,25126
tt6199572,capone,2020,"Biography,Crime,Drama",4.7,25111
tt36491653,it was just an accident,2025,"Crime,Drama,Mystery",7.5,25096
tt33175825,attack on titan the movie the last attack,2024,"Action,Adventure,Animation",9.2,25061
tt1893273,the last letter from your lover,2021,"Drama,Romance",6.7,25050
tt11581174,karnan,2021,"Action,Drama",8.0,25036
tt15006566,the beasts,2022,"Drama,Thriller",7.5,25033
tt6950476,tejas,2023,"Action,Drama,Thriller",4.3,25019
tt9351980,american factory,2019,Documentary,7.4,25010
tt4196566,the deliverance,2024,"Drama,Horror,Mystery",5.1,24994
tt4103724,forever my girl,2018,"Comedy,Drama,Music",6.6,24948
tt13405810,quiz lady,2023,Comedy,6.7,24926
tt1724970,beyond skyline,2017,"Action,Adventure,Horror",5.3,24922
tt26733317,jigra,2024,"Action,Crime,Drama",6.0,24919
tt6745550,exit 0,2019,"Mystery,Thriller",5.8,24906
tt11112808,cirkus,2022,"Comedy,Drama",4.2,24893
tt2937366,little evil,2017,"Comedy,Fantasy,Horror",5.7,24884
tt9179096,minamata,2020,Drama,7.2,24878
tt4645330,denial,2016,"Biography,Drama",6.8,24856
tt14463484,through my window,2022,"Comedy,Drama,Romance",5.5,24828
tt4733640,the limehouse golem,2016,"Crime,Mystery,Thriller",6.3,24818
tt3963816,marauders,2016,"Action,Crime,Thriller",5.5,24790
tt13586204,mobking,2023,"Drama,Thriller",5.2,24760
tt28362963,checkmate,2023,"Action,Comedy",7.5,24752
tt22893404,maria,2024,"Biography,Drama,Music",6.4,24749
tt23770030,memoir of a snail,2024,"Animation,Drama",7.8,24736
tt5804038,i am not your negro,2016,"Documentary,History",7.9,24706
tt9076562,irresistible,2020,"Comedy,Drama",6.3,24691
tt11327514,uncle frank,2020,"Comedy,Drama",7.3,24687
tt3835080,31,2016,"Horror,Thriller",5.1,24686
tt4088268,department q a conspiracy of faith,2016,"Crime,Drama,Mystery",7.0,24624
tt4439620,redemption day,2021,"Action,Drama,Thriller",4.5,24570
tt26671996,locked,2025,Thriller,5.7,24569
tt12877640,a classic horror story,2021,"Drama,Horror,Mystery",5.7,24562
tt23060698,clown in a cornfield,2025,"Horror,Mystery,Thriller",5.6,24547
tt4667094,fifty shades of black,2016,Comedy,3.6,24539
tt3501112,security,2017,"Action,Crime,Thriller",5.8,24505
tt5563324,intrusion,2021,"Action,Drama,Mystery",5.3,24497
tt13069986,after we fell,2021,"Drama,Romance",4.8,24481
tt8169446,wine country,2019,"Adventure,Comedy,Drama",5.5,24470
tt7170950,like father,2018,Drama,6.1,24437
tt0491203,tulip fever,2017,"Drama,History,Romance",6.2,24424
tt3444312,abducted in plain sight,2017,"Crime,Documentary",6.8,24415
tt13056008,no one gets out alive,2021,"Drama,Horror,Mystery",5.4,24359
tt13429870,robot dreams,2023,"Animation,Comedy,Drama",7.6,24299
tt9231040,first cow,2019,"Drama,Western",7.1,24295
tt5834760,look away,2018,"Drama,Fantasy,Horror",5.8,24288
tt11260832,bellbottom,2021,"Action,Thriller",6.1,24250
tt6217926,annette,2021,"Drama,Musical,Romance",6.3,24236
tt10763820,night teeth,2021,"Action,Crime,Drama",5.7,24213
tt14642626,sick,2022,"Horror,Mystery,Thriller",6.0,24192
tt5595168,kingsglaive final fantasy xv,2016,"Action,Adventure,Animation",6.7,24161
tt5959980,vada chennai,2018,"Action,Crime,Drama",8.4,24156
tt7212726,simmba,2018,"Action,Crime,Drama",5.5,24155
tt5997666,jab harry met sejal,2017,"Comedy,Drama,Romance",5.1,24149
tt8119752,gonjiam haunted asylum,2018,"Horror,Mystery",6.5,24137
tt14592064,home team,2022,"Comedy,Drama,Sport",6.0,24124
tt27367464,kneecap,2024,"Comedy,Drama,Music",7.6,24121
tt6198946,the hole in the ground,2019,"Drama,Horror,Mystery",5.6,24117
tt14781036,inside,2023,"Drama,Thriller",5.5,24110
tt11674730,the last stop in yuma county,2023,"Crime,Drama,Thriller",6.9,24074
tt12810074,nightbitch,2024,"Comedy,Drama,Fantasy",5.5,24073
tt7466442,the bobs burgers movie,2022,"Adventure,Animation,Comedy",7.0,24044
tt7458762,the wolfs call,2019,"Action,Thriller",6.9,24020
tt7451284,batman ninja,2018,"Action,Animation,Sci-Fi",5.6,24010
tt9860728,falling inn love,2019,"Comedy,Romance",5.7,24001
tt5822564,the kitchen,2019,"Action,Crime,Drama",5.6,23983
tt6017756,radioactive,2019,"Biography,Drama,Romance",6.3,23981
tt15128068,monica o my darling,2022,"Comedy,Crime,Drama",7.4,23965
tt8504014,good newwz,2019,"Comedy,Drama",6.8,23963
tt5013984,gully,2019,"Crime,Drama",2.7,23962
tt2062700,song to song,2017,"Drama,Music,Romance",5.6,23960
tt6763252,the captain,2017,"Drama,History,Thriller",7.3,23953
tt6378710,villains,2019,"Comedy,Horror,Thriller",6.3,23936
tt13397574,mothers instinct,2024,"Drama,Thriller",6.3,23912
tt8836988,avengement,2019,"Action,Crime,Thriller",6.6,23903
tt4682788,loving pablo,2017,"Biography,Crime,Drama",6.4,23900
tt6439020,the personal history of david copperfield,2019,"Comedy,Drama",6.4,23893
tt23055660,nickel boys,2024,Drama,6.9,23879
tt7255568,student of the year 2,2019,"Action,Comedy,Drama",2.3,23870
tt5882970,tubelight,2017,"Drama,War",4.0,23865
tt5990474,columbus,2017,Drama,7.2,23850
tt8649186,corpus christi,2019,Drama,7.7,23835
tt7525778,the package,2018,"Comedy,Thriller",5.6,23785
tt5275892,oj made in america,2016,"Biography,Crime,Documentary",8.9,23775
tt7671064,brittany runs a marathon,2019,"Comedy,Drama",6.8,23764
tt2238032,skiptrace,2016,"Action,Adventure,Comedy",5.6,23761
tt8143990,kajillionaire,2020,"Comedy,Crime,Drama",6.4,23745
tt7715202,sarkar,2018,"Action,Drama",6.7,23733
tt18926098,vidaamuyarchi,2025,"Action,Crime,Drama",6.2,23731
tt31923069,springsteen deliver me from nowhere,2025,"Biography,Drama,Music",6.6,23727
tt1318517,the man who killed don quixote,2018,"Adventure,Comedy,Drama",6.3,23719
tt27441481,coolie,2025,"Action,Crime,Thriller",6.0,23703
tt3908142,the love witch,2016,"Comedy,Horror,Romance",6.2,23700
tt27118357,amaran,2024,"Action,Biography,Drama",8.1,23689
tt5536610,private life,2018,"Comedy,Drama",7.2,23620
tt5360952,the hurricane heist,2018,"Action,Adventure,Crime",5.2,23618
tt10687506,the electrical life of louis wain,2021,"Biography,Drama,History",6.8,23610
tt28228231,priyotoma,2023,"Action,Drama,Romance",5.9,23590
tt7424200,teen titans go to the movies,2018,"Action,Adventure,Animation",6.7,23588
tt4951982,the command,2018,"Action,Adventure,Drama",6.6,23584
tt12788488,deadstream,2022,"Comedy,Horror",6.4,23580
tt5723286,wheelman,2017,"Action,Thriller",6.4,23570
tt7363076,raid,2018,"Crime,Drama,Thriller",7.4,23563
tt1966359,father figures,2017,"Comedy,Drama",5.5,23527
tt5913798,wounds,2019,"Drama,Horror,Mystery",4.1,23499
tt30645201,honey dont,2025,"Comedy,Crime,Mystery",5.2,23484
tt27501039,bloody daddy,2023,"Action,Crime,Drama",6.5,23481
tt7608418,a christmas prince,2017,"Comedy,Family,Romance",5.8,23478
tt21328106,candy cane lane,2023,"Comedy,Family,Fantasy",5.6,23472
tt6338498,vivo,2021,"Adventure,Animation,Comedy",6.7,23453
tt10869778,maidaan,2024,"Biography,Drama,History",7.9,23404
tt32063098,ballad of a small player,2025,"Crime,Drama,Mystery",5.9,23362
tt34956443,ne zha 2,2025,"Action,Adventure,Animation",7.9,23329
tt11821912,devara part 1,2024,"Action,Adventure,Drama",6.0,23328
tt5206260,the willoughbys,2020,"Adventure,Animation,Comedy",6.4,23315
tt6205872,assassination nation,2018,"Comedy,Horror,Thriller",6.0,23307
tt7923220,inheritance,2020,"Drama,Mystery,Thriller",5.6,23290
tt4479380,sas rise of the black swan,2021,Action,5.3,23264
tt14152140,darlings,2022,"Comedy,Drama,Thriller",6.7,23233
tt9098872,the rescue,2021,"Action,Documentary,Mystery",8.3,23224
tt6048930,naked,2017,"Comedy,Fantasy,Romance",5.4,23205
tt6910020,nothing to lose,2018,"Biography,Drama",2.4,23200
tt5096470,love wedding repeat,2020,"Comedy,Romance",5.6,23165
tt11012066,home sweet home alone,2021,"Comedy,Crime,Family",3.6,23151
tt27599851,apocalypse z the beginning of the end,2024,"Action,Horror,Sci-Fi",6.1,23131
tt2398149,an officer and a spy,2019,"Drama,History,Thriller",7.2,23094
tt6752992,happy as lazzaro,2018,"Drama,Fantasy,Mystery",7.5,23079
tt0995868,pele birth of a legend,2016,"Biography,Drama,Sport",7.1,23064
tt15315164,cuttputlli,2022,"Crime,Drama,Mystery",5.6,23063
tt7059844,dabangg 3,2019,"Action,Comedy,Crime",3.0,23059
tt21957774,irish wish,2024,"Comedy,Fantasy,Romance",5.3,23045
tt4353250,the last black man in san francisco,2019,Drama,7.2,23005
tt28288786,premalu,2024,"Comedy,Romance",7.8,22998
tt3137630,david brent life on the road,2016,"Comedy,Music",6.3,22993
tt6060156,toc toc,2017,Comedy,6.8,22964
tt5970844,thugs of hindostan,2018,"Action,Adventure",4.1,22963
tt35295730,a business proposal,2025,"Comedy,Drama,Romance",1.9,22948
tt8707922,can you keep a secret,2019,"Comedy,Romance",5.4,22942
tt7945440,the lie,2018,"Crime,Drama,Mystery",5.8,22915
tt11934846,badhaai do,2022,"Comedy,Drama,Romance",7.0,22912
tt24225606,metro in dino,2025,"Drama,Musical,Romance",6.6,22886
tt32298285,sirat,2025,"Action,Adventure,Drama",7.0,22883
tt5255710,sanam teri kasam,2016,"Drama,Musical,Romance",7.6,22853
tt13919802,anek,2022,"Action,Drama,Sport",6.3,22836
tt9845564,below zero,2021,"Action,Adventure,Crime",6.2,22835
tt10329614,censor,2021,"Horror,Mystery,Thriller",5.9,22824
tt5278506,tickled,2016,"Crime,Documentary,Mystery",7.4,22778
tt7363104,khuda haafiz,2020,"Action,Crime,Drama",7.1,22752
tt13029044,motherandroid,2021,"Drama,Sci-Fi,Thriller",5.0,22710
tt3707104,mine,2016,"Drama,Thriller,War",5.8,22707
tt2677722,city of lies,2018,"Biography,Crime,Drama",6.5,22690
tt5814592,the party,2017,"Comedy,Drama",6.6,22679
tt1703957,genius,2016,"Biography,Drama",6.5,22658
tt4196450,the birth of a nation,2016,"Biography,Drama,History",6.6,22606
tt4131496,the vanishing,2018,"Drama,Mystery,Thriller",5.9,22581
tt7455754,the game changers,2018,"Documentary,Sport",7.8,22564
tt14324650,batman the long halloween part one,2021,"Action,Animation,Crime",7.3,22560
tt12567088,raat akeli hai,2020,"Crime,Drama,Mystery",7.2,22554
tt27052633,echo valley,2025,"Drama,Thriller",6.2,22526
tt5912454,blue jay,2016,"Drama,Romance",7.3,22515
tt7616798,a dogs way home,2019,"Adventure,Drama,Family",6.7,22514
tt5670152,traffik,2018,"Action,Thriller",5.9,22507
tt9907782,the cursed,2021,"Fantasy,Horror,Mystery",6.2,22506
tt18816518,sick of myself,2022,"Comedy,Drama,Horror",7.1,22492
tt2368254,a private war,2018,"Biography,Drama,War",6.7,22457
tt4244162,beta test,2016,"Action,Sci-Fi,Thriller",4.7,22454
tt32768323,the assessment,2024,"Drama,Sci-Fi",6.6,22447
tt10060094,the knight before christmas,2019,"Adventure,Comedy,Drama",5.6,22442
tt22890246,how to have sex,2023,Drama,6.4,22426
tt7618184,mulk,2018,Drama,7.2,22415
tt9173418,brahms the boy ii,2020,"Drama,Horror,Mystery",4.7,22412
tt14857528,time cut,2024,"Horror,Mystery,Sci-Fi",5.1,22386
tt26084002,self reliance,2023,"Comedy,Thriller",6.0,22338
tt8150814,theres someone inside your house,2021,"Horror,Mystery,Thriller",4.9,22337
tt5884784,the super,2017,"Horror,Mystery,Thriller",5.2,22326
tt6484982,newton,2017,"Comedy,Drama",7.6,22322
tt3608930,in a valley of violence,2016,"Action,Drama,Western",6.1,22302
tt6988116,kalank,2019,"Drama,Romance",3.8,22268
tt17009348,dogman,2023,"Action,Crime,Drama",6.8,22263
tt7286916,the dawn wall,2017,"Adventure,Biography,Documentary",8.1,22249
tt4669296,lords of chaos,2018,"Biography,Drama,Horror",6.6,22227
tt13007592,the noel diary,2022,"Comedy,Drama,Romance",6.2,22216
tt1639084,tallulah,2016,"Comedy,Drama,Romance",6.7,22209
tt8574252,the witch part 1  the subversion,2018,"Action,Mystery,Sci-Fi",7.2,22186
tt29927663,the great flood,2025,"Action,Adventure,Drama",5.4,22174
tt4411596,my cousin rachel,2017,"Drama,Mystery,Romance",6.0,22158
tt7736496,jingle jangle a christmas journey,2020,"Family,Fantasy,Musical",6.4,22137
tt10627720,ne zha,2019,"Action,Adventure,Animation",7.3,22125
tt1661275,their finest,2016,"Comedy,Drama,Romance",6.8,22115
tt8816194,come to daddy,2019,"Comedy,Mystery,Thriller",6.0,22112
tt6916362,journal 64,2018,"Crime,Mystery,Thriller",7.4,22110
tt32159989,after the hunt,2025,"Crime,Drama,Thriller",5.7,22075
tt15509244,happiness for beginners,2023,"Comedy,Drama,Romance",6.1,22068
tt12383460,hypnotic,2021,"Horror,Mystery,Thriller",5.3,22065
tt4882376,first they killed my father,2017,"Biography,Drama,History",7.2,22037
tt2396431,dear santa,2024,"Comedy,Fantasy",5.4,22020
tt6225520,the man who invented christmas,2017,"Biography,Comedy,Drama",7.0,22015
tt4694544,once upon a time in venice,2017,"Adventure,Comedy,Crime",5.3,22008
tt22695402,hunger,2023,"Drama,Thriller",6.6,21998
tt5221584,aquarius,2016,Drama,7.4,21980
tt6097798,radius,2017,"Drama,Horror,Mystery",6.2,21977
tt6217608,the rider,2017,"Drama,Western",7.4,21965
tt3107166,pimp,2018,"Crime,Drama,Romance",6.4,21953
tt26758372,meiyazhagan,2024,"Drama,Family",8.5,21942
tt3733774,the trust,2016,"Action,Crime,Drama",5.5,21940
tt10214826,agent sai srinivasa athreya,2019,"Comedy,Crime,Mystery",8.3,21898
tt21279806,scoop,2024,"Biography,Drama",6.5,21897
tt3797512,barb and star go to vista del mar,2021,"Comedy,Fantasy",6.3,21887
tt7160070,along with the gods the two worlds,2017,"Action,Adventure,Drama",7.2,21810
tt6879446,hidden strike,2023,"Action,Adventure,Comedy",5.4,21801
tt11388406,horse girl,2020,"Drama,Mystery,Thriller",6.0,21797
tt14315756,single all the way,2021,"Comedy,Drama,Romance",6.2,21791
tt3708886,war on everyone,2016,"Action,Comedy,Crime",5.8,21770
tt7670212,the golden glove,2019,"Crime,Drama,Horror",6.7,21738
tt2652118,crouching tiger hidden dragon sword of destiny,2016,"Action,Adventure,Drama",6.1,21725
tt10333426,bliss,2021,"Drama,Romance,Sci-Fi",5.4,21722
tt9172422,la belle époque,2019,"Comedy,Drama,Fantasy",7.4,21715
tt11128440,clerks iii,2022,"Comedy,Drama",6.2,21715
tt13391710,jana gana mana,2022,"Drama,Thriller",8.3,21678
tt11374902,doctor,2021,"Action,Comedy,Crime",7.4,21647
tt4807408,the best of enemies,2019,"Biography,Drama,History",7.3,21640
tt6722030,the intruder,2019,"Horror,Thriller",5.6,21636
tt7832124,müslüm,2018,"Biography,Drama,Music",7.6,21610
tt5607028,fullmetal alchemist,2017,"Action,Adventure,Fantasy",5.3,21610
tt8305806,the wretched,2019,"Drama,Horror,Mystery",5.8,21603
tt17220704,a christmas story christmas,2022,"Comedy,Family",6.7,21577
tt11687002,the outrun,2024,"Biography,Drama",6.9,21564
tt7979142,the night clerk,2020,"Crime,Drama,Mystery",5.6,21552
tt1472584,max steel,2016,"Action,Adventure,Fantasy",4.6,21537
tt10786774,sam bahadur,2023,"Biography,Drama,War",7.7,21522
tt10481868,black christmas,2019,"Horror,Mystery,Thriller",3.5,21511
tt14042066,dobaaraa,2022,"Drama,Fantasy,Mystery",4.9,21494
tt1880399,kodachrome,2017,Drama,6.8,21479
tt1999890,hell fest,2018,"Horror,Mystery,Thriller",5.5,21467
tt2338454,unicorn store,2017,"Comedy,Drama,Fantasy",5.6,21463
tt8632862,fahrenheit 119,2018,Documentary,7.2,21458
tt10806040,valimai,2022,"Action,Crime,Drama",6.0,21434
tt6043142,skin,2018,"Biography,Crime,Drama",6.8,21431
tt1901024,dark crimes,2016,"Crime,Drama,Mystery",4.6,21407
tt9345754,the occupant,2020,"Drama,Thriller",6.4,21403
tt28491891,his three daughters,2023,Drama,7.1,21393
tt31392609,how to make millions before grandma dies,2024,"Comedy,Drama,Family",7.9,21392
tt27674982,the ballad of wallis island,2025,"Comedy,Drama,Music",7.4,21384
tt4015500,the tale,2018,"Biography,Drama,Mystery",7.2,21379
tt5960374,vox lux,2018,"Drama,Music",5.9,21341
tt14561712,la chimera,2023,"Adventure,Comedy,Drama",7.3,21320
tt8413338,kumbalangi nights,2019,"Comedy,Drama,Romance",8.5,21306
tt32843349,sorry baby,2025,"Comedy,Drama",7.1,21277
tt11394332,spree,2020,"Comedy,Crime,Horror",5.9,21260
tt9675274,cinayet süsü,2019,"Comedy,Crime,Mystery",6.7,21257
tt7134096,the rhythm section,2020,"Action,Drama,Mystery",5.4,21255
tt5927352,red istanbul,2017,Drama,6.2,21250
tt7390588,little monsters,2019,"Comedy,Horror,Sci-Fi",6.3,21234
tt20990442,him,2025,"Horror,Sport",5.0,21207
tt13309170,influencer,2022,"Horror,Mystery,Thriller",6.2,21151
tt8144834,section 375,2019,"Crime,Drama,Mystery",8.1,21120
tt14814040,not okay,2022,"Comedy,Drama,Thriller",6.1,21113
tt7318202,butterflies,2018,"Comedy,Drama",7.3,21078
tt8430054,flee,2021,"Animation,Biography,Documentary",7.9,21058
tt8105234,flamin hot,2023,"Biography,Drama,History",6.8,21039
tt35396529,mountainhead,2025,"Comedy,Drama",5.4,21036
tt3011960,hangman,2017,"Crime,Drama,Horror",5.2,21006
tt9271672,prey for the devil,2022,"Horror,Mystery,Thriller",5.4,20975
tt9817070,law of tehran,2019,"Action,Crime,Drama",7.7,20973
tt31711040,look back,2024,"Animation,Drama",7.8,20944
tt7133686,next gen,2018,"Action,Adventure,Animation",6.6,20939
tt9580138,mortal kombat legends scorpions revenge,2020,"Action,Adventure,Animation",7.4,20897
tt31193791,the last showgirl,2024,Drama,6.5,20888
tt9357050,dear evan hansen,2021,"Drama,Musical",6.1,20858
tt7805960,torbaaz,2020,"Drama,Thriller",5.3,20854
tt7700730,october,2018,"Drama,Romance",7.6,20814
tt0315642,wazir,2016,"Action,Crime,Drama",7.1,20796
tt9820556,breach,2020,"Action,Horror,Sci-Fi",2.9,20786
tt22207786,red rooms,2023,"Crime,Horror,Mystery",7.1,20775
tt31015496,the fable,2024,Drama,6.3,20774
tt0327785,the killers game,2024,"Action,Comedy,Thriller",5.8,20753
tt3976144,the monster,2016,"Drama,Fantasy,Horror",5.4,20749
tt14878948,1507 break of dawn,2021,"Action,Drama,War",1.3,20744
tt7738450,thunder road,2018,"Comedy,Drama",7.0,20643
tt8338762,the nest,2020,"Drama,Romance,Thriller",6.2,20605
tt9737876,narvik hitlers first defeat,2022,"Drama,History,War",6.6,20597
tt13204490,petite maman,2021,"Drama,Fantasy",7.4,20580
tt21307994,skinamarink,2022,"Horror,Mystery",4.7,20559
tt19760052,the taste of things,2023,"Drama,History,Romance",7.4,20544
tt5688996,alex strangelove,2018,"Comedy,Drama,Romance",6.3,20526
tt5834874,trigger warning,2024,"Action,Crime,Thriller",4.6,20507
tt5084170,blade of the immortal,2017,"Action,Drama",6.7,20506
tt8399664,babyteeth,2019,"Comedy,Drama,Romance",7.2,20500
tt3702652,the other side of the door,2016,"Horror,Thriller",5.3,20475
tt9248972,mission mangal,2019,"Drama,History",6.6,20462
tt8009744,worth,2020,"Biography,Drama,History",6.8,20447
tt12964320,role play,2024,"Action,Comedy,Romance",5.5,20444
tt8983164,chhalaang,2020,"Comedy,Drama,Sport",6.6,20442
tt27679608,fateh,2025,"Action,Crime,Thriller",6.1,20427
tt11375428,hridayam,2022,"Drama,Musical,Romance",8.0,20419
tt5893332,sandy wexler,2017,"Comedy,Drama,Music",5.3,20406
tt8991268,honeyland,2019,Documentary,8.0,20403
tt8176054,pariyerum perumal,2018,Drama,8.6,20398
tt14855468,that christmas,2024,"Adventure,Animation,Comedy",6.8,20397
tt13056052,broker,2022,"Comedy,Crime,Drama",7.1,20374
tt6811018,the kid who would be king,2019,"Action,Adventure,Family",6.1,20364
tt3095734,monster trucks,2016,"Action,Adventure,Comedy",5.7,20341
tt28554013,naga,2023,"Drama,Thriller",5.9,20337
tt1183374,pet,2016,"Crime,Horror,Thriller",5.7,20336
tt6450186,i can only imagine,2018,"Biography,Drama,Family",7.3,20335
tt1200263,the color purple,2023,"Drama,Musical",6.8,20334
tt20916568,the wrath of becky,2023,"Action,Comedy,Thriller",6.2,20314
tt11773378,akhanda,2021,"Action,Drama,Fantasy",6.8,20312
tt11100856,love guaranteed,2020,"Comedy,Romance",5.6,20301
tt21262240,mission raniganj,2023,"Action,Biography,Drama",7.2,20295
tt7919680,karwaan,2018,"Adventure,Comedy,Drama",7.6,20279
tt37674426,unknown number the high school catfish,2025,"Crime,Documentary",6.7,20235
tt13651628,belle,2021,"Adventure,Animation,Drama",7.0,20221
tt6017942,kin,2018,"Action,Drama,Sci-Fi",5.8,20214
tt14458442,the son,2022,Drama,6.5,20209
tt10687116,entergalactic,2022,"Animation,Comedy,Music",7.4,20184
tt15090124,mad god,2021,"Animation,Fantasy,Horror",6.8,20182
tt27218960,y2k,2024,"Comedy,Horror,Sci-Fi",4.7,20177
tt31314296,the woman in the yard,2025,"Drama,Horror,Thriller",5.0,20165
tt8949056,yes god yes,2019,"Comedy,Drama",6.1,20156
tt13451410,dhadak 2,2025,"Drama,Mystery,Romance",6.8,20153
tt14371860,apartment 7a,2024,"Horror,Thriller",5.9,20143
tt21815562,the alto knights,2025,"Biography,Crime,Drama",5.9,20112
tt8134742,3 from hell,2019,"Action,Horror",5.4,20086
tt7167686,reign of the supermen,2019,"Action,Adventure,Animation",6.8,20055
tt33028778,primate,2025,Horror,5.9,20029
tt8004664,come play,2020,"Drama,Horror,Mystery",5.8,20027
tt5884230,brads status,2017,"Comedy,Drama,Music",6.5,20026
tt18073328,blood  gold,2023,"Action,Drama,War",6.5,20021
tt6980546,bharath ane nenu,2018,"Action,Drama,Thriller",7.4,19986
tt11365186,redeeming love,2022,"Drama,Romance,Western",6.8,19979
tt5439812,zola,2020,"Comedy,Crime,Drama",6.4,19977
tt10183816,dangerous lies,2020,"Crime,Mystery,Thriller",5.4,19957
tt6915770,starfish,2023,"Drama,Romance,Thriller",4.3,19953
tt33372494,lokah chapter one chandra,2025,"Action,Fantasy",7.6,19941
tt1034385,cold skin,2017,"Action,Fantasy,Horror",6.0,19940
tt10515988,paranormal activity next of kin,2021,"Horror,Mystery,Thriller",5.3,19909
tt10691162,aftermath,2021,"Drama,Horror,Mystery",5.3,19899
tt4341582,queen of katwe,2016,"Biography,Drama,Sport",7.4,19895
tt23853982,parthenope,2024,"Drama,Fantasy",6.5,19880
tt2262315,the good neighbor,2016,"Crime,Drama,Horror",6.3,19862
tt5198890,eileen,2023,"Drama,Mystery,Romance",5.9,19854
tt11656172,hard kill,2020,"Action,Thriller",3.1,19843
tt6062774,monos,2019,"Adventure,Drama,Thriller",6.8,19805
tt16280138,magic mikes last dance,2023,"Comedy,Drama",5.2,19779
tt7019942,super deluxe,2019,"Comedy,Crime,Drama",8.2,19773
tt6957966,little italy,2018,"Comedy,Romance",5.7,19769
tt3296908,the man with the iron heart,2017,"Action,Biography,Thriller",6.4,19752
tt14362112,trolls band together,2023,"Adventure,Animation,Comedy",6.0,19732
tt23782584,nr 24,2024,"Biography,Drama,War",7.5,19730
tt6864046,shadow,2018,"Action,Adventure,Fantasy",7.0,19730
tt7469726,shaadi mein zaroor aana,2017,"Comedy,Drama,Romance",7.5,19728
tt22444570,ponniyin selvan part two,2023,"Action,Adventure,Drama",7.2,19726
tt4411584,the secret dare to dream,2020,"Drama,Romance",6.6,19725
tt13634480,the ice age adventures of buck wild,2022,"Adventure,Animation,Comedy",4.4,19708
tt7645122,plus one,2019,"Comedy,Drama,Romance",6.6,19682
tt5177114,young woman and the sea,2024,"Biography,Drama,Romance",7.5,19675
tt6900448,mirai,2018,"Adventure,Animation,Drama",7.0,19655
tt0460890,the only living boy in new york,2017,Drama,6.4,19650
tt10915286,tell me who i am,2019,"Documentary,Drama,Mystery",7.6,19649
tt27813235,the surfer,2024,Thriller,5.9,19590
tt10236164,the girl with the needle,2024,"Crime,Drama,History",7.5,19571
tt2386237,malevolent,2018,"Horror,Mystery,Thriller",4.9,19571
tt5460658,life and a day,2016,Drama,8.1,19529
tt10515526,lootcase,2020,"Comedy,Crime",7.5,19525
tt13207508,swan song,2021,"Drama,Romance,Sci-Fi",6.8,19517
tt9054970,doctor g,2022,"Comedy,Drama",6.6,19490
tt3906082,mary shelley,2017,"Biography,Drama,History",6.4,19486
tt11686490,the deep house,2021,"Drama,Horror,Mystery",5.3,19474
tt10534500,home,2021,"Drama,Family",8.7,19473
tt7060460,theeran adhigaram ondru,2017,"Action,Crime,Thriller",8.2,19471
tt0376479,american pastoral,2016,"Crime,Drama,Mystery",6.1,19430
tt2452150,respect,2021,"Biography,Drama,Music",6.6,19413
tt6439558,recep ivedik 5,2017,Comedy,3.4,19412
tt26658104,imaginary,2024,"Horror,Mystery,Thriller",4.8,19411
tt10341034,black box,2021,"Drama,Mystery,Thriller",7.2,19406
tt32178949,the seed of the sacred fig,2024,"Crime,Drama,Thriller",7.5,19406
tt10199914,the boys in the band,2020,Drama,6.8,19398
tt8129806,to leslie,2022,Drama,7.1,19388
tt10600398,we can be heroes,2020,"Action,Animation,Comedy",4.7,19383
tt21232992,theater camp,2023,Comedy,6.9,19381
tt4996328,ordinary angels,2024,"Biography,Drama",7.4,19375
tt3685236,ibiza,2018,"Comedy,Romance",5.2,19374
tt11389748,mass,2021,Drama,7.5,19363
tt27757805,baby john,2024,"Action,Crime,Drama",5.0,19361
tt8907986,angrezi medium,2020,"Comedy,Drama",7.2,19337
tt14641542,the eight mountains,2022,Drama,7.7,19304
tt15215512,a perfect pairing,2022,"Comedy,Romance",6.1,19297
tt13231544,about dry grasses,2023,Drama,7.7,19228
tt1712192,message from the king,2016,"Action,Crime,Drama",6.4,19194
tt12472554,mahaan,2022,"Action,Drama,Thriller",7.7,19173
tt5433114,diego maradona,2019,"Biography,Documentary,Sport",7.7,19167
tt6772804,escape plan the extractors,2019,"Action,Crime,Thriller",4.4,19165
tt14402926,batman the long halloween part two,2021,"Action,Animation,Crime",7.2,19159
tt4924942,the invisible guardian,2017,"Crime,Mystery,Thriller",6.4,19147
tt10230426,mrs serial killer,2020,"Crime,Drama,Thriller",4.0,19136
tt6336356,mary and the witchs flower,2017,"Adventure,Animation,Family",6.8,19117
tt5195412,wakefield,2016,Drama,6.3,19111
tt9000184,goodnight mommy,2022,"Crime,Drama,Horror",5.7,19091
tt21819228,stutz,2022,Documentary,7.7,19052
tt12298506,black box,2020,"Horror,Mystery,Sci-Fi",6.2,19050
tt11783766,ram setu,2022,"Action,Adventure,Thriller",5.3,19043
tt7048622,the insult,2017,"Crime,Drama,Thriller",7.6,19035
tt3658772,misconduct,2016,"Crime,Drama,Mystery",5.3,19026
tt11750282,dont listen,2020,"Drama,Horror,Mystery",6.1,18998
tt13529034,meenakshi sundareshwar,2021,"Comedy,Romance",6.6,18996
tt4006302,level 16,2018,"Drama,Mystery,Thriller",6.1,18981
tt8510488,holiday in the wild,2019,"Comedy,Drama,Romance",6.2,18981
tt4795124,how to be a latin lover,2017,"Comedy,Drama",6.0,18977
tt28066777,orion and the dark,2024,"Adventure,Animation,Comedy",6.3,18977
tt5774062,spontaneous,2020,"Comedy,Drama,Horror",6.5,18953
tt20112746,sting,2024,"Comedy,Horror,Sci-Fi",5.7,18926
tt32221196,one of them days,2025,Comedy,6.5,18920
tt9170516,the shadow in my eye,2021,"Drama,History,War",7.3,18918
tt6127004,paradise hills,2019,"Fantasy,Mystery,Sci-Fi",5.3,18904
tt30496762,maa,2025,Horror,4.9,18884
tt4266076,the night eats the world,2018,"Drama,Horror,Thriller",6.0,18858
tt15353964,significant other,2022,"Drama,Horror,Mystery",5.7,18836
tt6380520,dhuruvangal pathinaaru,2016,"Crime,Drama,Mystery",8.2,18833
tt5566790,a futile and stupid gesture,2018,"Biography,Comedy",6.7,18828
tt8373206,about my father,2023,Comedy,5.8,18808
tt10276482,love again,2023,"Comedy,Drama,Romance",5.9,18805
tt6952960,the kindergarten teacher,2018,"Drama,Thriller",6.7,18792
tt5598292,polaroid,2019,"Drama,Horror,Mystery",5.2,18790
tt26350277,ballerina,2023,"Action,Thriller",6.3,18782
tt7738784,resurrection,2018,"Drama,Family",8.7,18769
tt19653180,leilas brothers,2022,Drama,7.9,18736
tt4972062,dont think twice,2016,"Comedy,Drama",6.7,18729
tt2397461,clifford the big red dog,2021,"Adventure,Comedy,Family",5.9,18726
tt5805752,brigsby bear,2017,"Comedy,Drama",7.3,18716
tt4685762,the craft legacy,2020,"Comedy,Drama,Fantasy",4.6,18707
tt3127022,the bookshop,2017,Drama,6.5,18682
tt5029608,frantz,2016,"Drama,History,Romance",7.5,18640
tt11772746,thiruchitrambalam,2022,"Comedy,Drama,Musical",7.9,18629
tt11390036,a fall from grace,2020,"Crime,Drama,Mystery",5.9,18629
tt9506474,the hater,2020,"Drama,Thriller",7.1,18620
tt14415204,never let go,2024,"Horror,Mystery,Thriller",5.4,18613
tt1781827,hands of stone,2016,"Biography,Drama,Sport",6.6,18600
tt13269536,girl in the basement,2021,"Crime,Thriller",6.3,18598
tt5016946,handsome devil,2016,"Comedy,Drama,Sport",7.0,18577
tt6408226,newness,2017,"Drama,Romance",6.3,18552
tt7489816,nothing to hide,2018,"Comedy,Drama",6.8,18542
tt2331047,rememory,2017,"Drama,Mystery,Sci-Fi",6.1,18539
tt30343021,song sung blue,2025,"Biography,Drama,History",7.3,18531
tt4081630,the valet,2022,"Comedy,Drama,Romance",6.7,18520
tt9248940,dream girl,2019,"Comedy,Romance",7.0,18518
tt9603060,star trek section 31,2025,"Action,Adventure,Drama",3.8,18506
tt14614892,dragon ball super super hero,2022,"Action,Adventure,Animation",7.1,18496
tt6494418,siberia,2018,"Crime,Drama,Romance",4.3,18494
tt13130760,hit the first case,2022,"Crime,Drama,Mystery",6.8,18484
tt15939198,blitz,2024,"Action,Drama,History",6.2,18482
tt14888874,demon slayer kimetsu no yaiba  mt natagumo arc,2020,"Action,Animation,Fantasy",8.7,18473
tt13650700,a big bold beautiful journey,2025,"Drama,Fantasy,Romance",6.0,18470
tt9104736,housefull 5,2025,"Comedy,Mystery,Thriller",3.3,18434
tt6777338,the villainess,2017,"Action,Thriller",6.6,18422
tt6251024,office uprising,2018,"Action,Comedy,Fantasy",5.6,18391
tt6828390,mr jones,2019,"Biography,Drama,Thriller",6.9,18377
tt1801552,gotti,2018,"Biography,Crime,Drama",4.8,18362
tt10262648,compartment number 6,2021,"Drama,Romance",7.2,18354
tt4106514,the postcard killings,2020,"Crime,Drama,Mystery",5.8,18316
tt15428940,jules,2023,"Comedy,Drama,Sci-Fi",6.8,18294
tt5012504,injustice,2021,"Action,Adventure,Animation",6.4,18278
tt14824590,on the line,2022,Thriller,5.5,18270
tt13234058,my son,2021,"Crime,Drama,Mystery",6.0,18267
tt31514146,i swear,2025,"Biography,Drama,History",8.4,18255
tt32080876,dragon,2025,"Comedy,Drama,Romance",7.8,18227
tt5466186,7 days in entebbe,2018,"Action,Drama,History",5.9,18203
tt25434834,viduthalai part 2,2024,"Action,Crime,Drama",7.6,18197
tt5143226,12 feet deep,2017,"Horror,Thriller",5.2,18166
tt5934922,for both of us,2016,"Drama,Romance",6.2,18162
tt28510079,culpa tuya,2024,"Drama,Romance",5.3,18155
tt33305312,borbaad,2025,"Action,Romance,Thriller",7.0,18154
tt2126235,collide,2016,"Action,Adventure,Crime",5.7,18151
tt4016312,the book of vision,2020,"Drama,Mystery",7.2,18118
tt14753612,swatantrya veer savarkar,2024,"Biography,Drama",7.7,18118
tt7026666,kurup,2021,"Biography,Crime,Drama",7.0,18086
tt22488728,love today,2022,"Comedy,Drama,Romance",8.0,18086
tt4565520,the layover,2017,"Comedy,Romance",4.8,18074
tt1476425,turnabout,2016,"Drama,Mystery,Thriller",7.1,18072
tt5843876,chemical hearts,2020,"Drama,Romance",6.3,18070
tt1564777,fallen,2016,"Drama,Fantasy,Romance",5.2,18043
tt5059406,i am the pretty thing that lives in the house,2016,"Drama,Horror,Mystery",4.6,18032
tt30253036,kinda pregnant,2025,"Comedy,Drama",4.9,18021
tt26926267,mother of the bride,2024,"Comedy,Drama,Romance",4.9,18003
tt6774786,occupation,2018,"Action,Drama,Sci-Fi",4.5,17996
tt6528290,knights of the zodiac,2023,"Action,Adventure,Drama",4.4,17987
tt9420648,bala,2019,Comedy,7.3,17984
tt30798612,crazxy,2025,"Drama,Thriller",6.6,17979
tt32536315,blue moon,2025,"Biography,Comedy,Drama",6.8,17969
tt1935194,overdrive,2017,"Action,Adventure,Crime",5.4,17968
tt5304464,happy end,2017,Drama,6.6,17965
tt11040844,the machine,2023,"Action,Comedy",5.7,17952
tt4019560,exposed,2016,"Crime,Drama,Mystery",4.4,17945
tt8254556,girl,2018,Drama,7.2,17944
tt21800162,theres still tomorrow,2023,"Comedy,Drama,History",7.7,17934
tt14668630,lyle lyle crocodile,2022,"Adventure,Comedy,Family",6.1,17930
tt11125620,the addams family 2,2021,"Adventure,Animation,Comedy",5.4,17921
tt30876483,exterritorial,2025,"Action,Mystery,Thriller",5.8,17916
tt3462710,unforgettable,2017,"Drama,Thriller",5.2,17914
tt6303866,beach rats,2017,Drama,6.4,17909
tt1878841,the darkness,2016,"Horror,Thriller",4.5,17894
tt10343028,armageddon time,2022,Drama,6.4,17894
tt32985279,steve,2025,Drama,6.4,17884
tt3748440,blue mountain state the rise of thadland,2016,"Comedy,Sport",5.7,17868
tt8366590,baaghi 3,2020,"Action,Thriller",2.3,17856
tt19853258,still a michael j fox movie,2023,"Biography,Documentary",8.1,17848
tt12519030,hatching,2022,"Drama,Fantasy,Horror",6.2,17846
tt9601220,black bear,2020,Drama,6.5,17840
tt31190632,october 8,2025,Documentary,4.4,17839
tt30788842,love hurts,2025,"Action,Comedy,Romance",5.3,17819
tt5923962,gantz o,2016,"Action,Animation,Drama",7.1,17810
tt2458948,evangelion 3010 thrice upon a time,2021,"Action,Animation,Drama",8.0,17807
tt9608818,our friend,2019,"Drama,Romance",7.3,17800
tt4693358,otherlife,2017,"Crime,Drama,Mystery",6.2,17799
tt6878378,vivegam,2017,"Action,Thriller",6.1,17796
tt6866224,the hummingbird project,2018,"Drama,Thriller",6.2,17793
tt4666726,christine,2016,"Biography,Drama",6.9,17790
tt13446168,the medium,2021,"Drama,Horror,Mystery",6.5,17776
tt10276470,work it,2020,"Comedy,Music",6.1,17763
tt5628302,beast,2017,"Crime,Drama,Mystery",6.8,17762
tt7137846,breaking in,2018,"Action,Thriller",5.5,17736
tt1386691,shimmer lake,2017,"Action,Comedy,Crime",6.3,17726
tt9134216,playing with fire,2019,"Comedy,Family",5.2,17712
tt33034103,am i racist,2024,"Comedy,Documentary",6.6,17709
tt11958344,a whisker away,2020,"Adventure,Animation,Drama",6.7,17704
tt5789976,king of thieves,2018,"Biography,Crime,Drama",5.6,17700
tt3387266,a united kingdom,2016,"Biography,Drama,History",6.9,17688
tt4960748,till,2022,"Biography,Crime,Drama",7.2,17678
tt30445556,the pickup,2025,"Action,Comedy",5.4,17641
tt31514262,wild wild punjab,2024,"Comedy,Romance",6.2,17638
tt3045628,holland,2025,"Crime,Drama,Mystery",5.0,17621
tt6135348,120 bpm beats per minute,2017,Drama,7.4,17618
tt11700260,official competition,2021,"Comedy,Drama",7.0,17617
tt8893974,passing,2021,"Drama,Mystery,Thriller",6.6,17596
tt18687124,bts permission to dance on stage  seoul live viewing,2022,"Documentary,Music",7.9,17593
tt3610746,dont hang up,2016,"Horror,Thriller",5.6,17579
tt2679552,it,2016,"Crime,Drama,Mystery",5.5,17564
tt19755170,bawaal,2023,"Action,Comedy,Drama",6.6,17497
tt6433880,anna and the apocalypse,2017,"Comedy,Horror,Musical",6.1,17496
tt10265034,land,2021,"Adventure,Drama",6.7,17482
tt8590896,geetha govindam,2018,"Comedy,Drama,Romance",7.7,17480
tt14225838,io capitano,2023,"Adventure,Drama",7.6,17479
tt3824648,big time adolescence,2019,"Comedy,Drama",6.9,17466
tt7510346,the turning,2020,"Drama,Horror,Mystery",3.9,17453
tt2316548,beautiful disaster,2023,"Comedy,Drama,Romance",5.3,17424
tt8442644,money trap,2019,"Comedy,Crime",6.0,17405
tt15771916,you hurt my feelings,2023,"Comedy,Drama,Romance",6.5,17400
tt3212232,i am wrath,2016,"Action,Thriller",5.4,17368
tt7529298,attack,2022,"Action,Sci-Fi,Thriller",6.8,17358
tt7456312,the last thing he wanted,2020,"Crime,Drama,Mystery",4.4,17354
tt27431598,bramayugam,2024,"Drama,Horror,Thriller",7.7,17328
tt5147214,headshot,2016,"Action,Drama,Thriller",6.3,17322
tt27621210,ice road vengeance,2025,"Action,Adventure,Thriller",4.8,17322
tt5662932,psycho raman,2016,"Crime,Drama,Thriller",7.3,17319
tt19857862,now or never,2024,"Adventure,Biography,Drama",2.3,17314
tt5442456,24 hours to live,2017,"Action,Sci-Fi,Thriller",5.8,17304
tt26757462,hellboy the crooked man,2024,"Action,Adventure,Fantasy",4.5,17258
tt6193408,a shaun the sheep movie farmageddon,2019,"Adventure,Animation,Comedy",6.8,17246
tt26658272,amar singh chamkila,2024,"Biography,Drama,Music",7.8,17243
tt13070602,a castle for christmas,2021,"Adventure,Comedy,Drama",5.6,17243
tt32284154,rekhachithram,2025,"Drama,Mystery,Thriller",7.8,17241
tt2315596,galveston,2018,"Action,Crime,Drama",6.2,17233
tt4468634,certain women,2016,Drama,6.4,17203
tt5533370,lamborghini the man behind the legend,2022,"Biography,Drama,Sport",5.5,17196
tt9853500,bandit,2022,"Biography,Crime,Drama",6.5,17187
tt4652650,please stand by,2017,"Comedy,Drama",6.7,17129
tt6905696,slaughterhouse rulez,2018,"Action,Comedy,Fantasy",5.3,17123
tt2776878,thank you for your service,2017,"Biography,Drama,War",6.6,17123
tt8461224,the tax collector,2020,"Action,Crime,Drama",4.9,17122
tt14121726,jeepers creepers reborn,2022,"Horror,Mystery,Thriller",2.6,17107
tt24132732,the deepest breath,2023,"Adventure,Documentary,Sport",7.7,17096
tt11947158,ek villain returns,2022,"Action,Romance,Thriller",4.4,17086
tt3628584,barbershop the next cut,2016,"Comedy,Drama",5.9,17042
tt5776208,resident evil vendetta,2017,"Action,Adventure,Animation",6.2,17041
tt9614452,the big bull,2021,"Biography,Crime,Drama",5.6,17040
tt7334528,uncle drew,2018,"Comedy,Drama,Sport",5.8,17018
tt26537229,demon slayer kimetsu no yaiba  to the swordsmith village,2023,"Action,Adventure,Animation",7.7,17008
tt13406136,the princess,2022,"Action,Drama,Fantasy",5.7,16995
tt7959216,utoya july 22,2018,"Drama,Thriller",7.2,16989
tt5164438,the starling,2021,"Comedy,Drama",6.4,16959
tt14867006,vhs94,2021,"Fantasy,Horror,Mystery",5.6,16959
tt14764464,code 8 part ii,2024,"Action,Crime,Drama",5.7,16957
tt5229228,61 days,2016,"Drama,History",7.3,16955
tt8066940,indian 2,2024,"Action,Drama,Musical",3.8,16952
tt4303340,i am not a serial killer,2016,"Crime,Drama,Horror",6.2,16935
tt6692354,ittefaq,2017,"Mystery,Thriller",7.2,16922
tt19652910,eo,2022,Drama,6.7,16920
tt6063090,light of my life,2019,"Drama,Sci-Fi,Thriller",6.6,16911
tt15374070,studio 666,2022,"Comedy,Horror,Music",5.6,16905
tt4721124,the exception,2016,"Drama,History,Romance",6.8,16896
tt15486810,teen wolf the movie,2023,"Action,Comedy,Crime",5.6,16895
tt15576460,zara hatke zara bachke,2023,"Comedy,Drama,Family",5.9,16894
tt11252440,psycho goreman,2020,"Comedy,Horror,Sci-Fi",6.3,16887
tt21942598,freaky tales,2024,"Action,Adventure,Comedy",6.2,16884
tt7541106,1br,2019,"Drama,Horror,Thriller",5.8,16880
tt8378126,queen of hearts,2019,Drama,7.0,16857
tt13349716,shyam singha roy,2021,"Drama,Fantasy,Romance",7.6,16832
tt24577462,afraid,2024,"Horror,Mystery,Sci-Fi",5.2,16830
tt14308636,bank of dave,2023,"Biography,Comedy,Drama",7.1,16805
tt11790780,the alpinist,2021,"Biography,Documentary,Sport",7.9,16802
tt8310474,bruised,2020,"Drama,Sport",6.2,16802
tt8376234,peter rabbit 2 the runaway,2021,"Adventure,Animation,Comedy",6.2,16769
tt15748830,jaane jaan,2023,"Crime,Drama,Mystery",7.0,16726
tt1121948,the killer,2024,"Action,Thriller",5.7,16722
tt4420704,kedi,2016,Documentary,7.6,16722
tt6040662,the children act,2017,Drama,6.7,16718
tt8820590,t34,2018,"Action,War",6.8,16717
tt9139586,arkansas,2020,"Action,Crime,Mystery",6.1,16715
tt5133308,at the end of the tunnel,2016,"Crime,Drama,Thriller",7.0,16713
tt6903440,manikarnika the queen of jhansi,2019,"Action,Biography,Drama",6.4,16678
tt31945132,retro,2025,"Action,Crime,Drama",6.4,16674
tt1935897,amityville the awakening,2017,"Horror,Thriller",4.8,16674
tt9586294,better days,2019,"Crime,Drama,Romance",7.6,16668
tt14349032,the good neighbor,2022,"Crime,Mystery,Thriller",6.0,16650
tt10456740,lost bullet,2020,"Action,Crime,Thriller",6.4,16643
tt1633359,the toxic avenger,2023,"Action,Comedy,Horror",5.9,16615
tt5034266,our souls at night,2017,"Drama,Romance",6.9,16615
tt5117428,wild rose,2018,"Drama,Music",7.1,16596
tt33428606,solo leveling reawakening,2024,"Action,Adventure,Animation",8.7,16569
tt26229612,the diplomat,2025,"Drama,Thriller",7.0,16550
tt5968274,the angel,2018,"Action,Biography,Drama",6.7,16525
tt18363072,the royal hotel,2023,Drama,5.7,16523
tt6016744,the edge of democracy,2019,"Documentary,History",7.3,16507
tt6556890,batman and harley quinn,2017,"Action,Adventure,Animation",5.9,16504
tt33088452,regretting you,2025,"Drama,Romance",6.0,16502
tt3838992,yoga hosers,2016,"Action,Comedy,Horror",4.3,16496
tt16227014,fire of love,2022,"Biography,Documentary",7.6,16495
tt8535968,system crasher,2019,Drama,7.8,16483
tt9006564,2018,2023,"Action,Drama,Thriller",8.3,16473
tt13491678,72 hoorain,2019,"Crime,Drama,Thriller",6.9,16472
tt0441881,danger close,2019,"Action,Drama,War",6.8,16470
tt10098448,jesus revolution,2023,"Biography,Drama,History",7.1,16466
tt7465992,mahanati,2018,"Biography,Drama",8.4,16459
tt2499472,point blank,2019,"Action,Crime,Drama",5.7,16453
tt10739666,satyameva jayate 2,2021,"Action,Crime,Drama",3.3,16421
tt2674454,churchill,2017,"Biography,Drama,History",6.0,16416
tt13066182,the good boss,2021,"Comedy,Drama",7.1,16412
tt9731386,rogue agent,2022,"Action,Adventure,Drama",6.5,16397
tt6101820,perfect strangers,2017,"Comedy,Drama",6.9,16397
tt14176542,bardo false chronicle of a handful of truths,2022,"Comedy,Drama",6.7,16374
tt10627584,the life ahead,2020,Drama,6.8,16369
tt22004344,snack shack,2024,"Comedy,Drama",7.0,16366
tt9883832,moonage daydream,2022,"Biography,Documentary,Music",7.6,16366
tt12393526,bulbbul,2020,"Drama,Horror,Mystery",6.6,16362
tt6857988,i am not an easy man,2018,"Comedy,Fantasy,Romance",6.3,16362
tt6523720,the quake,2018,"Action,Drama,Thriller",6.2,16355
tt8178486,earthquake bird,2019,"Crime,Drama,Mystery",6.0,16350
tt17489650,ash,2025,"Action,Adventure,Horror",4.6,16341
tt21284218,incoming,2024,Comedy,5.8,16329
tt12818328,hundreds of beavers,2022,"Action,Adventure,Comedy",7.6,16318
tt6149154,waiting for the barbarians,2019,"Drama,History",6.0,16312
tt7468056,the outlaws,2017,"Action,Crime,Thriller",7.2,16310
tt8041276,paddleton,2019,"Comedy,Drama",7.2,16305
tt8597594,adverse,2020,"Crime,Thriller",4.2,16297
tt5312232,sairat,2016,"Drama,Romance",8.3,16295
tt8488126,the inventor out for blood in silicon valley,2019,"Crime,Documentary",7.2,16294
tt25471950,flora and son,2023,"Comedy,Music,Romance",7.0,16293
tt5689068,killing gunther,2017,"Action,Comedy,Thriller",4.8,16283
tt4419684,in the lost lands,2025,"Action,Adventure,Fantasy",4.7,16266
tt32359447,hot frosty,2024,"Comedy,Fantasy,Romance",5.3,16263
tt16227342,mr  mrs mahi,2024,"Drama,Sport",5.9,16255
tt13539646,the wandering earth ii,2023,"Action,Adventure,Drama",6.7,16247
tt17277414,jeanne du barry,2023,"Biography,Drama,History",6.7,16235
tt14731254,val,2021,"Biography,Documentary",7.6,16224
tt21113540,el conde,2023,"Comedy,Fantasy,History",6.3,16218
tt7781432,the mortuary collection,2019,"Fantasy,Horror",6.4,16195
tt7616148,luce,2019,"Drama,Mystery,Thriller",6.6,16192
tt12889404,cyrano,2021,"Drama,Musical,Romance",6.4,16170
tt7027278,kedarnath,2018,"Drama,Romance",6.8,16165
tt7545266,like a boss,2020,Comedy,4.7,16158
tt11127690,the paramedic,2020,"Crime,Drama,Thriller",5.7,16155
tt30796448,the greatest night in pop,2024,"Documentary,Music",7.9,16141
tt7721946,housefull 4,2019,"Action,Comedy,Drama",3.6,16134
tt3263946,trial by fire,2018,"Biography,Drama",7.1,16122
tt14865406,deep fear,2023,"Action,Horror,Thriller",3.9,16100
tt31888477,downton abbey the grand finale,2025,Drama,7.3,16075
tt2667380,kill command,2016,"Action,Horror,Sci-Fi",5.7,16065
tt5713232,madaari,2016,"Drama,Thriller",7.6,16032
tt11204094,the duke,2020,"Biography,Comedy,Crime",6.9,16027
tt30422937,nadaaniyan,2025,"Drama,Romance",3.0,16024
tt26547864,the conference,2023,"Comedy,Horror,Mystery",5.7,15991
tt16900880,kill boksoon,2023,"Action,Thriller",6.6,15990
tt11169050,supernova,2020,"Drama,Romance",6.9,15986
tt8615822,occupation rainfall,2020,"Action,Sci-Fi",4.7,15984
tt15980138,kishkindha kaandam,2024,"Drama,Mystery,Thriller",8.0,15982
tt6299040,the ghazi attack,2017,"Action,Drama,Thriller",7.5,15974
tt5073620,below her mouth,2016,"Drama,Romance",5.5,15969
tt11762434,cosmic sin,2021,"Action,Sci-Fi",2.5,15965
tt14714980,poker face,2022,"Action,Crime,Thriller",5.2,15965
tt10399608,piggy,2022,"Drama,Horror,Thriller",6.1,15963
tt14592948,loving adults,2022,"Crime,Drama,Thriller",6.5,15961
tt10457128,summer of 85,2020,"Drama,Romance",6.9,15958
tt11240506,nobody sleeps in the woods tonight,2020,"Comedy,Fantasy,Horror",4.9,15957
tt8085790,little,2019,"Comedy,Fantasy,Romance",5.6,15956
tt2417712,goon last of the enforcers,2017,"Comedy,Sport",5.8,15951
tt12861850,chandigarh kare aashiqui,2021,"Crime,Drama",6.7,15943
tt2090465,black butterfly,2017,"Drama,Mystery,Thriller",6.1,15931
tt15893750,rye lane,2023,"Comedy,Drama,Romance",7.2,15922
tt5175450,mark felt the man who brought down the white house,2017,"Biography,Drama,History",6.4,15915
tt6067752,lucifer,2019,"Action,Crime,Drama",7.5,15914
tt5179598,billionaire boys club,2018,"Biography,Drama,Thriller",5.6,15900
tt8829830,fatale,2020,"Drama,Mystery,Romance",5.5,15898
tt7574556,dead of winter,2025,"Action,Thriller",6.1,15887
tt2716382,sea fever,2019,"Drama,Horror,Mystery",5.7,15883
tt21279138,maid in malacañang,2022,"Biography,Drama",3.8,15856
tt11307814,red dot,2021,"Drama,Horror,Thriller",5.5,15817
tt8333746,pinocchio,2019,"Drama,Family,Fantasy",6.3,15798
tt11651796,ak vs ak,2020,"Comedy,Crime,Drama",6.9,15788
tt6474040,stockholm,2018,"Biography,Comedy,Crime",6.1,15783
tt10344522,four good days,2020,Drama,6.6,15760
tt9058654,dinner in america,2020,"Comedy,Drama,Music",7.5,15755
tt26394837,code 3,2025,"Action,Comedy,Drama",7.2,15742
tt3991412,the 9th life of louis drax,2016,"Drama,Mystery,Thriller",6.3,15737
tt3622110,dont knock twice,2016,"Drama,Fantasy,Horror",5.1,15735
tt5225338,the eyes of my mother,2016,"Drama,Horror,Thriller",6.2,15723
tt22036406,kanguva,2024,"Action,Adventure,Fantasy",4.5,15723
tt4501268,maharaj,2024,"Biography,Crime,Drama",6.5,15696
tt8521718,the united states vs billie holiday,2021,"Biography,Drama,Music",6.3,15679
tt19704638,our father,2022,"Crime,Documentary",6.6,15653
tt10930586,shikara,2020,"Drama,History,Romance",3.4,15650
tt30319503,dìdi,2024,"Comedy,Drama",7.3,15646
tt11364772,kabzaa,2023,"Action,Crime,Thriller",4.6,15643
tt6372694,prisoners of the ghostland,2021,"Fantasy,Horror,Thriller",4.2,15638
tt11044858,nocturne,2020,"Drama,Horror,Music",5.7,15624
tt32332404,keeper,2025,Horror,5.5,15620
tt2582500,shut in,2016,"Drama,Horror,Mystery",4.8,15617
tt6920356,the souvenir,2019,"Drama,Romance",6.4,15599
tt7689964,rbg,2018,"Biography,Documentary",7.6,15584
tt8963708,and then we danced,2019,"Drama,Romance",7.6,15581
tt2372251,down a dark hall,2018,"Drama,Fantasy,Horror",5.1,15579
tt7615302,red joan,2018,"Biography,Drama,History",6.4,15577
tt15218000,fire island,2022,"Comedy,Romance",6.7,15576
tt3562110,kesari chapter 2 the untold story of jallianwala bagh,2025,"Drama,History",8.0,15568
tt5301942,jersey,2022,"Drama,Sport",7.3,15563
tt10404944,the stronghold,2020,"Action,Crime,Drama",6.9,15563
tt2093991,elvis  nixon,2016,"Comedy,History",6.3,15561
tt3714720,the hollars,2016,"Comedy,Drama,Romance",6.6,15535
tt8045906,words on bathroom walls,2020,"Drama,Romance",7.2,15534
tt14002046,bheeshma parvam,2022,"Action,Crime,Drama",7.5,15531
tt2296777,sherlock gnomes,2018,"Adventure,Animation,Comedy",5.3,15516
tt7464188,in fabric,2018,"Comedy,Drama,Fantasy",6.1,15500
tt6610158,rust creek,2018,"Action,Crime,Drama",5.9,15497
tt9500372,pocket hercules naim süleymanoglu,2019,"Biography,Drama,History",8.2,15477
tt6173990,gold,2018,"Drama,History,Sport",7.3,15472
tt6803212,dont let go,2019,"Drama,Horror,Mystery",6.4,15452
tt2032572,uss indianapolis men of courage,2016,"Action,Drama,History",5.3,15446
tt8908002,luka chuppi,2019,"Comedy,Romance",6.4,15444
tt5164184,in darkness,2018,"Mystery,Thriller",5.8,15427
tt14030816,baghead,2023,"Horror,Mystery,Thriller",5.4,15427
tt4936450,graduation,2016,"Crime,Drama",7.3,15416
tt27930683,agni,2024,"Action,Drama",7.1,15414
tt13022984,khuda haafiz chapter 2  agni pariksha,2022,"Action,Crime,Drama",7.4,15390
tt4600952,guardians,2017,"Action,Adventure,Comedy",4.1,15388
tt5071886,kabali,2016,"Action,Crime,Drama",6.1,15383
tt11281220,intoxicated by love,2024,"Drama,History,Romance",7.0,15372
tt5270948,chappaquiddick,2017,"Biography,Drama,History",6.4,15372
tt27812086,cleaner,2025,"Action,Drama,Thriller",5.2,15370
tt4120176,things to come,2016,Drama,6.9,15358
tt8907992,the girl on the train,2021,"Crime,Drama,Mystery",4.0,15346
tt4731148,attraction,2017,"Action,Drama,Romance",5.6,15340
tt7745068,my hero academia two heroes,2018,"Action,Adventure,Animation",7.3,15314
tt32434379,my fault london,2025,"Drama,Romance",6.2,15309
tt9541602,extreme job,2019,"Action,Comedy,Crime",7.1,15307
tt0783640,the last full measure,2019,"Drama,War",6.8,15297
tt9898858,coffee  kareem,2020,"Action,Comedy,Crime",5.2,15286
tt7957694,the last summer,2019,"Comedy,Romance",5.6,15277
tt31567422,night always comes,2025,"Crime,Drama,Thriller",5.9,15277
tt4876134,the misfits,2021,"Action,Adventure,Comedy",4.5,15270
tt27419292,killer heat,2024,"Crime,Drama,Mystery",5.6,15268
tt5952594,the mustang,2019,Drama,6.8,15265
tt5254610,final score,2018,"Action,Adventure,Drama",5.8,15262
tt9779516,i still believe,2020,"Biography,Drama,Music",6.5,15260
tt34276058,the family plan 2,2025,"Action,Comedy,Family",5.6,15258
tt5159414,escape room,2017,"Horror,Thriller",4.2,15249
tt6237612,accident man,2018,"Action,Adventure,Comedy",6.2,15246
tt9731682,crisis,2021,"Drama,Thriller",6.2,15237
tt8002382,the marsh kings daughter,2023,"Crime,Drama,Mystery",5.9,15233
tt14456350,about fate,2022,"Comedy,Romance",6.4,15209
tt7378922,summer of soul or when the revolution could not be televised,2021,"Documentary,History,Music",8.0,15201
tt8739752,the collini case,2019,"Crime,Drama,Thriller",7.3,15193
tt9738784,persian lessons,2020,"Drama,War",7.4,15185
tt7589524,aniara,2018,"Drama,Sci-Fi",6.3,15183
tt6588966,hichki,2018,"Comedy,Drama",7.5,15180
tt9860566,brothers,2024,"Action,Comedy,Crime",5.4,15172
tt7725626,viswasam,2019,"Action,Drama",7.1,15145
tt15838850,the roundup,2022,"Action,Crime,Thriller",7.0,15144
tt11199410,the princess switch switched again,2020,"Comedy,Drama,Family",5.5,15142
tt14217100,ferry,2021,"Action,Crime,Drama",7.0,15136
tt15463032,love in the villa,2022,"Comedy,Romance",5.5,15132
tt5539054,you get me,2017,"Crime,Drama,Mystery",4.7,15117
tt10919240,malik,2021,"Action,Biography,Crime",8.0,15112
tt13097336,the lady of heaven,2021,"Action,Drama,History",5.7,15090
tt8231668,good on paper,2021,"Comedy,Romance",5.6,15084
tt13087796,im your man,2021,"Comedy,Drama,Romance",7.1,15082
tt10714856,feel the beat,2020,"Comedy,Drama,Family",6.3,15077
tt4814290,te3n,2016,"Crime,Drama,Mystery",7.2,15075
tt13070038,after ever happy,2022,"Drama,Romance",4.8,15039
tt5867800,aruvi,2016,Drama,8.3,15036
tt14454876,golda,2023,"Biography,Drama,History",6.0,15034
tt5729348,memoir of a murderer,2017,"Action,Crime,Mystery",7.2,15022
tt7461686,daddio,2023,Drama,6.6,14989
tt28717622,bomb,2025,"Comedy,Drama",6.2,14978
tt8959820,petta,2019,"Action,Drama",7.2,14976
tt7074886,the front runner,2018,"Biography,Drama,History",6.1,14949
tt11681250,godmothered,2020,"Comedy,Drama,Family",6.1,14941
tt10384744,heroic losers,2019,"Adventure,Comedy,Crime",7.2,14928
tt13045890,paper lives,2021,Drama,6.6,14926
tt3216348,incarnate,2016,"Horror,Thriller",5.3,14920
tt8106160,the american meme,2018,Documentary,6.1,14904
tt6206564,trapped,2016,"Drama,Thriller",7.5,14901
tt20201748,greedy people,2024,"Comedy,Crime,Thriller",6.2,14888
tt15516726,selfiee,2023,"Action,Comedy,Drama",5.7,14879
tt7125774,balloon,2018,"Drama,History,Thriller",7.5,14871
tt27051027,love li,2024,"Drama,Romance",6.5,14840
tt2226162,hunter hunter,2020,"Drama,Horror,Mystery",6.4,14839
tt5085924,wildling,2018,"Drama,Fantasy,Horror",5.5,14837
tt15340724,20th century girl,2022,"Drama,Romance",7.4,14836
tt14900738,meet cute,2022,"Comedy,Drama,Fantasy",5.7,14823
tt5340300,lean on pete,2017,"Adventure,Drama,Sport",7.1,14817
tt7601480,major grom plague doctor,2021,"Action,Comedy,Crime",6.3,14809
tt4720702,bushwick,2017,"Action,Thriller",5.2,14797
tt5181830,wendell  wild,2022,"Adventure,Animation,Comedy",6.4,14794
tt27197387,aka,2023,"Action,Crime,Thriller",6.6,14794
tt34915705,tourist family,2025,"Comedy,Drama",8.2,14790
tt7042862,the man who killed hitler and then the bigfoot,2018,"Adventure,Drama,Sci-Fi",5.7,14787
tt13249596,father of the bride,2022,"Comedy,Drama,Romance",5.9,14781
tt4061620,firebird,2021,"Biography,Drama,Romance",7.1,14780
tt36642456,haq,2025,Drama,7.9,14780
tt4859168,then came you,2018,"Comedy,Drama,Romance",6.9,14774
tt5222918,the other side of hope,2017,"Comedy,Drama",7.2,14762
tt8883486,medieval,2022,"Action,Drama,History",5.9,14736
tt5690810,ophelia,2018,"Drama,Romance,Thriller",6.5,14731
tt13978306,brazen,2022,"Crime,Drama,Mystery",4.2,14724
tt6367558,double lover,2017,"Drama,Romance,Thriller",6.2,14717
tt6277440,the bride of badrinath,2017,"Comedy,Drama,Romance",6.1,14717
tt24509990,the hatchet wielding hitchhiker,2023,"Crime,Documentary",6.2,14708
tt19811010,the remarkable life of ibelin,2024,"Animation,Biography,Documentary",8.1,14699
tt11893274,downfall the case against boeing,2022,Documentary,7.4,14660
tt5592878,errementari,2017,"Fantasy,Horror",6.4,14655
tt1718924,a family man,2016,Drama,6.5,14638
tt14145426,beavis and butthead do the universe,2022,"Animation,Comedy,Sci-Fi",7.0,14633
tt6722802,marlowe,2022,"Crime,Drama,Mystery",5.4,14631
tt4558376,downhill,2020,"Comedy,Drama",4.9,14631
tt4065552,the unknown soldier,2017,"Drama,War",7.7,14630
tt9005184,dual,2022,"Comedy,Drama,Sci-Fi",5.8,14624
tt6892400,the girl in the fog,2017,"Crime,Drama,Mystery",6.8,14615
tt3100274,manhattan night,2016,"Crime,Drama,Mystery",6.2,14615
tt6288694,acts of vengeance,2017,"Action,Drama,Thriller",5.7,14612
tt14160834,rustin,2023,"Biography,Drama,History",6.5,14600
tt11687104,alice darling,2022,"Drama,Mystery,Romance",5.6,14578
tt4486986,all i see is you,2016,"Drama,Mystery",5.4,14561
tt23790740,srikanth,2024,"Biography,Drama",7.4,14549
tt14859416,burning days,2022,"Drama,Thriller",7.4,14547
tt12335692,last man down,2021,"Action,Sci-Fi",3.5,14540
tt26744289,infested,2023,Horror,6.2,14532
tt16252698,passages,2023,"Drama,Romance",6.6,14522
tt30852970,lover stalker killer,2024,"Crime,Documentary",7.0,14510
tt9308382,the high note,2020,"Drama,Music,Romance",6.4,14509
tt31998881,oh what fun,2025,Comedy,5.3,14503
tt5709188,axl,2018,"Action,Adventure,Drama",5.3,14471
tt7608534,christmas inheritance,2017,"Comedy,Drama,Romance",5.7,14470
tt5420210,the comeback trail,2020,"Comedy,Crime",5.7,14465
tt23036080,thank you for coming,2023,Comedy,4.2,14454
tt4844140,true history of the kelly gang,2019,"Action,Biography,Crime",6.0,14452
tt29114029,the tearsmith,2024,"Drama,Fantasy,Romance",5.2,14447
tt8160834,follow me,2020,"Adventure,Horror,Mystery",5.5,14430
tt8456098,karakomik filmler 2 arada,2019,"Comedy,Drama",6.4,14429
tt21983758,the teacher,2022,"Crime,Drama,Thriller",6.3,14428
tt3896738,hounds of love,2016,"Crime,Drama,Thriller",6.5,14414
tt4560008,this beautiful fantastic,2016,"Comedy,Drama,Romance",6.9,14412
tt31969600,thudarum,2025,"Action,Drama",7.5,14406
tt2531318,the beatles eight days a week  the touring years,2016,"Documentary,History,Music",7.8,14397
tt7736478,the traitor,2019,"Biography,Crime,Drama",7.1,14393
tt5598102,faces places,2017,"Adventure,Documentary",7.8,14386
tt4799064,mindhorn,2016,"Action,Adventure,Comedy",6.3,14380
tt13655120,iss,2023,"Sci-Fi,Thriller",5.3,14377
tt10308928,force of nature,2020,"Action,Adventure,Crime",4.6,14376
tt11225626,am i ok,2022,"Comedy,Drama,Romance",6.1,14355
tt7897330,deadly illusions,2021,"Crime,Drama,Mystery",3.8,14347
tt5616294,spinning man,2018,"Drama,Mystery,Thriller",5.7,14345
tt4562518,the distinguished citizen,2016,"Comedy,Drama",7.5,14298
tt27155038,ruby gillman teenage kraken,2023,"Action,Adventure,Animation",5.7,14274
tt5941692,miss bala,2019,"Action,Crime,Drama",5.8,14270
tt4824308,gods not dead 2,2016,Drama,4.4,14262
tt10808832,let them all talk,2020,"Comedy,Drama",6.1,14261
tt1785635,the vault,2017,"Crime,Horror,Mystery",4.9,14252
tt6169694,i think were alone now,2018,"Drama,Mystery,Sci-Fi",5.8,14250
tt18376122,pamela a love story,2023,"Biography,Documentary",7.2,14243
tt2989524,carrie pilby,2016,"Comedy,Drama",6.7,14238
tt17592606,daman,2022,"Adventure,Drama",8.5,14235
tt9244554,last looks,2021,"Action,Comedy,Crime",5.8,14224
tt8430598,shirley,2020,"Biography,Drama,Mystery",6.1,14221
tt5290524,quo vado,2016,Comedy,6.7,14218
tt26915336,mars express,2023,"Action,Animation,Mystery",7.5,14217
tt19883634,the old oak,2023,Drama,7.1,14216
tt9124428,champion,2018,"Biography,Drama,Romance",8.2,14207
tt22170036,captain miller,2024,"Action,Adventure,Drama",7.1,14199
tt10706602,collective,2019,"Crime,Documentary",8.1,14193
tt7291268,gaga five foot two,2017,"Documentary,Music",7.0,14178
tt30783769,kaam chalu hai,2024,Drama,7.0,14178
tt24852126,jingle bell heist,2025,"Comedy,Crime,Romance",5.8,14159
tt6506264,the colony,2021,"Action,Adventure,Sci-Fi",5.4,14149
tt2016303,the bricklayer,2023,"Action,Thriller",5.2,14137
tt3208026,black 47,2018,"Action,Drama,History",6.8,14110
tt7178640,superintelligence,2020,"Action,Comedy,Romance",5.5,14109
tt13061914,locked down,2021,"Comedy,Crime,Romance",5.3,14109
tt5294966,after the storm,2016,"Comedy,Drama",7.4,14103
tt3661394,the one and only ivan,2020,"Adventure,Comedy,Drama",6.6,14102
tt10340562,etharkkum thunindhavan,2022,"Action,Crime,Drama",6.4,14099
tt6020800,gold,2022,"Action,Adventure,Drama",5.4,14081
tt10333912,gulabo sitabo,2020,"Comedy,Drama",6.3,14067
tt5221894,the other me,2016,"Crime,Drama,Mystery",7.9,14061
tt19858164,little bone lodge,2023,"Crime,Mystery,Thriller",6.0,14039
tt33247023,splitsville,2025,Comedy,6.4,14015
tt8652818,violet evergarden the movie,2020,"Animation,Drama,Fantasy",8.3,14006
tt22173666,azrael,2024,"Action,Horror",5.3,14001
tt8439854,lust stories,2018,"Drama,Romance",6.3,13998
tt13236566,operation christmas drop,2020,"Comedy,Family,Romance",5.9,13997
tt23475174,sarfira,2024,Drama,7.0,13994
tt15289240,the curse of bridge hollow,2022,"Adventure,Comedy,Family",5.6,13988
tt6684714,acts of violence,2018,"Action,Crime,Thriller",5.3,13980
tt13923456,mafia mamma,2023,"Action,Comedy,Crime",5.4,13968
tt10505918,l2 empuraan,2025,"Action,Crime,Thriller",6.2,13952
tt14145436,pet sematary bloodlines,2023,"Fantasy,Horror",4.6,13921
tt14056466,yudhra,2024,"Action,Drama,Thriller",4.9,13918
tt6902696,gloria bell,2018,"Comedy,Drama,Music",6.3,13905
tt6704776,the photographer of mauthausen,2018,"Biography,Drama,History",6.8,13899
tt32765621,sipahi,2024,Drama,7.2,13895
tt11951276,the other zoey,2023,"Comedy,Drama,Romance",5.9,13889
tt19861162,the return,2024,"Adventure,Drama,History",6.3,13885
tt18079362,80 for brady,2023,"Comedy,Drama,Sport",5.9,13876
tt32323252,christy,2025,"Biography,Drama,History",6.4,13868
tt27056066,sky force,2025,"Action,Drama,Thriller",6.8,13858
tt6386748,birds of passage,2018,"Crime,Drama",7.5,13858
tt26160190,unlocked,2023,"Crime,Drama,Mystery",6.4,13857
tt2112096,absolutely fabulous the movie,2016,"Comedy,Crime",5.4,13852
tt5213534,oasis supersonic,2016,"Biography,Documentary,Music",7.8,13846
tt23804696,hit the 3rd case,2025,"Action,Crime,Thriller",6.9,13826
tt5275828,lo and behold reveries of the connected world,2016,Documentary,7.0,13822
tt4714568,the young offenders,2016,"Adventure,Comedy,Crime",7.1,13821
tt21991654,sympathy for the devil,2023,"Action,Thriller",5.5,13816
tt19862722,find me falling,2024,"Comedy,Music,Romance",6.3,13810
tt13880104,happening,2021,Drama,7.4,13780
tt9098938,sharmaji namkeen,2022,"Comedy,Drama,Family",7.4,13774
tt4769824,in this corner of the world,2016,"Animation,Drama,History",7.8,13772
tt8195518,cuck,2019,"Crime,Drama,Thriller",4.4,13769
tt4129428,jagga jasoos,2017,"Adventure,Comedy,Musical",6.4,13751
tt20048582,canary black,2024,"Action,Drama,Thriller",5.4,13751
tt5842616,veere di wedding,2018,Comedy,3.4,13751
tt6201292,bairavaa,2017,Action,5.8,13728
tt9617456,for sama,2019,"Biography,Documentary,War",8.5,13726
tt11540726,resurrection,2022,"Crime,Drama,Horror",5.9,13720
tt6643972,triple threat,2019,"Action,Thriller",5.6,13703
tt14502344,theythem,2022,"Drama,Horror,Mystery",4.0,13699
tt26233598,raayan,2024,"Action,Crime,Drama",6.5,13685
tt28184712,parking,2023,"Drama,Thriller",7.8,13678
tt5979872,bleach,2018,"Action,Adventure,Fantasy",6.3,13671
tt26596953,forgotten love,2023,"Drama,Romance",7.5,13670
tt30321133,will  harper,2024,Documentary,7.4,13651
tt8296030,you wont be alone,2022,"Drama,Fantasy,Horror",6.4,13639
tt3859980,mohenjo daro,2016,"Action,Adventure,Drama",5.6,13636
tt6842770,wild mountain thyme,2020,"Comedy,Drama,Romance",5.8,13635
tt7869070,the fanatic,2019,"Crime,Drama,Mystery",4.1,13627
tt6428676,wonder park,2019,"Adventure,Animation,Comedy",5.9,13601
tt10954718,dog man,2025,"Action,Adventure,Animation",6.3,13600
tt7063210,the place,2017,"Drama,Mystery,Thriller",7.0,13588
tt4602066,the catcher was a spy,2018,"Biography,Drama,War",6.3,13581
tt33039440,the wrong paris,2025,"Comedy,Drama,Romance",6.1,13580
tt8108200,sonchiriya,2019,"Action,Crime,Drama",7.9,13540
tt6317656,penguin bloom,2020,"Biography,Drama,Family",6.8,13526
tt10451852,nine days,2020,"Drama,Fantasy",6.8,13524
tt32086077,all we imagine as light,2024,"Drama,Romance",7.1,13522
tt4059702,amerigeddon,2016,"Action,Adventure,Drama",3.8,13489
tt31495504,the tank,2025,"Action,Drama,Thriller",6.5,13489
tt11278476,rescued by ruby,2022,"Biography,Drama,Family",7.2,13486
tt6442978,mommy dead and dearest,2017,"Crime,Documentary",7.3,13483
tt7256866,father of the year,2018,Comedy,5.2,13478
tt12547822,run rabbit run,2023,"Drama,Horror,Mystery",5.0,13477
tt6210996,10x10,2018,"Drama,Mystery,Thriller",5.2,13460
tt11284280,cadaver,2020,"Drama,Horror,Thriller",5.2,13448
tt3859272,tragedy girls,2017,"Comedy,Crime,Horror",6.0,13447
tt1667321,on chesil beach,2017,"Drama,Music,Romance",6.3,13425
tt29722855,badland hunters,2024,"Action,Adventure,Crime",6.0,13424
tt6508228,ghosts of war,2020,"Fantasy,Horror,Thriller",5.6,13405
tt11905462,athlete a,2020,"Crime,Documentary,Sport",7.6,13405
tt11210390,asterix  obelix the middle kingdom,2023,"Adventure,Comedy,Family",5.1,13385
tt7076834,satans slaves,2017,"Drama,Horror,Mystery",6.5,13384
tt26903104,saripodhaa sanivaaram,2024,"Action,Crime,Drama",7.1,13381
tt28182736,puppy love,2023,"Comedy,Romance",6.3,13374
tt3771536,shivaay,2016,"Action,Crime,Drama",6.1,13371
tt4180560,otherhood,2019,Comedy,6.1,13370
tt7991508,finestkind,2023,"Crime,Drama,Thriller",6.1,13366
tt16233952,something from tiffanys,2022,"Comedy,Family,Romance",6.2,13357
tt8299768,blow the man down,2019,"Comedy,Crime,Drama",6.4,13353
tt4944596,may god save us,2016,"Crime,Drama,Thriller",7.1,13347
tt27540217,good bad ugly,2025,"Action,Crime,Drama",5.3,13344
tt6972140,blackmail,2018,"Comedy,Drama,Thriller",7.2,13340
tt16437278,the strays,2023,"Drama,Mystery,Thriller",4.9,13340
tt7978758,apollo 10½ a space age childhood,2022,"Adventure,Animation,Drama",7.2,13334
tt21874760,the coffee table,2022,"Comedy,Drama,Horror",6.7,13323
tt8258502,foe,2023,"Drama,Romance,Sci-Fi",5.4,13314
tt18083578,57 seconds,2023,"Sci-Fi,Thriller",5.4,13302
tt10888708,the sleepover,2020,"Action,Adventure,Comedy",5.7,13290
tt5699154,cest la vie,2017,"Comedy,Drama,Romance",6.9,13288
tt8737152,toma,2021,"Biography,Drama,Music",8.6,13286
tt5751998,small town crime,2017,"Action,Crime,Drama",6.6,13265
tt27145269,mr monks last case a monk movie,2023,"Comedy,Crime,Mystery",6.7,13246
tt22086334,dream girl 2,2023,"Comedy,Drama,Romance",5.2,13229
tt1806913,golmaal again,2017,"Action,Comedy,Fantasy",5.0,13229
tt9877170,malang,2020,"Action,Crime,Drama",6.5,13218
tt8869978,batla house,2019,"Action,Crime,Drama",7.2,13209
tt28802657,de de pyaar de 2,2025,"Comedy,Romance",6.4,13209
tt20194882,lonely planet,2024,"Drama,Romance",5.7,13206
tt29929565,opus,2025,"Drama,Music,Thriller",5.7,13200
tt6445414,the coldest game,2019,"History,Sport,Thriller",6.2,13197
tt3859310,how to talk to girls at parties,2017,"Comedy,Music,Romance",5.7,13191
tt15342244,master gardener,2022,"Drama,Mystery,Thriller",6.1,13186
tt32223398,jaat,2025,"Action,Crime,Drama",6.0,13177
tt10023022,clean,2021,"Action,Crime,Drama",5.6,13171
tt31181421,ihostage,2025,"Crime,Drama,Thriller",5.7,13169
tt8058874,we summon the darkness,2019,"Drama,Horror,Music",5.2,13167
tt5207158,south wind,2018,"Crime,Drama,Thriller",7.8,13162
tt5690142,mom,2017,"Crime,Drama,Thriller",7.2,13148
tt10698174,wolf,2021,"Drama,Mystery,Thriller",5.1,13132
tt7058080,angel of mine,2019,"Drama,Mystery,Thriller",6.4,13107
tt11240348,the exorcism,2024,"Horror,Thriller",4.2,13100
tt9794630,the vanished,2020,"Action,Crime,Thriller",5.7,13095
tt21103300,my big fat greek wedding 3,2023,"Comedy,Drama,Romance",5.2,13093
tt4771896,the fury of a patient man,2016,"Crime,Drama,Thriller",6.7,13077
tt10199640,beanpole,2019,"Drama,War",7.2,13076
tt7476116,sink or swim,2018,"Comedy,Drama,Sport",6.9,13067
tt12137964,anything for jackson,2020,"Horror,Mystery",6.3,13066
tt10661848,jagame thandhiram,2021,"Action,Crime,Drama",5.8,13059
tt28490044,evil does not exist,2023,Drama,7.0,13049
tt22743064,yaariyan 2,2023,"Comedy,Drama,Musical",5.0,13040
tt7026488,come true,2020,"Horror,Sci-Fi",5.9,13028
tt6290798,ufo,2018,"Drama,Mystery,Sci-Fi",6.2,13024
tt2935390,the snare,2017,"Horror,Mystery,Thriller",5.5,13022
tt4867110,swiped,2018,"Comedy,Romance",2.8,13019
tt4158876,other people,2016,"Comedy,Drama",6.8,13018
tt14557188,soft  quiet,2022,"Horror,Thriller",6.2,13016
tt24429218,genie,2023,"Comedy,Fantasy",5.9,13010
tt7917178,caveat,2020,"Horror,Mystery,Thriller",5.9,13003
tt23330554,winniethepooh blood and honey 2,2024,"Horror,Mystery,Thriller",4.6,13002
tt4193394,indignation,2016,"Drama,Romance",6.7,12997
tt13795296,thank god,2022,Comedy,5.6,12995
tt33549478,the map that leads to you,2025,"Drama,Romance",6.2,12992
tt20859464,the artifice girl,2022,"Mystery,Sci-Fi,Thriller",6.6,12986
tt8193790,deerskin,2019,"Comedy,Horror",6.6,12979
tt30007864,the american society of magical negroes,2024,"Comedy,Fantasy",3.8,12972
tt3053228,day of the dead bloodline,2017,"Action,Drama,Horror",3.5,12968
tt5884234,first kill,2017,"Action,Thriller",5.0,12967
tt6537238,salyut7 the true story of the soviet apollo 13,2017,"Adventure,Drama,History",7.2,12961
tt1273221,london fields,2018,"Crime,Mystery,Thriller",3.9,12960
tt21106646,the next 365 days,2022,"Drama,Romance",2.9,12950
tt8269248,vakeel saab,2021,"Action,Drama,Thriller",6.9,12934
tt2404465,troop zero,2019,"Comedy,Drama,Family",6.9,12930
tt5310090,irudhi suttru,2016,"Drama,Sport",7.6,12929
tt8709036,a christmas prince the royal wedding,2018,"Comedy,Drama,Romance",5.3,12926
tt7209472,aiyai wrathful soul,2020,"Mystery,Thriller",4.1,12925
tt1552211,the last days of american crime,2020,"Action,Crime,Drama",3.8,12921
tt13984924,fauci,2021,"Biography,Documentary,History",6.5,12916
tt6793580,champions,2018,"Comedy,Drama,Family",7.2,12910
tt9738716,the world to come,2020,"Drama,History,Western",6.4,12897
tt28254460,sly,2023,"Biography,Documentary",7.0,12893
tt6087226,coma,2019,"Action,Adventure,Mystery",6.3,12866
tt3322892,xx,2017,Horror,4.6,12847
tt14833464,players,2024,"Comedy,Romance",5.7,12840
tt6843812,baaghi 2,2018,"Action,Crime,Drama",4.7,12837
tt6760876,wasp network,2019,"Crime,Drama,Thriller",5.9,12834
tt10709484,don,2022,"Comedy,Romance",6.8,12833
tt30216176,lady ballers,2023,"Comedy,Sport",5.7,12833
tt1918734,2067,2020,"Mystery,Sci-Fi",4.9,12822
tt3082898,kickboxer vengeance,2016,"Action,Crime,Drama",4.9,12821
tt19887550,good grief,2023,"Comedy,Drama,Romance",6.4,12811
tt1291566,the vanishing of sidney hall,2017,"Drama,Mystery,Romance",6.8,12810
tt15944428,ghoomer,2023,"Drama,Sport",7.5,12807
tt12415546,attack on titan chronicle,2020,"Action,Adventure,Animation",8.4,12804
tt18257464,polite society,2023,"Action,Comedy",6.6,12803
tt16953666,the night of the 12th,2022,"Crime,Drama,Mystery",7.0,12799
tt7638344,dhadak,2018,"Drama,Romance",4.7,12798
tt13694628,nitram,2021,"Crime,Drama,Thriller",7.1,12795
tt33053440,champagne problems,2025,"Comedy,Romance",6.0,12788
tt2160105,i still see you,2018,"Fantasy,Horror,Mystery",5.8,12788
tt6473066,clouds,2020,"Biography,Drama,Music",7.5,12788
tt15680228,bheed,2023,"Drama,History",6.6,12786
tt7758160,goodachari,2018,"Action,Thriller",7.8,12782
tt10895556,rashmi rocket,2021,"Drama,Sport",7.1,12782
tt15364972,sanctuary,2022,"Drama,Romance,Thriller",6.2,12780
tt1648186,fishermans friends,2019,"Comedy,Drama,Music",7.0,12780
tt13429362,in the earth,2021,"Drama,Horror,Mystery",5.1,12768
tt8001346,asterix the secret of the magic potion,2018,"Adventure,Animation,Comedy",6.7,12750
tt11656220,midnight in the switchgrass,2021,"Crime,Mystery,Thriller",4.6,12747
tt14813212,the munsters,2022,"Comedy,Family,Fantasy",4.5,12739
tt13206926,joji,2021,"Crime,Drama",7.7,12735
tt14060232,infinite storm,2022,"Drama,Thriller",5.3,12732
tt15242330,the first slam dunk,2022,"Animation,Comedy,Drama",8.0,12729
tt6675244,transit,2018,"Drama,Sci-Fi",6.9,12725
tt6003368,diary of a wimpy kid the long haul,2017,"Adventure,Comedy,Family",4.3,12718
tt1723808,reagan,2024,"Biography,Drama,History",6.2,12716
tt6143568,the humanity bureau,2017,"Action,Sci-Fi,Thriller",4.5,12711
tt2436682,the duel,2016,"Drama,Western",5.8,12710
tt9207700,made in italy,2020,"Comedy,Drama,Romance",6.0,12696
tt3839880,infinity chamber,2016,"Sci-Fi,Thriller",6.2,12694
tt8399288,memoria,2021,"Drama,Mystery,Sci-Fi",6.4,12692
tt12592252,songbird,2020,"Drama,Sci-Fi,Thriller",4.8,12687
tt36376123,ajey the untold story of a yogi,2025,"Biography,Drama",5.7,12685
tt6495770,action point,2018,Comedy,5.2,12677
tt1544608,voice from the stone,2017,"Drama,Mystery,Thriller",5.2,12674
tt3038708,iron sky the coming race,2019,"Action,Adventure,Comedy",5.0,12674
tt10644708,dhokha,2022,"Crime,Drama,Thriller",6.2,12668
tt5539052,the polka king,2017,"Biography,Comedy,Drama",6.0,12664
tt27986457,she rides shotgun,2025,"Action,Drama,Thriller",6.5,12649
tt13989030,the royal treatment,2022,"Comedy,Family,Romance",5.3,12648
tt5456546,judwaa 2,2017,"Action,Comedy,Romance",3.7,12641
tt21979910,the passenger,2023,"Drama,Thriller",6.4,12634
tt10993566,miami bici,2020,"Comedy,Crime",6.1,12632
tt5752192,meander,2020,"Drama,Horror,Mystery",5.4,12619
tt7220754,heavy trip,2018,"Comedy,Music",7.0,12617
tt31747163,what jennifer did,2024,"Crime,Documentary",6.1,12613
tt11833648,the book of sun,2020,Comedy,7.9,12613
tt10332588,finding ohana,2021,"Action,Adventure,Comedy",6.1,12595
tt32495687,sookshma darshini,2024,"Comedy,Mystery,Thriller",7.8,12582
tt14438964,goodbye,2022,"Comedy,Drama,Family",6.8,12573
tt1974420,rules dont apply,2016,"Comedy,Drama,Romance",5.7,12549
tt5498354,horizon line,2020,"Adventure,Drama,Horror",4.8,12545
tt4106376,american renegades,2017,"Action,Adventure,Crime",5.5,12518
tt9071456,the people we hate at the wedding,2022,Comedy,5.8,12494
tt3686998,the red pill,2016,Documentary,7.9,12491
tt8258074,fantastic fungi,2019,Documentary,7.4,12485
tt11107074,my hero academia heroes rising,2019,"Action,Adventure,Animation",7.8,12475
tt12226632,big george foreman,2023,"Biography,Drama,Sport",6.7,12473
tt27542289,por thozhil,2023,"Action,Crime,Thriller",8.0,12465
tt4559046,housefull 3,2016,Comedy,5.0,12461
tt31116092,14 days girlfriend intlo,2025,"Comedy,Romance",6.0,12458
tt8233874,extra ordinary,2019,"Comedy,Fantasy,Horror",6.4,12458
tt31519456,la dolce villa,2025,"Comedy,Romance",6.0,12451
tt2865120,ratchet  clank,2016,"Action,Adventure,Animation",5.5,12446
tt13055780,a california christmas,2020,"Comedy,Drama,Romance",5.9,12436
tt11820950,the portable door,2023,"Adventure,Comedy,Fantasy",6.2,12433
tt29232158,troll 2,2025,"Action,Adventure,Drama",5.3,12427
tt2582498,sweet virginia,2017,"Drama,Thriller",6.2,12425
tt15710136,yashoda,2022,"Action,Crime,Sci-Fi",6.5,12423
tt5824826,pelli choopulu,2016,"Comedy,Drama,Romance",8.2,12417
tt12672620,the three musketeers milady,2023,"Action,Adventure,Drama",6.4,12404
tt8075016,the courier,2019,"Action,Crime,Drama",4.8,12404
tt10303324,survive the night,2020,"Action,Drama,Thriller",4.0,12403
tt7158430,hearts beat loud,2018,"Comedy,Drama,Music",6.9,12395
tt4129870,white girl,2016,"Crime,Drama",5.7,12392
tt8262802,the holiday calendar,2018,"Drama,Fantasy,Romance",5.7,12389
tt15807910,i used to be famous,2022,"Comedy,Drama,Music",6.6,12376
tt15576290,do aur do pyaar,2024,"Comedy,Drama,Romance",6.4,12375
tt5119116,pyewacket,2017,"Drama,Horror,Mystery",5.8,12374
tt7394816,primal,2019,"Action,Thriller",4.9,12372
tt15281656,the holy trinity,2023,Horror,1.7,12369
tt6522546,spyder,2017,"Action,Crime,Thriller",6.3,12351
tt11991748,rurouni kenshin final chapter part ii  the beginning,2021,"Action,Adventure,Drama",7.4,12340
tt3517870,mine 9,2019,"Drama,Thriller",6.0,12336
tt5700224,two lottery tickets,2016,Comedy,7.5,12335
tt28277817,bird,2024,Drama,7.0,12331
tt36943034,the voice of hind rajab,2025,Drama,8.3,12329
tt13575806,back to the outback,2021,"Adventure,Animation,Comedy",6.5,12325
tt13430858,whats love got to do with it,2022,"Comedy,Drama,Romance",6.3,12324
tt4419364,holidays,2016,"Fantasy,Horror,Mystery",5.1,12322
tt7204348,el angel,2018,"Biography,Crime,Drama",6.9,12315
tt9625664,trauma center,2019,"Action,Thriller",4.0,12308
tt15440322,dasara,2023,"Action,Adventure,Drama",6.6,12307
tt12683756,the chalk line,2022,"Horror,Mystery,Thriller",6.1,12300
tt21837726,the redeem team,2022,"Documentary,History,Sport",7.4,12299
tt13638858,what you wish for,2023,Thriller,6.7,12298
tt11322920,ayyappanum koshiyum,2020,"Action,Drama,Thriller",8.0,12294
tt5591666,the domestics,2018,"Action,Horror,Sci-Fi",5.7,12293
tt10741542,sherni,2021,"Action,Adventure,Drama",6.8,12293
tt21440780,how to blow up a pipeline,2022,"Action,Crime,Drama",6.9,12289
tt3780500,journeys end,2017,"Drama,War",6.7,12289
tt11426572,wedding season,2022,"Comedy,Romance",6.4,12283
tt10598156,dhaakad,2022,"Action,Thriller",3.8,12275
tt12930350,my spy the eternal city,2024,"Action,Comedy",5.7,12263
tt8655470,the specials,2019,"Comedy,Drama",7.4,12263
tt5555502,the african doctor,2016,"Biography,Comedy,Drama",7.0,12257
tt26927452,hurry up tomorrow,2025,Thriller,4.2,12254
tt4217392,kung fu yoga,2017,"Action,Adventure,Comedy",5.2,12239
tt9772374,bloody hell,2020,"Comedy,Horror,Mystery",6.6,12235
tt4370784,the innocents,2016,"Drama,History",7.3,12232
tt13793230,jaadugar,2022,"Comedy,Drama,Fantasy",6.8,12226
tt5360996,mary magdalene,2018,"Biography,Drama,History",5.9,12216
tt26733325,homebound,2025,Drama,8.0,12204
tt8743064,see you yesterday,2019,"Action,Adventure,Crime",5.3,12198
tt10948718,the heist of the century,2020,"Action,Biography,Comedy",7.1,12189
tt5460880,ideal home,2018,"Comedy,Drama",6.4,12186
tt7851428,first signal,2021,"Drama,Sci-Fi",3.3,12182
tt7038762,best christmas ever,2023,"Comedy,Romance",4.5,12182
tt2353868,true spirit,2023,"Adventure,Biography,Drama",6.8,12170
tt8858104,guava island,2019,"Comedy,Drama,Music",6.7,12163
tt13885428,anweshippin kandethum,2024,"Crime,Drama,Mystery",7.4,12162
tt6971752,shubh mangal savdhan,2017,"Comedy,Romance",6.9,12160
tt3832096,cabin fever,2016,"Horror,Sci-Fi,Thriller",3.7,12157
tt2315582,una,2016,Drama,6.2,12141
tt5258850,see you up there,2017,"Comedy,Crime,Drama",7.4,12133
tt7312940,singularity,2017,"Action,Adventure,Drama",3.6,12132
tt16253418,no way up,2024,"Action,Adventure,Drama",4.6,12131
tt25274786,kannur squad,2023,"Action,Crime,Drama",7.6,12121
tt3173594,hacker,2016,"Crime,Drama,Thriller",6.1,12121
tt9024106,unplanned,2019,"Biography,Drama",5.5,12120
tt5173032,busters mal heart,2016,"Crime,Drama,Mystery",6.1,12111
tt5075662,the isle,2018,"Fantasy,Mystery,Thriller",4.9,12096
tt15514498,eenie meanie,2025,"Action,Comedy,Drama",5.9,12082
tt7238392,taxi 5,2018,"Action,Comedy,Crime",4.6,12079
tt10717738,anjaam pathiraa,2020,"Crime,Mystery,Thriller",7.9,12077
tt11535228,emergency declaration,2021,"Action,Drama,Thriller",6.8,12057
tt5862166,the poison rose,2019,"Crime,Mystery,Thriller",4.8,12054
tt11809034,rurouni kenshin final chapter part i  the final,2021,"Action,Adventure,Drama",7.2,12053
tt8664988,the blackout,2019,"Action,Sci-Fi,Thriller",6.0,12043
tt29330913,vicky vidya ka woh wala video,2024,Comedy,5.2,12042
tt26783625,bone lake,2024,"Horror,Thriller",5.6,12027
tt8851148,the in between,2022,"Drama,Fantasy,Romance",5.9,12026
tt28679253,eleven,2025,"Crime,Mystery,Thriller",7.4,12026
tt30254719,omniscient reader the prophecy,2025,"Action,Adventure,Drama",5.8,12024
tt7279188,woman at war,2018,"Adventure,Comedy,Drama",7.4,11989
tt5910280,tunnel,2016,"Drama,Thriller",6.8,11982
tt5126922,the pirates of somalia,2017,"Biography,Drama",6.7,11972
tt6204340,bullet head,2017,"Crime,Drama,Thriller",5.4,11968
tt4914580,the age of shadows,2016,"Action,History,Thriller",7.1,11967
tt5813366,bleeding steel,2017,"Action,Sci-Fi,Thriller",5.2,11966
tt27162102,the bhootnii,2025,"Action,Comedy,Horror",3.7,11965
tt5098128,nannaku prematho,2016,"Action,Drama,Thriller",7.5,11958
tt5616176,2 hearts,2020,"Drama,Romance",6.3,11957
tt31800329,the wonderful story of henry sugar and three more,2024,"Comedy,Drama,Fantasy",7.1,11951
tt11142762,pagglait,2021,"Comedy,Drama",6.9,11950
tt8976576,vampires vs the bronx,2020,"Comedy,Horror",5.7,11948
tt8750570,sergio,2020,"Biography,Drama,History",6.2,11934
tt21279420,emergency,2025,"Biography,Drama,History",5.2,11932
tt12616480,slingshot,2024,"Mystery,Sci-Fi,Thriller",5.7,11923
tt5215088,ai rising,2018,"Drama,Romance,Sci-Fi",4.9,11921
tt33307144,court  state vs a nobody,2025,Drama,7.9,11918
tt3255590,el camino christmas,2017,"Comedy,Crime,Western",5.7,11906
tt15073166,ib 71,2023,"Action,Thriller",7.1,11902
tt14407336,the beast,2023,"Drama,Romance,Sci-Fi",6.5,11895
tt6081670,possum,2018,"Drama,Horror,Mystery",5.8,11890
tt6598238,life in a year,2020,"Drama,Romance",6.3,11884
tt21335356,please dont destroy the treasure of foggy mountain,2023,"Action,Adventure,Comedy",6.0,11879
tt22352848,jung_e,2023,"Action,Adventure,Drama",5.5,11877
tt10515086,the blue elephant 2,2019,"Crime,Drama,Horror",8.0,11872
tt14416430,paradox effect,2024,Action,6.0,11870
tt4911940,goodbye berlin,2016,"Comedy,Drama",6.9,11869
tt20316748,twilight of the warriors walled in,2024,"Action,Crime,Thriller",6.9,11868
tt11396310,viduthalai part 1,2023,"Action,Crime,Drama",8.1,11863
tt8433210,a dark foe,2020,"Crime,Drama,Horror",4.0,11855
tt11213372,stuck apart,2021,"Comedy,Drama",6.0,11848
tt14033502,bad luck banging or loony porn,2021,"Adult,Comedy,Drama",6.5,11833
tt7083526,breakthrough,2019,"Biography,Drama",6.3,11825
tt15427980,vaathi,2023,"Action,Drama",7.3,11823
tt15334488,after everything,2023,"Drama,Romance",4.8,11816
tt10023286,the humans,2021,Drama,6.1,11815
tt2069797,delirium,2018,"Horror,Thriller",5.7,11808
tt12422308,sarkaru vaari paata,2022,"Action,Drama",5.6,11803
tt23049270,do not disturb,2023,"Comedy,Drama",6.3,11791
tt11720440,carry on jatta 3,2023,"Comedy,Drama,Romance",5.9,11786
tt15096128,crush,2022,"Comedy,Romance",6.3,11784
tt31322753,twinless,2025,"Comedy,Drama",7.4,11783
tt9026184,girl on the third floor,2019,"Drama,Horror,Mystery",4.7,11782
tt10131024,shut in,2022,"Drama,Thriller",5.7,11779
tt24226474,jigarthanda double x,2023,"Action,Comedy,Drama",8.0,11767
tt16491324,honor society,2022,"Comedy,Romance",6.5,11766
tt32880932,vhsbeyond,2024,"Horror,Sci-Fi,Thriller",5.8,11758
tt14279982,hit the 2nd case,2022,"Crime,Drama,Mystery",7.2,11758
tt16606592,the animal kingdom,2023,"Adventure,Drama,Fantasy",6.7,11757
tt1777606,rosaline,2022,"Comedy,Romance",6.5,11746
tt4851630,maheshinte prathikaaram,2016,"Comedy,Drama,Romance",8.3,11737
tt12879624,josee the tiger and the fish,2020,"Animation,Drama,Romance",7.6,11734
tt4144190,wienerdog,2016,"Comedy,Drama",5.9,11730
tt6436620,white men cant jump,2023,"Comedy,Drama,Sport",5.2,11723
tt6792282,a twelveyear night,2018,"Adventure,Biography,Crime",7.5,11722
tt6113488,the case for christ,2017,"Biography,Drama",6.4,11704
tt28821371,mads,2024,"Horror,Thriller",6.3,11703
tt18568902,kaun pravin tambe,2022,"Biography,Drama,Sport",8.3,11703
tt11121664,blue bayou,2021,"Crime,Drama",7.1,11699
tt15257644,mili,2022,"Drama,Thriller",6.7,11696
tt21994906,your christmas or mine,2022,"Comedy,Romance",6.4,11688
tt4072326,ali and nino,2016,"Drama,Romance,War",6.8,11666
tt11742798,afterlife of the party,2021,"Comedy,Drama,Fantasy",5.8,11660
tt5715066,mortal,2020,"Action,Adventure,Drama",5.9,11659
tt7056732,midnight runners,2017,"Action,Comedy",7.3,11648
tt9148706,misbehaviour,2020,"Comedy,Drama,History",6.4,11646
tt11242218,books of blood,2020,"Drama,Horror,Mystery",5.6,11642
tt4139928,the legend of maula jatt,2022,"Action,Drama,Fantasy",8.4,11628
tt3696180,the forgiven,2021,Drama,6.1,11627
tt4864932,baaghi,2016,"Action,Drama,Romance",5.4,11626
tt8745960,daniel isnt real,2019,"Drama,Fantasy,Horror",6.0,11622
tt15140278,coup de chance,2023,"Comedy,Crime,Drama",6.4,11614
tt27542448,take care of maya,2023,Documentary,7.7,11610
tt24870072,locked in,2023,"Drama,Mystery,Thriller",5.1,11608
tt1545304,desperados,2020,"Comedy,Romance",5.2,11605
tt5668770,mardaani 2,2019,"Action,Crime,Drama",7.3,11605
tt20879602,maybe i do,2023,"Comedy,Romance",5.0,11598
tt13235822,umma,2022,"Drama,Horror,Mystery",4.7,11597
tt24216998,humanist vampire seeking consenting suicidal person,2023,"Comedy,Drama,Fantasy",7.0,11596
tt13364468,love hostel,2022,"Crime,Romance,Thriller",5.6,11578
tt12800524,encounter,2021,"Drama,Sci-Fi,Thriller",5.9,11575
tt4610378,the resistance banker,2018,"Biography,Drama,War",6.9,11570
tt10243672,joy,2024,"Biography,Drama,History",7.1,11562
tt5770864,the man from earth holocene,2017,"Drama,Fantasy,Sci-Fi",5.2,11560
tt6910282,bergman island,2021,"Comedy,Drama,Romance",6.6,11559
tt13276352,toscana,2022,"Drama,Romance",5.7,11551
tt31598703,tanvi the great,2025,Drama,7.1,11546
tt12708658,paris 13th district,2021,"Comedy,Drama,Romance",7.0,11542
tt27940442,blackout,2024,"Comedy,Thriller",6.1,11531
tt10098288,roohi,2021,"Comedy,Drama,Horror",4.3,11528
tt7298400,ash is purest white,2018,"Crime,Drama,Romance",7.0,11523
tt15416342,the bengal files,2025,"Drama,History,Thriller",7.0,11522
tt3266284,november criminals,2017,"Crime,Drama,Mystery",5.3,11515
tt5208216,wonderstruck,2017,"Adventure,Drama,Mystery",6.2,11504
tt6929642,kaala,2018,"Action,Crime,Drama",6.5,11503
tt27933364,mortal world 2,2023,Comedy,6.8,11501
tt22543326,maaveeran,2023,"Action,Comedy,Drama",7.4,11498
tt3481634,inconceivable,2017,"Drama,Thriller",5.2,11498
tt3445702,11,2018,Drama,5.9,11496
tt7420342,killerman,2019,"Action,Thriller",5.4,11492
tt15281704,kuttey,2023,"Action,Comedy,Crime",5.4,11488
tt10521144,nightbooks,2021,"Family,Fantasy,Horror",5.8,11485
tt2170427,good kids,2016,"Comedy,Drama,Romance",6.1,11485
tt6421110,proud mary,2018,"Action,Crime,Drama",5.1,11479
tt10648714,chernobyl abyss,2021,"Drama,History",5.2,11476
tt27902121,superman the christopher reeve story,2024,"Biography,Documentary",8.0,11475
tt4698584,neruda,2016,"Biography,Crime,Drama",6.8,11463
tt2364897,the disappointments room,2016,"Drama,Horror,Thriller",4.0,11462
tt4986134,rebel in the rye,2017,"Biography,Drama,Romance",6.7,11457
tt31556612,we will dance again,2024,Documentary,7.6,11451
tt34388152,officer on duty,2025,"Action,Crime,Thriller",7.5,11448
tt7399470,qarib qarib single,2017,"Comedy,Romance",7.2,11443
tt8752474,justice league vs the fatal five,2019,"Action,Animation,Fantasy",6.5,11437
tt11253090,annaatthe,2021,"Action,Comedy,Drama",4.0,11436
tt10883506,a sun,2019,"Crime,Drama",7.6,11418
tt24060892,they call him og,2025,"Action,Crime,Drama",6.0,11416
tt28631109,dharmaveer 2,2024,"Biography,Documentary,Drama",5.4,11412
tt11992694,corsage,2022,"Biography,Drama,History",6.5,11408
tt9806322,isi  ossi,2020,"Comedy,Romance",6.4,11400
tt5259822,tesla,2020,"Biography,Drama",5.1,11399
tt2582784,flower,2017,"Comedy,Drama,Romance",6.0,11391
tt1843303,the velocipastor,2018,"Action,Adventure,Comedy",5.1,11389
tt32368345,the merry gentlemen,2024,"Comedy,Music,Romance",4.8,11385
tt3584496,mermaid down,2019,"Fantasy,Horror,Mystery",4.3,11384
tt8388508,dear comrade,2019,"Action,Drama,Romance",7.3,11377
tt5792656,running with the devil,2019,"Crime,Drama,Thriller",5.4,11377
tt22796890,hell house llc origins the carmichael manor,2023,"Horror,Mystery",6.2,11376
tt5657028,alibicom,2016,"Comedy,Romance",6.5,11370
tt8865546,karakomik filmler kaçamak,2019,"Adventure,Comedy,Fantasy",5.5,11366
tt29247040,baramulla,2025,"Crime,Horror,Mystery",7.0,11362
tt33455099,the mastermind,2025,Crime,6.3,11354
tt6129302,bhavesh joshi superhero,2018,"Action,Drama",7.6,11352
tt6211976,a vigilante,2018,"Crime,Drama,Mystery",5.7,11339
tt11541872,big bug,2022,"Comedy,Sci-Fi",5.5,11336
tt1781058,wilson,2017,"Comedy,Drama",5.9,11329
tt9675716,nerkonda paarvai,2019,"Action,Crime,Drama",7.7,11323
tt9815554,not to forget,2021,Drama,5.1,11318
tt3876910,dangerous,2021,"Action,Thriller",5.2,11317
tt20249418,romancham,2023,"Comedy,Horror",7.5,11317
tt9624766,jiu jitsu,2020,"Action,Sci-Fi,Thriller",2.9,11314
tt7388562,paul apostle of christ,2018,"Adventure,Biography,Drama",6.7,11314
tt12740760,phone bhoot,2022,"Comedy,Horror",5.2,11303
tt13912632,sanak,2021,"Action,Thriller",6.6,11296
tt5929750,beatriz at dinner,2017,"Comedy,Drama",6.0,11295
tt8747450,chaman bahaar,2020,"Comedy,Drama",6.9,11275
tt15516226,chhatriwali,2023,"Comedy,Drama",6.6,11274
tt14512538,roadrunner a film about anthony bourdain,2021,Documentary,7.7,11269
tt21272942,i was a stranger,2024,Drama,8.5,11266
tt22016156,the abyss,2023,"Action,Drama,Thriller",5.3,11264
tt10023024,love aaj kal,2020,"Drama,Romance",4.7,11252
tt21651560,vhs99,2022,Horror,5.2,11233
tt6002232,custody,2017,"Drama,Thriller",7.5,11231
tt14999684,shelby oaks,2024,"Horror,Thriller",5.4,11229
tt33481094,the menendez brothers,2024,"Crime,Documentary",7.0,11218
tt14034966,wheel of fortune and fantasy,2021,"Drama,Romance",7.5,11213
tt5078852,lansky,2021,"Biography,Crime,Drama",6.2,11211
tt10309906,shubh mangal zyada saavdhan,2020,"Comedy,Crime,Romance",5.8,11196
tt14852624,stopmotion,2023,"Animation,Horror,Thriller",5.6,11187
tt26683420,john candy i like me,2025,"Biography,Comedy,Documentary",8.0,11182
tt2597892,viral,2016,"Drama,Horror,Sci-Fi",5.5,11172
tt15245240,the buckingham murders,2023,"Crime,Drama,Mystery",5.9,11171
tt27436132,identity,2025,"Action,Crime,Thriller",7.1,11169
tt21998526,zwigato,2022,Drama,6.6,11165
tt7304802,the legacy of the bones,2019,"Crime,Mystery,Thriller",6.4,11163
tt1780967,seberg,2019,"Biography,Drama,History",6.0,11158
tt10199586,atlantics,2019,"Drama,Fantasy,Mystery",6.7,11158
tt10793644,the vigil,2019,"Horror,Mystery,Thriller",5.8,11154
tt8333978,maharshi,2019,"Action,Drama",7.1,11144
tt14295590,mrs chatterjee vs norway,2023,"Biography,Drama",7.3,11143
tt10037014,fear of rain,2021,"Drama,Horror,Mystery",5.9,11138
tt5711148,film stars dont die in liverpool,2017,"Biography,Drama,Romance",6.7,11136
tt5254868,the thinning,2016,"Action,Drama,Horror",5.3,11135
tt8132700,behind the curve,2018,Documentary,6.5,11132
tt2140571,the broken hearts gallery,2020,"Comedy,Romance",6.4,11130
tt29548562,pindam,2023,Horror,6.7,11127
tt32138452,ad vitam,2025,"Action,Crime,Drama",5.9,11126
tt6560164,sweetheart,2019,"Adventure,Horror,Sci-Fi",5.8,11121
tt20194152,alice the musical,2023,"Fantasy,Musical",6.8,11121
tt16077702,govinda naam mera,2022,"Comedy,Crime,Drama",6.5,11118
tt12531856,the american,2023,"Biography,Drama",7.1,11113
tt8328716,doom annihilation,2019,"Action,Adventure,Horror",3.8,11113
tt14827638,the retirement plan,2023,"Action,Comedy,Crime",5.1,11109
tt10303430,sightless,2020,"Drama,Mystery,Thriller",5.5,11108
tt10279472,the black demon,2023,"Action,Drama,Horror",3.7,11101
tt13299890,the great indian kitchen,2021,"Comedy,Drama,Family",8.1,11096
tt34936199,daagi,2025,"Action,Romance",6.0,11092
tt26674627,resident evil death island,2023,"Action,Animation,Horror",5.7,11088
tt2674358,the hunters prayer,2017,"Action,Thriller",5.6,11086
tt32321317,pillion,2025,"Comedy,Drama,Romance",6.9,11075
tt29195603,family pack,2024,"Adventure,Comedy,Fantasy",5.5,11074
tt8593824,the old way,2023,"Action,Drama,Western",5.6,11071
tt7147540,sui dhaaga made in india,2018,"Comedy,Drama",6.8,11071
tt15495150,the witcher sirens of the deep,2025,"Action,Adventure,Animation",6.1,11064
tt14263856,last the night,2022,"Horror,Thriller",4.7,11058
tt13322120,american sicario,2021,"Action,Crime,Drama",4.2,11055
tt35217961,baida,2025,"Adventure,Sci-Fi,Thriller",4.6,11043
tt26440619,afire,2023,"Comedy,Drama,Romance",7.0,11039
tt7862330,stranger in my pocket,2018,"Comedy,Drama",6.8,11034
tt7476236,minding the gap,2018,"Documentary,Sport",8.0,11032
tt12474056,new order,2020,"Crime,Drama,Sci-Fi",6.5,11029
tt3458254,patient zero,2018,"Action,Drama,Horror",4.6,11025
tt28358950,neru,2023,"Drama,Thriller",7.5,11024
tt10556022,unpregnant,2020,"Comedy,Drama",6.5,11024
tt2702920,the secret garden,2020,"Drama,Family,Fantasy",5.6,11018
tt34604827,fire,2025,Crime,5.2,11018
tt4353996,the kings choice,2016,"Biography,Drama,History",7.1,11007
tt5951188,the balkan line,2019,"Action,War",6.6,11003
tt22640398,vhs85,2023,"Horror,Thriller",5.6,10996
tt8647400,de de pyaar de,2019,"Comedy,Drama,Romance",6.5,10991
tt4630550,the unknown girl,2016,"Crime,Drama,Mystery",6.5,10976
tt4730986,divines,2016,"Crime,Drama",7.3,10972
tt5446858,zero days,2016,Documentary,7.7,10969
tt6859762,the little stranger,2018,"Drama,Horror,Mystery",5.5,10969
tt26675491,bro,2023,"Comedy,Drama,Family",6.0,10964
tt6243140,ravenous,2017,"Action,Adventure,Drama",5.8,10964
tt9023964,silent zone,2025,"Action,Horror,Thriller",5.9,10957
tt1588878,the late bloomer,2016,"Comedy,Drama,Romance",5.2,10953
tt6010628,zoe,2018,"Drama,Romance,Sci-Fi",6.1,10944
tt5952138,we have always lived in the castle,2018,"Drama,Horror,Mystery",5.6,10943
tt26677014,the penguin lessons,2024,Drama,7.1,10922
tt26655658,kaushaljis vs kaushal,2025,Drama,6.1,10914
tt28349451,the shadow strays,2024,"Action,Crime,Thriller",6.5,10901
tt4481066,giant little ones,2018,Drama,7.2,10893
tt4701660,the mermaid,2016,"Comedy,Drama,Fantasy",6.2,10892
tt4981636,middle school the worst years of my life,2016,"Comedy,Family",6.1,10886
tt5655222,the hero,2017,"Drama,Romance",6.5,10886
tt8009906,the cleansing hour,2019,"Drama,Fantasy,Horror",6.0,10871
tt6119856,irreplaceable you,2018,"Comedy,Drama,Romance",6.4,10862
tt3722614,revolt,2017,"Action,Adventure,Sci-Fi",5.3,10859
tt6556670,serial bad weddings 2,2019,Comedy,6.1,10848
tt23172090,dust bunny,2025,"Action,Drama,Horror",6.5,10846
tt6063050,acrimony,2018,"Drama,Horror,Romance",5.9,10838
tt3451230,high strung,2016,"Drama,Music,Romance",6.3,10834
tt14821150,vortex,2021,Drama,7.4,10833
tt5278596,weiner,2016,Documentary,7.6,10824
tt4728386,killing ground,2016,"Horror,Thriller",5.8,10814
tt6288250,patti cake,2017,"Drama,Music",6.8,10806
tt3920820,brian banks,2018,"Biography,Drama,Sport",7.2,10800
tt7121252,on my skin the last seven days of stefano cucchi,2018,"Biography,Drama",7.3,10799
tt4587656,the star,2017,"Adventure,Animation,Comedy",6.3,10796
tt28671344,the strangers chapter 2,2025,"Horror,Mystery",4.7,10782
tt9177882,constantine city of demons,2018,"Action,Animation,Fantasy",7.3,10772
tt21469794,space cadet,2024,Comedy,5.0,10768
tt15373868,kranti,2023,"Action,Drama",5.1,10759
tt32832266,maalik,2025,"Action,Crime,Drama",5.8,10751
tt4846318,into the inferno,2016,Documentary,7.2,10748
tt21237030,carter,2022,"Action,Thriller",5.1,10744
tt13334578,ganapath,2023,"Action,Drama,Sci-Fi",2.6,10743
tt7262882,master z the ip man legacy,2018,"Action,Biography,Crime",6.5,10740
tt7391996,co kancharapalem,2018,Drama,8.8,10725
tt12792418,night in paradise,2020,"Action,Crime,Drama",6.8,10723
tt10127684,rogue city,2020,"Action,Crime,Drama",6.1,10719
tt13650600,emergency,2022,"Comedy,Drama,Thriller",6.2,10712
tt19175696,sister death,2023,"Horror,Mystery",5.8,10711
tt8593904,rifkins festival,2020,"Comedy,Romance",6.1,10707
tt14209560,bheemla nayak,2022,"Action,Drama,Thriller",6.2,10704
tt6390668,invisible life,2019,Drama,7.7,10702
tt4621872,like crazy,2016,"Comedy,Drama",7.1,10696
tt8337290,absolution,2024,"Action,Crime,Drama",5.2,10693
tt9806370,the owners,2020,"Comedy,Crime,Horror",5.0,10690
tt15351980,vacation friends 2,2023,"Action,Adventure,Comedy",5.4,10688
tt16747572,the silence of swastika,2021,"Documentary,History",8.9,10685
tt7073710,what keeps you alive,2018,"Horror,Thriller",5.7,10677
tt11490170,hit,2020,"Crime,Drama,Mystery",7.6,10661
tt34992378,a merry little exmas,2025,Comedy,5.3,10654
tt8400758,killers anonymous,2019,"Action,Crime,Mystery",4.0,10651
tt30395619,demon slayer kimetsu no yaiba  to the hashira training,2024,"Action,Adventure,Animation",7.3,10647
tt18924506,2000 mules,2022,Documentary,5.0,10645
tt8902990,the sky is pink,2019,"Drama,Romance",7.6,10638
tt4136456,the virtuoso,2021,"Action,Drama,Thriller",5.0,10632
tt8426594,the wind,2018,"Drama,Horror,Mystery",5.6,10631
tt6841122,summerland,2020,"Drama,Romance,War",7.0,10628
tt13468976,aaraattu,2022,"Action,Comedy",3.8,10624
tt14500584,beyond the infinite two minutes,2020,"Comedy,Sci-Fi",7.2,10623
tt1594972,norm of the north,2016,"Adventure,Animation,Comedy",3.4,10618
tt13266998,bull,2021,"Crime,Fantasy,Thriller",6.5,10616
tt14506528,along for the ride,2022,"Drama,Romance",6.2,10606
tt11576124,rogue,2020,"Action,Horror,Thriller",4.2,10604
tt8185182,long days journey into night,2018,"Drama,Mystery,Romance",7.1,10599
tt8402090,cumali ceber 2,2018,Comedy,1.2,10590
tt12311620,breaking,2022,"Crime,Drama,Thriller",6.3,10589
tt3741632,the leisure seeker,2017,"Adventure,Comedy,Drama",6.7,10583
tt10449276,get away,2024,"Comedy,Horror",5.3,10582
tt8747160,the block island sound,2020,"Horror,Mystery,Sci-Fi",5.4,10581
tt23334616,last call for istanbul,2023,"Drama,Romance",5.3,10572
tt10736580,spell,2020,"Horror,Thriller",5.5,10571
tt10243992,im your woman,2020,"Crime,Drama",6.2,10570
tt7339826,maquia when the promised flower blooms,2018,"Adventure,Animation,Drama",7.4,10569
tt3026488,alone in berlin,2016,"Drama,History,War",6.5,10568
tt7765910,aravindha sametha,2018,"Action,Drama",7.3,10563
tt10307440,the decline,2020,"Action,Thriller",6.0,10556
tt7838536,awoken,2019,"Horror,Mystery,Thriller",4.8,10547
tt9592496,pogaru,2021,Action,3.6,10542
tt8116428,along with the gods the last 49 days,2018,"Action,Adventure,Drama",7.1,10541
tt9358052,knock down the house,2019,Documentary,7.4,10532
tt6874690,the rule of jenny pen,2024,"Horror,Mystery,Thriller",6.1,10529
tt6270534,the translators,2019,"Mystery,Thriller",6.5,10520
tt17007120,the beanie bubble,2023,"Comedy,Drama",6.3,10520
tt14181816,maggie moores,2023,"Comedy,Crime,Mystery",6.2,10508
tt4575328,2036 origin unknown,2018,"Action,Sci-Fi,Thriller",4.3,10507
tt1965308,interreflections,2020,"Drama,Fantasy,History",5.7,10495
tt18413766,kathal a jackfruit mystery,2023,"Comedy,Crime,Drama",6.7,10494
tt3155328,win it all,2017,Comedy,6.2,10493
tt4157728,the last boy,2019,"Fantasy,Mystery,Sci-Fi",4.8,10490
tt13421498,the lost king,2022,"Biography,Drama",6.7,10489
tt19719836,return to seoul,2022,Drama,6.9,10470
tt6852872,elizabeth harvest,2018,"Horror,Sci-Fi,Thriller",5.8,10458
tt7014378,the summit of the gods,2021,"Adventure,Animation,Drama",7.5,10457
tt4651466,joe bell,2020,"Biography,Drama",6.2,10457
tt11617052,undine,2020,"Drama,Fantasy,Mystery",6.6,10453
tt38063392,mission muh dikhayi,2025,"Comedy,Drama,Family",8.8,10442
tt30144381,nutcrackers,2024,"Comedy,Drama",5.5,10440
tt5636228,lumina,2024,"Adventure,Horror,Sci-Fi",2.9,10434
tt4054654,dog eat dog,2016,"Action,Crime,Thriller",4.8,10433
tt8846176,concrete cowboy,2020,"Drama,Western",6.3,10430
tt9793334,athiran,2019,"Drama,Mystery,Romance",6.7,10425
tt6769280,time freak,2018,"Comedy,Drama,Romance",5.8,10425
tt8976710,sextuplets,2019,Comedy,4.5,10411
tt4976192,211,2018,"Action,Drama,Thriller",4.4,10408
tt12808182,the last mercenary,2021,"Action,Adventure,Comedy",5.3,10407
tt4975920,the kid,2019,"Biography,Drama,Western",5.9,10397
tt4052050,hes out there,2018,"Horror,Thriller",5.3,10384
tt13885320,india lockdown,2022,Drama,7.1,10375
tt5160938,lizzie,2018,"Biography,Crime,Drama",5.9,10372
tt30858568,mirai,2025,"Action,Adventure,Fantasy",7.1,10371
tt6720802,trance,2020,"Drama,Thriller",7.3,10371
tt7399138,recep ivedik 6,2019,Comedy,3.0,10367
tt11650226,vengeance is mine,2021,"Action,Thriller",5.0,10354
tt3319730,the mercy,2018,"Adventure,Biography,Drama",6.0,10343
tt4258698,southside with you,2016,"Biography,Drama,History",6.3,10337
tt6483364,teen spirit,2018,"Drama,Music",6.1,10336
tt4823434,tigers are not afraid,2017,"Fantasy,Horror,Mystery",6.9,10334
tt5979874,godzilla planet of the monsters,2017,"Action,Animation,Sci-Fi",6.0,10332
tt9689696,wander,2020,Thriller,4.9,10331
tt0365545,nappily ever after,2018,"Comedy,Drama,Romance",6.4,10326
tt13804084,justice society world war ii,2021,"Action,Adventure,Animation",6.4,10325
tt4323594,im no longer here,2019,"Drama,Music",7.3,10323
tt13423846,321 action,2020,Drama,1.0,10320
tt14168118,7 prisoners,2021,"Crime,Drama",7.1,10314
tt4429194,paris can wait,2016,"Comedy,Drama,Romance",5.8,10296
tt13507778,no man of god,2021,"Biography,Crime,Drama",6.4,10296
tt19864828,memory,2023,Drama,6.7,10294
tt9204328,dark harvest,2023,"Fantasy,Horror",5.5,10292
tt13968674,fingernails,2023,"Drama,Romance,Sci-Fi",5.8,10292
tt11732164,pathu thala,2023,"Action,Crime,Drama",6.7,10289
tt23177868,mummies,2023,"Adventure,Animation,Comedy",5.9,10287
tt15198608,prey,2021,"Adventure,Drama,Thriller",4.4,10286
tt28252563,madharasi,2025,"Action,Drama,Romance",6.7,10284
tt5297256,pulimurugan,2016,Action,6.7,10284
tt5585272,through the glass darkly,2020,Thriller,5.6,10284
tt9894470,vfw,2019,"Action,Crime,Horror",6.1,10276
tt3203620,the dinner,2017,"Crime,Drama,Thriller",4.5,10265
tt4971408,await further instructions,2018,"Horror,Mystery,Sci-Fi",4.9,10263
tt4651410,precious cargo,2016,"Action,Comedy,Thriller",4.6,10261
tt10263320,enes batur gerçek kahraman,2019,Comedy,1.4,10258
tt4669186,kevin hart what now,2016,"Comedy,Documentary",6.0,10257
tt11604676,nayattu,2021,"Crime,Thriller",8.0,10253
tt14757872,midnight,2021,"Crime,Thriller",6.5,10251
tt11160650,on the count of three,2021,"Comedy,Crime,Drama",7.0,10251
tt35628853,titan the oceangate disaster,2025,Documentary,6.7,10246
tt8760280,finding you,2020,"Comedy,Drama,Romance",6.4,10243
tt28494829,officer black belt,2024,"Action,Comedy,Crime",6.9,10237
tt10885444,khaali peeli,2020,"Comedy,Romance",2.6,10234
tt11394298,the mole agent,2020,Documentary,7.5,10226
tt7095482,the candidate,2018,"Drama,Mystery,Thriller",7.1,10212
tt2597768,come and find me,2016,"Action,Drama,Mystery",5.7,10200
tt7689966,robin williams come inside my mind,2018,"Biography,Comedy,Documentary",7.9,10200
tt4457344,dave made a maze,2017,"Adventure,Comedy,Fantasy",6.3,10195
tt38525492,bhagwat chapter one raakshas,2025,"Crime,Thriller",6.9,10190
tt27688034,the moon,2023,"Action,Adventure,Drama",5.8,10182
tt6359554,raajakumara,2017,"Action,Drama",8.0,10175
tt8767908,matthias  maxime,2019,"Drama,Romance",6.8,10171
tt3463106,the cured,2017,"Drama,Horror,Sci-Fi",5.6,10171
tt13270424,brian and charles,2022,"Comedy,Drama,Sci-Fi",6.7,10171
tt10483386,mumbai saga,2021,"Action,Crime,History",5.7,10169
tt5325452,boo a madea halloween,2016,"Comedy,Drama,Horror",4.7,10163
tt5540188,the nile hilton incident,2017,"Crime,Drama,Mystery",6.8,10153
tt22773644,the dead dont hurt,2023,"Drama,Western",6.4,10152
tt19403516,hallow road,2025,"Drama,Horror,Thriller",6.0,10139
tt9387250,skylines,2020,"Action,Adventure,Sci-Fi",4.8,10135
tt27817389,the last viking,2025,"Comedy,Crime,Drama",7.2,10128
tt14418234,state of siege temple attack,2021,"Action,Thriller",7.6,10118
tt11416594,karakomik filmler deli,2020,"Comedy,Drama",6.5,10117
tt8883524,bloodline,2018,"Crime,Horror,Thriller",6.0,10115
tt8707374,hell house llc ii the abaddon hotel,2018,"Horror,Mystery",5.4,10102
tt9466814,cobra,2022,"Action,Crime,Thriller",6.0,10100
tt4621630,secuestro,2016,"Crime,Drama,Mystery",6.4,10089
tt4399952,the lodgers,2017,"Drama,Horror,Mystery",5.1,10084
tt12374656,emily,2022,"Biography,Drama,History",6.8,10084
tt10300570,kadaisi vivasayi,2021,Drama,8.7,10080
tt12108622,infinitum subject unknown,2021,"Mystery,Sci-Fi",4.0,10077
tt4181782,the crucifixion,2017,"Horror,Mystery,Thriller",5.1,10072
tt27726927,wham,2023,"Biography,Documentary,Music",7.5,10070
tt27866781,kaalidhar laapata,2025,"Comedy,Drama",7.6,10068
tt6914122,resistance,2020,"Biography,Drama,History",6.6,10065
tt10964468,shakuntala devi,2020,"Biography,Drama",6.2,10049
tt32226697,screams before silence,2024,Documentary,5.9,10027
tt22874848,the silent hour,2024,"Action,Crime,Thriller",6.1,10024
tt9257484,rattlesnake,2019,"Drama,Horror,Mystery",4.7,10020
tt3541524,line of duty,2019,"Action,Crime,Thriller",5.3,10014
tt14339846,mrs undercover,2023,"Action,Comedy,Thriller",5.6,10011
tt11531182,arm,2024,"Action,Adventure,Comedy",7.1,10008
tt3410408,rocky handsome,2016,"Action,Crime,Drama",6.8,10006
tt6218010,iron mask,2019,"Action,Adventure,Fantasy",4.8,9997
tt6958212,sweet country,2017,"Adventure,Crime,Drama",6.9,9997
tt9204204,little joe,2019,"Drama,Horror,Mystery",5.8,9987
tt8964540,stream,2024,Horror,5.7,9987
tt5871080,the whiskey bandit,2017,"Action,Biography,Crime",7.3,9984
tt11285280,together together,2021,"Comedy,Drama",6.4,9981
tt20768712,book club the next chapter,2023,"Comedy,Romance",5.6,9980
tt5544384,sword art online the movie ordinal scale,2017,"Action,Adventure,Animation",7.3,9976
tt1609486,harold and the purple crayon,2024,"Adventure,Animation,Comedy",5.7,9966
tt14124080,the great escaper,2023,"Biography,Comedy,Drama",7.0,9965
tt6574146,blame,2017,"Action,Animation,Drama",6.6,9961
tt5129682,king cobra,2016,"Crime,Drama",5.6,9953
tt11385128,v,2020,"Action,Crime,Thriller",6.8,9951
tt18561380,müjde,2022,Drama,1.2,9948
tt31511689,vicious,2025,Horror,4.9,9947
tt5688068,above suspicion,2019,"Action,Biography,Crime",5.8,9943
tt10773090,sarileru neekevvaru,2020,"Action,Comedy,Drama",5.8,9942
tt2950418,greater,2016,"Biography,Family,Sport",7.3,9941
tt3679060,dishoom,2016,"Action,Adventure,Comedy",5.2,9940
tt10274284,girl lost a hollywood story,2020,"Drama,Thriller",5.2,9930
tt7698468,a call to spy,2019,"Biography,Crime,Drama",6.7,9928
tt8800266,ema,2019,"Drama,Music,Romance",6.7,9921
tt5669936,the recall,2017,"Action,Horror,Mystery",4.2,9920
tt4699388,up for love,2016,"Comedy,Romance",6.3,9919
tt8482584,12 mighty orphans,2021,"Drama,History,Sport",6.9,9908
tt5034474,the assignment,2016,"Action,Crime,Thriller",4.7,9908
tt26243612,o saathiya,2023,"Comedy,Musical,Romance",6.2,9904
tt9569610,kaagaz,2021,"Biography,Comedy,Drama",7.3,9901
tt32362695,sarvam maya,2025,"Comedy,Fantasy,Horror",7.8,9896
tt7200946,oh ramona,2019,"Comedy,Romance",4.8,9894
tt5460530,vengeance a love story,2017,"Action,Adventure,Crime",5.2,9883
tt9048804,birthrebirth,2023,"Drama,Horror,Thriller",6.2,9883
tt14351082,cabrini,2024,"Biography,Drama,History",7.3,9878
tt5493944,the little mermaid,2018,"Adventure,Drama,Fantasy",4.3,9875
tt11649338,black friday,2021,"Comedy,Horror",4.7,9868
tt2018069,our house,2018,"Drama,Horror,Mystery",5.3,9861
tt3563262,submergence,2017,"Drama,Romance,Thriller",5.4,9856
tt12573480,hold your breath,2024,"Drama,Horror,Mystery",5.3,9853
tt15334032,raymond  ray,2022,"Comedy,Drama",6.2,9850
tt8786654,payback,2021,"Drama,Thriller",5.1,9850
tt12607910,black is king,2020,"Adventure,Drama,Fantasy",6.0,9849
tt9185066,human capital,2019,"Drama,Thriller",5.7,9847
tt5023260,the last word,2017,"Comedy,Drama",6.6,9834
tt7448180,the debt collector,2018,"Action,Comedy",5.9,9832
tt10545484,evaru,2019,"Mystery,Thriller",8.1,9826
tt10950320,rumble through the dark,2023,"Action,Drama,Thriller",5.5,9825
tt11908172,the kill room,2023,"Comedy,Thriller",5.5,9819
tt7374926,proxima,2019,"Adventure,Drama,Sci-Fi",6.3,9816
tt7822438,thadam,2019,"Crime,Drama,Mystery",8.1,9813
tt0837156,peewees big holiday,2016,"Comedy,Family",6.1,9806
tt10687070,mandela,2021,"Comedy,Drama",8.3,9802
tt15333984,somebody i used to know,2023,"Comedy,Romance",5.7,9792
tt6829180,welcome home,2018,"Crime,Drama,Horror",5.3,9788
tt8435002,great white,2021,"Horror,Thriller",4.2,9768
tt8969332,the biggest little farm,2018,"Documentary,Family",8.0,9765
tt31015278,my favourite cake,2024,"Comedy,Drama,Romance",7.4,9764
tt8337158,rumble,2021,"Animation,Comedy,Family",6.0,9763
tt5451118,303,2018,"Comedy,Drama,Romance",7.5,9755
tt8055888,the man who feels no pain,2018,"Action,Comedy,Drama",7.3,9752
tt1714918,neighborhood watch,2025,"Crime,Thriller",6.2,9749
tt33502160,the hand that rocks the cradle,2025,"Horror,Thriller",5.3,9748
tt4961380,house on willow street,2016,"Action,Crime,Horror",4.6,9737
tt11992424,saptha sagaradaache ello  side a,2023,"Drama,Romance",8.2,9732
tt28325940,yatra 2,2024,"Biography,Drama,History",6.2,9722
tt4382824,army of one,2016,"Biography,Comedy,Crime",5.2,9721
tt4536768,the osiris child,2016,"Action,Adventure,Drama",5.5,9721
tt29195117,justice league crisis on infinite earths  part one,2024,"Action,Adventure,Animation",6.2,9721
tt35219851,my secret santa,2025,"Comedy,Romance",5.6,9721
tt27619382,its a wonderful knife,2023,"Comedy,Horror,Mystery",5.2,9718
tt5540992,shock and awe,2017,"Biography,Drama,History",6.4,9715
tt19724142,hellhole,2022,"Horror,Mystery",5.8,9712
tt5474036,husband material,2018,"Comedy,Drama,Romance",6.8,9710
tt5577742,clinical,2017,"Horror,Thriller",5.1,9708
tt2957760,extortion,2017,"Action,Adventure,Crime",6.2,9708
tt15041836,werewolves,2024,"Action,Horror,Sci-Fi",4.4,9705
tt13655328,end of the road,2022,"Action,Crime,Drama",4.8,9703
tt3703908,standoff,2016,"Action,Crime,Drama",6.1,9702
tt5227746,the unthinkable,2018,"Action,Romance,Sci-Fi",5.9,9699
tt29242846,the childrens train,2024,"Drama,History",7.4,9695
tt32880190,kalinga,2024,Horror,6.6,9660
tt38938222,rajini gaang,2025,"Comedy,Horror",4.3,9660
tt7853242,love per square foot,2018,"Comedy,Romance",7.1,9658
tt10329134,your name engraved herein,2020,"Drama,Romance",7.3,9656
tt10843306,the beach house,2019,"Drama,Horror,Mystery",5.3,9656
tt8128188,high flying bird,2019,"Drama,Sport",6.2,9656
tt22868844,black clover sword of the wizard king,2023,"Action,Adventure,Animation",7.4,9656
tt11459366,billie eilish the worlds a little blurry,2021,"Biography,Documentary,Drama",7.7,9652
tt3305308,trespass against us,2016,"Action,Crime,Drama",5.8,9641
tt1773753,mara,2018,"Crime,Horror,Mystery",5.1,9639
tt9735758,get duked,2019,"Comedy,Horror,Music",6.2,9634
tt9881586,rascal does not dream of a dreaming girl,2019,"Animation,Drama,Fantasy",8.3,9625
tt8051894,the hill,2023,"Biography,Drama,Sport",6.7,9623
tt13528564,ante sundharaniki,2022,"Comedy,Romance",7.6,9622
tt16360006,bubble,2022,"Action,Adventure,Animation",6.4,9618
tt7541720,music,2021,"Drama,Musical,Thriller",3.2,9613
tt8176578,flavors of youth,2018,"Animation,Drama,Romance",6.6,9605
tt21245882,through my window across the sea,2023,"Comedy,Drama,Romance",5.2,9603
tt3344694,the secret scripture,2016,"Drama,Romance",6.7,9601
tt8345300,marakkar lion of the arabian sea,2021,"Action,Drama,History",5.8,9592
tt5542802,raabta,2017,"Action,Drama,Fantasy",4.8,9590
tt29606526,the girlfriend,2025,"Drama,Romance",6.5,9588
tt22457506,mere husband ki biwi,2025,"Comedy,Romance",4.2,9587
tt9430698,one piece stampede,2019,"Action,Adventure,Animation",7.5,9587
tt13822738,the takedown,2022,"Action,Comedy,Crime",5.8,9586
tt2140629,arizona,2018,"Comedy,Thriller",5.8,9569
tt8721556,jallikattu,2019,"Action,Crime,Drama",7.3,9568
tt10279362,french exit,2020,"Comedy,Drama",5.9,9567
tt11697484,the 2nd,2020,"Action,Drama",3.9,9567
tt7131870,wolf warrior 2,2017,"Action,Adventure,Drama",5.9,9558
tt8011276,laila majnu,2018,"Drama,Romance",7.6,9551
tt9602472,sissy,2022,"Comedy,Drama,Horror",6.1,9546
tt19623228,godland,2022,Drama,7.1,9535
tt6485928,the land of steady habits,2018,"Comedy,Drama",6.2,9532
tt6302160,pandora,2016,"Action,Drama,Thriller",6.7,9528
tt11832046,paw patrol the movie,2021,"Action,Adventure,Animation",6.1,9526
tt21439528,the volcano rescue from whakaari,2022,Documentary,7.4,9525
tt10334148,blithe spirit,2020,"Comedy,Fantasy,Romance",5.5,9524
tt4573516,sleight,2016,"Crime,Drama,Sci-Fi",5.9,9508
tt4381236,the greasy strangler,2016,"Comedy,Horror",5.7,9504
tt20256448,force of nature,2024,"Crime,Mystery,Thriller",5.9,9500
tt7142506,sir,2018,"Drama,Romance",7.7,9495
tt37676033,vhshalloween,2025,Horror,5.7,9491
tt11727866,catherine called birdy,2022,Adventure,6.6,9488
tt20502488,meet me next christmas,2024,"Comedy,Romance",5.7,9487
tt7180544,the brawler,2017,"Drama,Sport",8.0,9475
tt9285882,blue story,2019,"Crime,Drama,Musical",6.3,9466
tt15078804,problemista,2023,Comedy,6.7,9458
tt8510324,good game the beginning,2018,"Comedy,Drama,Sport",4.7,9452
tt7775720,spoiler alert,2022,"Comedy,Drama,Romance",7.4,9444
tt27906902,chakravyuham the trap,2023,"Crime,Mystery,Thriller",7.1,9436
tt5436228,woman walks ahead,2017,"Biography,Drama,History",6.7,9434
tt28508934,kaantha,2025,"Crime,Drama,Horror",7.3,9431
tt6933454,puzzle,2018,"Drama,Mystery,Romance",6.7,9431
tt5717492,small crimes,2017,"Crime,Drama,Thriller",5.8,9422
tt16496386,97 minutes,2023,"Action,Thriller",3.8,9420
tt4695548,bad cat,2016,"Action,Adventure,Animation",7.0,9405
tt4083572,urge,2016,"Drama,Horror,Mystery",4.3,9397
tt27578157,colors of evil red,2024,"Crime,Drama,Mystery",6.4,9397
tt4680980,lavender,2016,"Adventure,Drama,Horror",5.4,9389
tt4356480,the healer,2016,"Comedy,Drama,Family",6.4,9386
tt7967412,eye for an eye,2019,"Crime,Drama,Thriller",6.6,9385
tt15282148,a beautiful life,2023,"Drama,Music,Romance",6.4,9382
tt5969696,the battleship island,2017,"Action,Drama,History",7.1,9381
tt18266472,sukhee,2023,"Comedy,Drama",6.0,9380
tt19838608,babli bouncer,2022,"Comedy,Drama",6.5,9374
tt8752498,wonder woman bloodlines,2019,"Action,Animation,Fantasy",5.9,9361
tt11930126,alcarràs,2022,Drama,7.0,9356
tt35222590,exit 8,2025,"Action,Adventure,Horror",6.4,9356
tt14111734,operation varsity blues,2021,"Crime,Documentary,Drama",6.9,9353
tt2674430,approaching the unknown,2016,"Drama,Sci-Fi,Thriller",4.9,9350
tt7998242,avane srimannarayana,2019,"Action,Adventure,Comedy",7.8,9347
tt29383191,maareesan,2025,"Comedy,Drama,Thriller",7.4,9344
tt4969044,riphagen,2016,"Biography,Drama,War",7.1,9342
tt15452062,cairo conspiracy,2022,"Drama,Thriller",6.9,9341
tt5946852,janatha garage,2016,"Action,Drama",7.2,9335
tt4558200,crown vic,2019,"Crime,Drama,Mystery",6.5,9329
tt27540185,chithha,2023,"Drama,Thriller",8.2,9323
tt23220552,badass ravikumar,2025,"Action,Comedy,Musical",6.7,9322
tt6689014,she came to me,2023,"Comedy,Drama,Music",6.0,9320
tt11379988,james,2022,"Action,Comedy,Drama",7.3,9308
tt35766629,goodbye june,2025,Drama,6.7,9307
tt2720826,birth of the dragon,2016,"Action,Biography,Drama",5.7,9301
tt5294522,dreamland,2019,"Drama,Thriller,Western",5.9,9286
tt7283064,sye raa narasimha reddy,2019,"Action,Adventure,Drama",7.2,9285
tt36856455,trainwreck poop cruise,2025,Documentary,6.0,9284
tt13721828,the witch part 2  the other one,2022,"Action,Mystery,Thriller",6.3,9284
tt5154288,prevenge,2016,"Comedy,Crime,Drama",5.9,9282
tt6203702,baaghi 4,2025,"Action,Drama,Thriller",2.5,9274
tt2726552,a kind of murder,2016,"Crime,Drama,Mystery",5.3,9274
tt7094488,sandeep aur pinky faraar,2021,"Comedy,Crime,Drama",6.3,9272
tt7873348,save yourselves,2020,"Adventure,Comedy,Sci-Fi",5.8,9272
tt4649416,almost christmas,2016,"Comedy,Drama,Romance",6.2,9272
tt16139258,yodha,2024,"Action,Drama,Thriller",5.8,9261
tt16280912,humane,2024,"Horror,Thriller",5.5,9245
tt7070818,buddy games,2019,Comedy,4.8,9241
tt11286640,nowhere special,2020,Drama,7.4,9239
tt8647310,buffaloed,2019,"Comedy,Drama,Romance",6.2,9237
tt5344054,american night,2021,"Action,Crime,Drama",4.4,9234
tt7985692,after the wedding,2019,Drama,6.3,9232
tt6045466,madame,2017,"Comedy,Drama,Romance",6.1,9220
tt7354440,tin  tina,2023,"Horror,Mystery,Thriller",4.7,9219
tt5503688,6 below miracle on the mountain,2017,"Biography,Drama,Sport",5.7,9216
tt9558612,pm narendra modi,2019,"Biography,Drama",3.0,9214
tt11953248,garuda gamana vrishabha vahana,2021,"Crime,Drama,Thriller",8.2,9213
tt7477310,how about adolf,2018,Comedy,7.0,9211
tt5864904,the capture,2017,"Sci-Fi,Thriller",5.5,9208
tt5592796,driven,2018,"Biography,Comedy,Crime",6.4,9206
tt15134398,king of kotha,2023,"Action,Crime,Drama",6.1,9206
tt7794524,naa peru surya naa illu india,2018,"Action,Drama",6.7,9204
tt34610311,the shadows edge,2025,"Action,Crime,Drama",7.1,9201
tt6456326,monsters of man,2020,"Action,Sci-Fi,Thriller",5.4,9197
tt20917338,scrooge a christmas carol,2022,"Adventure,Animation,Comedy",6.2,9194
tt15575470,project wolf hunting,2022,"Action,Crime,Horror",6.1,9194
tt22023218,youll never find me,2023,"Drama,Horror,Thriller",5.8,9193
tt11859012,the girl who got away,2021,"Horror,Thriller",5.2,9192
tt4682804,lucy in the sky,2019,"Drama,Romance,Thriller",4.9,9190
tt10409498,only the animals,2019,"Crime,Drama,Mystery",7.1,9189
tt4685806,the con is on,2018,"Comedy,Crime",3.8,9186
tt21374850,all the beauty and the bloodshed,2022,"Biography,Documentary,History",7.5,9184
tt1230168,same kind of different as me,2017,"Biography,Drama",6.6,9168
tt30818815,mastiii 4,2025,Comedy,2.3,9168
tt5990342,the incredible jessica james,2017,Comedy,6.5,9167
tt11734264,sentinelle,2021,"Action,Drama,Thriller",4.8,9165
tt14550642,the cellar,2022,"Horror,Mystery",5.3,9165
tt5371168,the extraordinary journey of the fakir,2018,"Adventure,Comedy,Drama",6.8,9163
tt23846482,kuberaa,2025,"Action,Crime,Drama",6.4,9162
tt6516314,piercing,2018,"Horror,Mystery,Thriller",5.5,9160
tt8020896,an elephant sitting still,2018,"Crime,Drama",7.8,9160
tt5462288,rockaway,2017,Drama,6.3,9157
tt11778118,vicious fun,2020,"Comedy,Horror",6.5,9150
tt12427158,a thousand and one,2023,"Crime,Drama",6.9,9149
tt15717242,kanjoos makhichoos,2023,"Comedy,Drama,Family",6.6,9147
tt9680136,pati patni aur woh,2019,"Comedy,Romance",5.8,9141
tt14901058,mortal kombat legends battle of the realms,2021,"Action,Adventure,Animation",6.5,9137
tt6609088,pappa pia,2017,"Comedy,Music,Romance",2.8,9137
tt7832848,inside man most wanted,2019,"Action,Crime,Thriller",5.6,9127
tt5897636,summer 1993,2017,"Drama,Family",7.1,9122
tt5653514,bad day for the cut,2017,"Crime,Drama,Mystery",6.5,9122
tt12753120,the burning sea,2021,"Action,Adventure,Drama",6.3,9119
tt11242162,rise,2022,"Biography,Drama,Sport",7.0,9117
tt30089457,ponman,2025,"Comedy,Drama",7.4,9114
tt6684884,ladies in black,2018,"Comedy,Drama,Romance",6.8,9106
tt6222118,the doorman,2020,"Action,Drama,Thriller",4.7,9105
tt9264728,what lies below,2020,"Drama,Horror,Sci-Fi",4.4,9105
tt8656686,run sweetheart run,2020,"Horror,Thriller",5.5,9100
tt13079150,spoiled brats,2021,Comedy,6.1,9097
tt6143850,distorted,2018,"Crime,Mystery,Thriller",4.4,9092
tt10651230,the peasants,2023,"Animation,Drama,History",7.6,9086
tt14147224,mindcage,2022,"Crime,Drama,Horror",4.6,9070
tt15683734,it lives inside,2023,"Drama,Horror,Thriller",5.2,9065
tt32084246,mary,2024,Drama,5.2,9055
tt13086266,concrete utopia,2023,"Action,Adventure,Drama",6.6,9055
tt10931784,nanny,2022,"Drama,Horror",5.3,9054
tt26684398,spy x family code white,2023,"Action,Animation,Comedy",7.3,9047
tt5721088,just getting started,2017,"Comedy,Crime",4.6,9046
tt27304026,damaged,2024,"Action,Crime,Drama",4.7,9038
tt5715410,son of bigfoot,2017,"Adventure,Animation,Comedy",6.1,9036
tt7362036,dying to survive,2018,"Comedy,Drama",7.8,9033
tt5906392,thondi muthalum driksakshiyum,2017,"Crime,Drama,Thriller",8.0,9029
tt10767168,la llorona,2019,"Crime,Drama,Horror",6.6,9029
tt7947604,in from the side,2022,"Drama,Romance,Sport",6.7,9028
tt30852384,all of you,2024,Drama,6.3,9026
tt21810682,the end we start from,2023,"Drama,Thriller",5.9,9020
tt30415138,toofan,2024,"Action,Crime",7.2,9016
tt33452974,bullet train explosion,2025,"Action,Crime,Drama",6.2,9012
tt6400614,unacknowledged,2017,Documentary,7.0,9011
tt10320050,brother in love,2019,Comedy,7.0,9008
tt12829958,the old ways,2020,"Drama,Fantasy,Horror",5.4,8998
tt14270702,god is a bullet,2023,"Action,Crime,Horror",5.8,8997
tt4353270,echo boomers,2020,"Action,Crime,Drama",5.3,8996
tt13650814,borderline,2025,"Comedy,Horror,Thriller",5.5,8994
tt6874762,coming home in the dark,2021,"Crime,Horror,Thriller",5.7,8988
tt4460800,the kitchen,2023,"Action,Adventure,Drama",4.8,8982
tt11123012,the secret of sinchanee,2021,"Horror,Mystery,Thriller",5.9,8976
tt8042292,kannum kannum kollaiyadithaal,2020,"Comedy,Drama,Romance",7.6,8972
tt2978102,term life,2016,"Action,Adventure,Crime",5.6,8971
tt12572040,the phantom of the open,2021,"Biography,Comedy,Drama",7.0,8967
tt12133722,have a good trip,2020,"Comedy,Documentary",6.8,8964
tt11015214,class action park,2020,"Crime,Documentary",7.1,8963
tt13141250,the ritual killer,2023,"Crime,Mystery,Thriller",4.3,8961
tt5461956,the clapper,2017,"Comedy,Drama",5.2,8961
tt7615052,daughter of the wolf,2019,"Action,Thriller",4.6,8958
tt10366514,eiffel,2021,"Biography,Drama,History",6.3,8957
tt11212572,nocebo,2022,"Horror,Thriller",5.8,8954
tt9000302,impetigore,2019,"Horror,Mystery,Thriller",6.6,8948
tt14731142,the princess switch 3,2021,"Comedy,Drama,Family",5.6,8943
tt4351548,bomb city,2017,"Crime,Drama",6.8,8933
tt14923112,methagu,2021,"Biography,History",8.5,8930
tt5464234,kill switch,2017,"Action,Sci-Fi,Thriller",4.7,8921
tt16118524,baby,2023,"Drama,Romance",7.0,8916
tt6852534,funhouse,2019,"Crime,Drama,Horror",5.2,8913
tt13482828,one fine morning,2022,"Drama,Romance",6.9,8910
tt4977530,viceroys house,2017,"Biography,Drama,History",6.7,8910
tt12583926,anniversary,2025,Thriller,6.7,8908
tt5157682,the climb,2017,"Comedy,Drama,Romance",6.9,8906
tt4131800,my little pony the movie,2017,"Adventure,Animation,Comedy",6.1,8905
tt5329376,beware the slenderman,2016,"Biography,Crime,Documentary",6.2,8903
tt11891850,hard truths,2024,"Comedy,Drama",7.2,8902
tt17196124,grimcutty,2022,"Drama,Horror,Mystery",4.3,8894
tt6423362,the sun is also a star,2019,"Drama,Music,Romance",5.9,8891
tt3330764,the neighbor,2016,"Crime,Horror,Thriller",5.8,8889
tt14041896,the parenting,2025,"Comedy,Horror",5.7,8889
tt8866456,the legend of ochi,2025,"Adventure,Family,Fantasy",5.8,8885
tt8009314,burn,2019,"Comedy,Crime,Thriller",5.7,8883
tt3469798,órbita 9,2017,"Drama,Sci-Fi,Thriller",5.9,8876
tt10648440,exit,2019,"Action,Comedy",7.0,8876
tt1713440,smoke  mirrors,2016,"Biography,Thriller",6.8,8874
tt8914492,game over,2019,"Drama,Mystery,Thriller",6.9,8873
tt14598754,honsla rakh,2021,"Comedy,Drama,Romance",7.3,8870
tt7442274,to die for,2018,"Action,War",5.8,8870
tt6410564,the third murder,2017,"Crime,Drama,Mystery",6.7,8869
tt6510332,mcqueen,2018,"Biography,Documentary",7.7,8868
tt13133936,the desperate hour,2021,"Action,Drama,Thriller",4.9,8867
tt9648672,street dancer 3d,2020,"Drama,Music",3.8,8865
tt15115280,sundown,2021,"Drama,Mystery",6.5,8860
tt4104054,dads army,2016,"Comedy,War",5.2,8859
tt8972256,greed,2019,"Comedy,Drama",5.8,8855
tt7215232,spellbound,2024,"Adventure,Animation,Comedy",5.5,8854
tt7639372,total dhamaal,2019,"Adventure,Comedy",4.3,8849
tt29713093,we bury the dead,2024,"Horror,Thriller",5.6,8847
tt28494851,stolen,2023,"Drama,Thriller",7.5,8843
tt13051810,viking wolf,2022,"Horror,Thriller",5.2,8836
tt36616410,eko,2025,"Adventure,Mystery",7.7,8836
tt27191600,atharva,2023,"Crime,Drama,Thriller",6.6,8834
tt9735470,little fish,2020,"Drama,Romance,Sci-Fi",7.0,8833
tt3954660,suntan,2016,Drama,6.6,8832
tt6196936,the kill team,2019,"Action,Biography,Drama",6.0,8823
tt8095860,by the grace of god,2018,"Crime,Drama",7.2,8823
tt5559528,maanagaram,2017,"Action,Thriller",8.1,8823
tt9056818,last breath,2019,"Documentary,Drama",7.6,8818
tt4786132,ladylike,2017,"Comedy,Romance",4.8,8816
tt6859352,support the girls,2018,"Comedy,Drama",6.4,8816
tt6027478,dhruva,2016,"Action,Crime,Drama",7.7,8815
tt15433600,khufiya,2023,"Action,Biography,Crime",6.1,8812
tt4778988,lbj,2016,"Biography,Drama,History",6.5,8808
tt35705898,jai mata ji lets rock,2025,Drama,6.9,8806
tt33022037,sardaar ji 3,2025,Musical,5.2,8802
tt13103732,the offering,2022,Horror,5.3,8801
tt14001894,secret headquarters,2022,"Action,Adventure,Comedy",5.3,8799
tt5113010,the beautiful game,2024,"Drama,Sport",6.3,8797
tt10525672,silver skates,2020,"Adventure,Drama,Romance",7.1,8792
tt21397580,suitable flesh,2023,"Drama,Horror,Thriller",5.3,8792
tt36388163,dude,2025,"Action,Comedy,Drama",6.2,8788
tt1389139,when the bough breaks,2016,"Drama,Thriller",5.2,8782
tt11306376,jathi ratnalu,2021,Comedy,7.4,8782
tt11615290,beastie boys story,2020,"Biography,Documentary,Music",7.7,8779
tt10006006,a christmas prince the royal baby,2019,"Family,Romance",5.4,8774
tt31688586,nouvelle vague,2025,"Biography,Comedy,Drama",7.3,8774
tt3278540,a nice girl like you,2020,"Comedy,Romance",5.2,8768
tt10883004,bikram yogi guru predator,2019,"Crime,Documentary",6.7,8766
tt5251328,one piece film gold,2016,"Action,Adventure,Animation",7.1,8761
tt6083648,looking glass,2018,"Mystery,Thriller",4.7,8758
tt5108476,befikre,2016,"Comedy,Drama,Romance",4.2,8754
tt9419976,triggered,2020,"Action,Comedy,Horror",4.8,8749
tt17023012,the home,2025,"Horror,Mystery,Thriller",5.5,8748
tt10228168,first love,2019,"Action,Comedy,Crime",6.7,8747
tt2015349,the greatest hits,2024,"Comedy,Drama,Music",6.2,8747
tt7942742,her smell,2018,"Drama,Music",5.9,8745
tt15380630,kushi,2023,"Comedy,Drama,Romance",5.4,8743
tt32204858,late shift,2025,"Drama,Thriller",7.7,8743
tt3774802,pandemic,2016,"Action,Horror,Sci-Fi",4.4,8739
tt5457772,sarrainodu,2016,"Action,Drama",6.6,8725
tt5287168,sami blood,2016,"Drama,History",7.3,8725
tt6512784,haseena,2017,"Biography,Crime,Drama",5.1,8724
tt10272534,lux æterna,2019,"Drama,Thriller",6.2,8718
tt8923484,crip camp,2020,"Documentary,History",7.7,8706
tt7886936,dating amber,2020,"Comedy,Drama,Romance",7.0,8698
tt14775784,great freedom,2021,Drama,7.5,8698
tt3845670,seoul station,2016,"Action,Animation,Horror",6.1,8697
tt9248952,jawaani jaaneman,2020,"Comedy,Drama",6.5,8695
tt7084386,blue miracle,2021,"Adventure,Biography,Drama",6.6,8693
tt20782072,feed,2022,Horror,4.8,8686
tt6817944,about endlessness,2019,"Comedy,Drama,Fantasy",6.8,8685
tt12712604,the miracle club,2023,"Comedy,Drama",6.4,8684
tt13648224,were all going to the worlds fair,2021,"Drama,Fantasy,Horror",5.4,8680
tt7737224,turtles all the way down,2024,"Drama,Mystery,Romance",6.6,8677
tt12579470,robots,2023,"Comedy,Romance,Sci-Fi",5.5,8675
tt27007466,lubber pandhu,2024,"Comedy,Drama,Sport",8.1,8671
tt14812782,hit the road,2021,"Comedy,Drama,Music",7.2,8670
tt3082854,the commune,2016,Drama,6.4,8657
tt4578118,rupture,2016,"Horror,Sci-Fi,Thriller",4.9,8657
tt6471264,suck me shakespeer 3,2017,Comedy,5.4,8657
tt6673840,spacewalker,2017,"Drama,History",7.2,8654
tt6241872,ruben brandt collector,2018,"Action,Animation,Crime",7.4,8650
tt4465572,american woman,2018,"Drama,Mystery",6.9,8647
tt5153956,last sentinel,2023,"Drama,Horror,Mystery",4.9,8646
tt10230414,serious men,2020,"Comedy,Drama",6.8,8637
tt34896026,legally veer,2024,"Drama,Thriller",6.2,8635
tt4400994,the ballad of lefty brown,2017,"Action,Drama,Western",6.3,8629
tt15380608,bagheera,2024,"Action,Crime,Thriller",6.7,8628
tt4640206,sachin  a billion dreams,2017,"Documentary,Sport",8.4,8625
tt10351180,bad boy,2023,"Comedy,Drama,Romance",6.5,8624
tt15824322,christmas with you,2022,"Comedy,Family,Romance",5.6,8623
tt19759204,recep ivedik 7,2022,Comedy,4.9,8622
tt5474042,half girlfriend,2017,"Drama,Romance",4.7,8618
tt4400038,chocolat,2016,"Biography,Drama",7.0,8615
tt12221748,becoming,2020,"Biography,Documentary",7.2,8613
tt8323120,the truth,2019,"Comedy,Drama",6.5,8604
tt15352542,the day the earth blew up a looney tunes movie,2024,"Adventure,Animation,Comedy",6.8,8604
tt20212786,the shrouds,2024,"Drama,Horror,Sci-Fi",5.7,8599
tt33474172,a widows game,2025,"Crime,Drama,Mystery",6.2,8597
tt6878882,operation red sea,2018,"Action,Drama,Thriller",6.6,8594
tt3645988,cut off,2018,"Crime,Mystery,Thriller",6.5,8594
tt12724306,glorious,2022,"Horror,Mystery,Thriller",5.6,8593
tt1967614,the comedian,2016,"Comedy,Drama,Romance",5.8,8586
tt10675724,the swarm,2020,"Drama,Horror",5.3,8584
tt16565742,hidden blade,2023,"Drama,History,Thriller",6.3,8581
tt6322922,an inconvenient sequel truth to power,2017,Documentary,6.6,8581
tt6563576,the queens corgi,2019,"Animation,Comedy,Family",4.9,8576
tt4936176,mascots,2016,Comedy,5.8,8576
tt10394738,i am greta,2020,"Biography,Documentary",7.5,8576
tt5116410,tower,2016,"Animation,Crime,Documentary",7.9,8574
tt6547170,reprisal,2018,"Action,Drama,Thriller",4.3,8573
tt9663896,asphalt city,2023,"Drama,Thriller",6.1,8572
tt4516162,martin eden,2019,"Drama,Romance",7.0,8569
tt13372794,the manor,2021,"Horror,Mystery",5.3,8568
tt9577852,rolling thunder revue a bob dylan story by martin scorsese,2019,"Biography,Documentary,History",7.5,8567
tt9647768,the wild goose lake,2019,"Crime,Drama",6.7,8566
tt1667354,the painted bird,2019,"Drama,Horror,Thriller",7.3,8566
tt2691804,hari hara veera mallu,2025,"Action,Adventure,Thriller",6.1,8564
tt14526318,sardar,2022,"Action,Drama,Thriller",7.4,8562
tt5985288,sour apples,2016,"Drama,History",7.1,8561
tt6593054,drive,2019,"Action,Crime,Thriller",3.2,8558
tt15469820,britney vs spears,2021,"Biography,Crime,Documentary",6.4,8554
tt13801462,gandhi godse ek yudh,2023,"Drama,History",6.6,8551
tt7147158,mk ultra,2022,Thriller,5.0,8549
tt14182646,vendhu thanindhathu kaadu,2022,"Action,Crime,Drama",7.3,8546
tt15427934,o2,2024,"Romance,Thriller",6.6,8542
tt3776826,operation avalanche,2016,"Comedy,Drama,Mystery",6.1,8541
tt8097306,nobodys fool,2018,"Comedy,Drama,Romance",5.0,8540
tt10145122,the perfect secret,2019,"Comedy,Drama,Romance",6.6,8531
tt7748426,ailecek saskiniz,2018,Comedy,6.1,8520
tt6986710,the accidental prime minister,2019,"Biography,Drama",6.0,8517
tt27775403,riff raff,2024,"Action,Comedy,Crime",5.7,8513
tt8522820,the warden,2019,"Drama,History,Mystery",7.3,8512
tt7535792,travel mates,2017,Comedy,6.0,8508
tt33292655,oh hi,2025,Comedy,6.2,8505
tt19246408,the nightingale of bursa,2023,"Comedy,Drama,Music",6.8,8504
tt3533916,the veil,2016,Horror,4.8,8495
tt15004156,woodstock 99 peace love and rage,2021,"Documentary,Music",7.1,8492
tt1946502,uglydolls,2019,"Adventure,Animation,Comedy",5.2,8487
tt9728962,wired shut,2021,"Horror,Mystery,Thriller",4.4,8486
tt21194868,dhoom dhaam,2025,"Action,Comedy,Romance",6.4,8485
tt4814760,here alone,2016,"Drama,Horror,Sci-Fi",5.6,8481
tt6265050,shabaash mithu,2022,"Biography,Drama,Sport",5.6,8479
tt14428598,qala,2022,"Drama,Music",7.2,8478
tt0069049,the other side of the wind,2018,Drama,6.7,8478
tt4460792,calm with horses,2019,"Crime,Drama,Thriller",6.8,8477
tt7342838,leto,2018,"Biography,Drama,History",7.3,8474
tt4444956,once upon a time in london,2019,"Crime,History",5.2,8470
tt11068094,white bird,2023,"Biography,Drama,Family",7.4,8455
tt10472102,karakomik filmler emanet,2020,Comedy,5.6,8448
tt4662420,all nighter,2017,"Comedy,Drama",5.8,8447
tt31434046,dont open the door,2024,Horror,6.5,8445
tt19289040,jahaan chaar yaar,2022,"Comedy,Drama",3.0,8442
tt13834006,stuck together,2021,Comedy,6.3,8440
tt10477558,violet evergarden eternity and the auto memory doll,2019,"Animation,Drama,Family",7.5,8437
tt28007064,superboys of malegaon,2024,"Comedy,Drama",7.7,8429
tt15245268,young hearts,2024,"Drama,Family,Romance",7.9,8428
tt7295450,between worlds,2018,"Fantasy,Mystery,Thriller",3.9,8426
tt11209212,see for me,2021,"Crime,Drama,Horror",5.8,8423
tt14810692,escape from mogadishu,2021,"Action,Drama,Thriller",7.0,8417
tt2347285,the best christmas pageant ever,2024,"Adventure,Comedy,Drama",6.8,8416
tt7901798,sheeple,2018,"Crime,Drama,Thriller",7.6,8415
tt6054758,kirik party,2016,"Comedy,Drama,Romance",8.2,8413
tt9358044,hail satan,2019,Documentary,7.3,8411
tt29319990,the pig the snake and the pigeon,2023,"Action,Crime,Drama",7.3,8406
tt8436026,a fortunate man,2018,"Drama,Romance",7.2,8402
tt6896536,foxtrot,2017,"Drama,War",7.2,8398
tt6170954,naam shabana,2017,"Action,Drama,Thriller",6.2,8396
tt9635540,darbar,2020,"Action,Crime,Thriller",5.9,8374
tt20115096,a tourists guide to love,2023,"Adventure,Comedy,Romance",5.8,8374
tt20114686,femme,2023,"Drama,Thriller",7.3,8368
tt7304824,offering to the storm,2020,"Crime,Mystery,Thriller",6.2,8366
tt7552686,who you think i am,2019,"Comedy,Drama,Romance",6.8,8362
tt9356952,the death of dick long,2019,"Comedy,Crime,Drama",6.4,8361
tt10147546,homecoming a film by beyoncé,2019,"Documentary,Music",7.6,8361
tt21364552,the roundup no way out,2023,"Action,Crime,Thriller",6.6,8360
tt20854856,ishq vishk rebound,2024,"Comedy,Drama",5.3,8360
tt7323600,hagazussa,2017,"Drama,Horror",5.8,8356
tt7737640,breaking news in yuba county,2021,"Comedy,Crime,Drama",5.8,8355
tt11591306,the priest,2021,"Horror,Mystery,Thriller",6.0,8353
tt8202612,satyameva jayate,2018,"Action,Crime,Drama",5.7,8349
tt6423776,let the sunshine in,2017,"Comedy,Drama,Romance",6.0,8348
tt14915198,bimbisara,2022,"Action,Drama,Fantasy",6.8,8345
tt11540468,breathe,2024,"Action,Sci-Fi,Thriller",4.3,8344
tt29008225,fackham hall,2025,Comedy,6.4,8334
tt5153236,hampstead,2017,"Comedy,Drama,Romance",6.1,8331
tt8698956,lupt,2018,"Horror,Thriller",4.6,8329
tt32189846,niram marum ulagil,2025,Drama,4.9,8328
tt14479746,thar,2022,"Action,Crime,Drama",6.1,8326
tt28620587,i am celine dion,2024,"Biography,Documentary,Music",7.7,8322
tt5092380,a breath away,2018,"Action,Drama,Mystery",5.9,8319
tt15010692,the damned,2024,"Drama,Horror,Mystery",5.7,8318
tt7294150,the eight hundred,2020,"Action,Drama,History",6.7,8316
tt2693580,miss stevens,2016,"Comedy,Drama",6.5,8312
tt9147456,endings beginnings,2019,"Drama,Romance",5.6,8307
tt4437216,goat,2016,Drama,5.7,8307
tt5740866,whitney,2018,"Biography,Documentary,Drama",7.3,8302
tt8092252,be with you,2018,"Drama,Fantasy,Romance",7.7,8297
tt11792734,leyla everlasting,2020,Comedy,3.7,8296
tt32138523,avicii  im tim,2024,"Biography,Documentary,Music",7.7,8288
tt3612320,within,2016,"Horror,Thriller",5.1,8287
tt14647404,cat person,2023,"Comedy,Drama,Mystery",6.0,8287
tt28083456,is this thing on,2025,"Comedy,Drama",6.8,8281
tt11423818,pawankhind,2022,"Drama,History",8.4,8280
tt7605922,my masterpiece,2018,"Comedy,Drama",7.1,8275
tt14412446,moloch,2022,"Horror,Mystery",6.0,8274
tt32549601,caramelo,2025,"Comedy,Drama,Family",7.1,8273
tt6964940,skater girl,2021,"Drama,Family,Sport",6.7,8272
tt5037840,drunk parents,2019,Comedy,4.0,8269
tt4042818,the death  life of john f donovan,2018,Drama,6.1,8269
tt10365912,becoming led zeppelin,2025,"Documentary,Music",7.5,8265
tt5125894,poms,2019,"Comedy,Drama,Sport",6.2,8262
tt7375466,warriors of future,2022,"Action,Adventure,Sci-Fi",5.6,8260
tt13534808,janhit mein jaari,2022,"Comedy,Drama,Romance",6.8,8260
tt27490099,beating hearts,2024,"Comedy,Crime,Drama",7.0,8259
tt8000718,the operative,2019,"Action,Drama,Mystery",5.8,8257
tt10189300,lunana a yak in the classroom,2019,"Drama,Family",7.5,8254
tt21261388,gargi,2022,"Drama,Thriller",8.1,8248
tt21267296,hell of a summer,2023,"Comedy,Horror,Mystery",5.3,8247
tt19719976,joyland,2022,"Comedy,Crime,Drama",7.6,8243
tt13103340,father christmas is back,2021,Comedy,4.6,8240
tt14807348,watch the skies,2022,"Action,Adventure,Mystery",6.4,8239
tt8649252,scrapper,2023,"Comedy,Drama",6.9,8238
tt15281402,waltair veerayya,2023,"Action,Drama",6.2,8237
tt28282716,trial period,2023,"Comedy,Drama",7.0,8234
tt13723064,all my friends are dead,2020,"Comedy,Crime,Horror",5.9,8231
tt4667854,siren,2016,"Horror,Mystery,Thriller",5.3,8225
tt3722062,bokeh,2017,"Drama,Sci-Fi",5.0,8221
tt5039994,dismissed,2017,"Drama,Horror,Thriller",5.7,8219
tt7527682,out of darkness,2022,"Horror,Mystery,Thriller",5.4,8217
tt9048786,the immortal,2019,"Crime,Drama,Thriller",6.8,8211
tt32627540,watchmen chapter i,2024,"Action,Animation,Drama",7.1,8208
tt5996836,the great father,2017,"Action,Crime,Drama",6.8,8208
tt7738330,the long game,2023,"Drama,History,Sport",6.7,8206
tt5431082,darkland,2017,"Action,Crime,Drama",6.5,8204
tt7460806,the festival,2018,"Comedy,Music,Romance",5.8,8203
tt4471908,prizefighter the life of jem belcher,2022,"Biography,Drama,History",5.5,8201
tt8984572,bob biswas,2021,"Action,Crime,Drama",6.7,8200
tt25406500,iratta,2023,"Crime,Drama,Thriller",7.7,8199
tt10096842,false positive,2021,"Horror,Mystery,Thriller",4.6,8198
tt21638298,wingwomen,2023,"Action,Comedy,Crime",5.7,8192
tt1890363,buddha in a traffic jam,2016,"Crime,Thriller",7.1,8191
tt19465630,sniper the white raven,2022,"Drama,War",6.4,8189
tt6595896,pokémon the movie i choose you,2017,"Action,Adventure,Animation",6.3,8186
tt9824114,original gangster,2020,Crime,5.0,8184
tt11816092,hum do hamare do,2021,Comedy,6.1,8184
tt6156350,hypernormalisation,2016,Documentary,8.2,8180
tt7826276,profile,2018,"Mystery,Thriller",6.7,8179
tt10182822,loro,2018,"Biography,Drama",6.7,8178
tt8179024,body cam,2020,"Horror,Mystery,Thriller",5.3,8177
tt4827986,the sense of an ending,2017,"Drama,Mystery",6.4,8175
tt16127696,theres something wrong with the children,2023,"Horror,Mystery",5.0,8169
tt8983166,panga,2020,"Drama,Sport",6.8,8168
tt9252488,the secrets we keep,2020,"Drama,Thriller",5.9,8168
tt28236368,yannick,2023,"Comedy,Drama",7.0,8166
tt32313870,blue cave,2024,Drama,5.3,8163
tt8635092,everybodys talking about jamie,2021,"Biography,Comedy,Drama",6.6,8160
tt22741760,your monster,2024,"Comedy,Horror,Romance",6.4,8159
tt7974772,a snipers war,2018,"Documentary,War",3.5,8159
tt4738360,the last king,2016,"Action,Drama,History",6.1,8154
tt13650742,suncoast,2024,Drama,6.7,8153
tt7270808,freaks out,2021,"Adventure,Drama,Fantasy",6.9,8152
tt5197544,baar baar dekho,2016,"Drama,Romance,Sci-Fi",5.4,8151
tt4919484,little men,2016,Drama,6.7,8151
tt5646136,hillarys america the secret history of the democratic party,2016,"Biography,Documentary,History",4.8,8150
tt13130308,godfather,2022,"Action,Crime,Drama",5.1,8140
tt15419420,teambuilding,2022,Comedy,6.5,8140
tt22866358,the book of clarence,2023,"Adventure,Comedy,Drama",5.7,8131
tt5085522,hostile,2017,"Drama,Horror,Romance",5.3,8130
tt20202136,descendants the rise of red,2024,"Action,Adventure,Family",4.7,8128
tt19223248,lord curzon ki haveli,2023,"Comedy,Thriller",6.9,8126
tt12244822,amira,2021,Drama,4.1,8122
tt31909270,swiped,2025,"Biography,Drama,History",6.5,8120
tt12885852,batman soul of the dragon,2021,"Action,Adventure,Animation",6.1,8119
tt6315524,take off,2017,"Action,Drama,Thriller",8.0,8103
tt13097434,colour photo,2020,Drama,8.1,8101
tt13321244,origin,2023,"Drama,History",7.2,8101
tt8618654,kiss the ground,2020,Documentary,8.1,8100
tt7691572,cyborgs heroes never die,2017,"Action,Drama,War",7.5,8098
tt20672534,zom 100 bucket list of the dead,2023,"Action,Comedy,Fantasy",5.5,8095
tt18559904,mr pregnant,2023,"Action,Comedy,Drama",6.3,8089
tt14923260,chupa,2023,"Action,Adventure,Drama",5.6,8085
tt10364034,miraculous ladybug  cat noir the movie,2023,"Action,Adventure,Animation",6.1,8083
tt14158554,fistful of vengeance,2022,"Action,Crime,Drama",4.5,8083
tt14542254,november,2022,"Crime,Drama,Thriller",6.7,8080
tt20222166,spinal tap ii the end continues,2025,"Comedy,Music",6.4,8079
tt7205316,milf,2018,"Comedy,Romance",4.9,8074
tt8710596,jungleland,2019,"Drama,Sport",6.2,8070
tt3458510,dude,2018,"Comedy,Drama",5.2,8066
tt7241926,tell it to the bees,2018,"Drama,Romance",6.5,8066
tt5534434,victor crowley,2017,"Action,Comedy,Horror",5.5,8064
tt5477566,barry,2016,"Biography,Drama",6.0,8055
tt32495339,the taj story,2025,Drama,4.7,8054
tt12758486,chevalier,2022,"Biography,Drama,History",6.5,8053
tt7690670,superfly,2018,"Action,Crime,Thriller",5.3,8049
tt5827790,unknown origins,2020,"Action,Crime,Drama",6.1,8024
tt5622412,black water,2018,"Action,Drama,Thriller",4.7,8023
tt2231874,every breath you take,2021,"Drama,Mystery,Thriller",5.4,8022
tt11075264,thallumaala,2022,"Action,Comedy,Drama",7.0,8015
tt8135494,active measures,2018,Documentary,7.7,8011
tt9176296,dolly kitty and those twinkling stars,2019,"Comedy,Drama",5.2,8010
tt5311546,natsamrat,2016,"Drama,Family",8.8,8009
tt10358198,the dinner party,2020,"Horror,Thriller",4.2,8007
tt13304286,eflatun,2022,"Drama,Romance",6.6,8007
tt14199590,one shot,2021,"Action,Adventure,Crime",5.7,8006
tt8443704,dear ex,2018,"Comedy,Drama,Romance",7.3,8006
tt3486626,the nut job 2 nutty by nature,2017,"Adventure,Animation,Comedy",5.5,8002
tt6733874,america the motion picture,2021,"Action,Adventure,Animation",5.6,8000
tt30321095,ghostlight,2024,"Comedy,Drama",7.5,7999
tt2222052,my salinger year,2020,Drama,6.5,7988
tt5613834,a gentleman,2017,"Action,Comedy",6.3,7983
tt34350086,buy now the shopping conspiracy,2024,Documentary,6.7,7979
tt9074574,dogs dont wear pants,2019,"Drama,Romance",6.7,7979
tt18312380,primitive war,2025,"Action,Horror,Sci-Fi",5.3,7977
tt8160864,chase,2019,Thriller,4.1,7972
tt1830643,death of me,2020,"Horror,Mystery,Thriller",4.5,7968
tt11235142,dia,2020,"Drama,Romance",8.0,7963
tt5091530,mfa,2017,"Drama,Horror,Thriller",5.9,7960
tt7967302,the king of kings,2025,"Animation,Biography,Family",6.8,7954
tt14043966,terror on the prairie,2022,"Drama,Thriller,Western",5.2,7952
tt6714534,get me roger stone,2017,"Biography,Documentary",7.3,7949
tt32237537,wall to wall,2025,"Drama,Thriller",5.9,7948
tt29141112,the devils bath,2024,"Drama,History,Horror",6.6,7925
tt14405338,a house on the bayou,2021,"Horror,Mystery,Thriller",5.6,7924
tt6493286,1987 when the day comes,2017,"Drama,History,Thriller",7.7,7917
tt15553956,love and leashes,2022,"Comedy,Romance",6.3,7915
tt21933110,old people,2022,Horror,5.1,7909
tt9013182,i am all girls,2021,"Crime,Drama,Mystery",6.0,7908
tt5808778,pieles,2017,"Comedy,Drama,Fantasy",6.0,7907
tt20102596,laroy texas,2023,"Comedy,Crime,Thriller",6.5,7906
tt29606499,veera dheera sooran part 2,2025,"Action,Crime,Thriller",6.9,7906
tt9000388,tottaa pataaka item maal,2019,Drama,6.3,7899
tt9319812,hum chaar,2019,Drama,6.6,7897
tt20420628,freuds last session,2023,Drama,6.1,7896
tt7329858,pari,2018,"Fantasy,Horror,Mystery",6.6,7882
tt14905650,hellbender,2021,Horror,5.8,7878
tt10196398,bye bye morons,2020,"Comedy,Drama",6.7,7878
tt6349302,sniper ultimate kill,2017,"Action,Drama,Thriller",5.6,7877
tt7469828,paradise highway,2022,"Crime,Drama,Thriller",5.7,7871
tt21201300,bagman,2024,Horror,4.7,7860
tt3758162,a score to settle,2019,"Action,Crime,Drama",4.8,7860
tt26258634,711 pm,2023,"Action,Sci-Fi,Thriller",5.5,7860
tt8145202,the fkit list,2020,Comedy,5.2,7851
tt8718300,proximity,2020,"Drama,Sci-Fi",4.8,7850
tt4842646,the most hated woman in america,2017,"Biography,Drama,History",6.1,7847
tt4932154,center of my world,2016,"Drama,Romance",7.1,7846
tt5893264,based on a true story,2017,"Drama,Mystery,Thriller",5.7,7838
tt6580564,102 not out,2018,"Comedy,Drama",7.4,7837
tt9664078,american son,2019,Drama,5.9,7836
tt7937168,the endless trench,2019,"Drama,History",7.2,7835
tt30217143,trouble,2024,"Action,Comedy,Crime",6.2,7833
tt15361028,jalsa,2022,"Drama,Thriller",6.6,7831
tt11614912,she dies tomorrow,2020,"Drama,Fantasy,Horror",5.0,7831
tt31450182,amber alert,2024,Thriller,6.1,7828
tt9784708,rise of the teenage mutant ninja turtles the movie,2022,"Action,Adventure,Animation",6.2,7827
tt8637498,the monkey king,2023,"Action,Adventure,Animation",5.8,7824
tt4538916,finding your feet,2017,"Comedy,Drama,Family",6.8,7821
tt11131464,the novice,2021,"Drama,Sport",6.5,7819
tt15309708,uunchai,2022,Drama,7.0,7815
tt11697844,there is no evil,2020,Drama,7.5,7815
tt4807830,lipstick under my burkha,2016,"Comedy,Drama",6.8,7814
tt8372094,flashback,2020,"Drama,Mystery,Thriller",5.4,7814
tt15220066,marshmallow,2025,"Horror,Sci-Fi",5.7,7813
tt10233718,vadh,2022,"Crime,Drama,Thriller",7.2,7812
tt5323640,singam 3,2017,"Action,Crime,Drama",6.0,7806
tt11081050,enforcement,2020,"Action,Crime,Drama",6.5,7802
tt11773810,invitation to a murder,2023,"Mystery,Thriller",5.2,7800
tt4331970,being 17,2016,"Drama,Romance",7.2,7800
tt31797432,the last redemption,2024,"Action,Adventure,Fantasy",6.6,7797
tt8302382,krack,2021,"Action,Drama",6.9,7794
tt6433456,becoming astrid,2018,"Biography,Drama,History",7.1,7789
tt1699518,the young karl marx,2017,"Biography,Drama,History",6.6,7788
tt13058290,blackpink light up the sky,2020,"Documentary,Music",7.3,7783
tt8923482,one child nation,2019,"Documentary,History",7.5,7775
tt20119468,faithfully yours,2022,"Crime,Mystery,Thriller",5.8,7771
tt14895206,dead for a dollar,2022,"Action,Drama,Western",5.4,7768
tt15206378,7 women and a murder,2021,"Comedy,Crime,Mystery",5.4,7758
tt9109306,the final wish,2018,Horror,4.3,7755
tt5017936,prodigy,2017,"Drama,Sci-Fi,Thriller",5.9,7753
tt9143112,falling,2020,Drama,6.5,7751
tt32331377,the luckiest man in america,2024,"Biography,Comedy",6.2,7743
tt12447796,unwelcome,2022,"Comedy,Horror",5.4,7743
tt11905536,gumraah,2023,"Action,Crime,Drama",6.5,7742
tt30476486,haikyu the dumpster battle,2024,"Animation,Comedy,Drama",7.7,7740
tt1341338,good luck have fun dont die,2025,"Action,Adventure,Comedy",7.4,7739
tt10360862,the man who sold his skin,2020,Drama,6.9,7738
tt27722543,green border,2023,Drama,6.4,7736
tt3655414,to steal from a thief,2016,"Adventure,Crime,Drama",6.2,7735
tt21385728,illegal lives,2023,Comedy,6.2,7732
tt10899402,hideout,2021,"Horror,Mystery,Thriller",4.2,7724
tt17677434,rich flu,2024,"Sci-Fi,Thriller",5.0,7724
tt16431966,sometimes i think about dying,2023,"Comedy,Drama,Romance",6.6,7723
tt6469548,the head hunter,2018,"Fantasy,Horror",5.4,7718
tt9208444,impractical jokers the movie,2020,Comedy,5.7,7718
tt11618536,shithouse,2020,"Comedy,Drama,Romance",6.9,7717
tt15426294,gone in the night,2022,"Mystery,Thriller",4.9,7714
tt10675136,hell house llc iii lake of fire,2019,"Horror,Mystery",5.1,7699
tt11423214,girl next,2021,"Horror,Thriller",3.6,7692
tt31499750,lowlifes,2024,Horror,6.2,7691
tt9883996,dream horse,2020,"Biography,Comedy,Drama",7.0,7690
tt21340412,inside the mind of a cat,2022,Documentary,6.9,7690
tt32903026,jung kook i am still,2024,"Documentary,Music",8.2,7687
tt3409848,zama,2017,"Drama,History",6.7,7681
tt6574272,phoenix forgotten,2017,"Horror,Mystery,Sci-Fi",5.4,7680
tt1691152,david lynch the art life,2016,"Biography,Documentary",7.2,7679
tt11777040,time to hunt,2020,"Action,Crime,Drama",6.3,7673
tt37629310,su from so,2025,"Comedy,Horror",7.6,7671
tt25405130,dada,2023,"Drama,Family,Romance",8.1,7669
tt7558302,lying and stealing,2019,"Crime,Drama,Thriller",5.5,7666
tt9049042,the tunnel,2019,"Action,Drama,Thriller",6.0,7665
tt8639136,the east,2020,"Drama,Thriller,War",6.8,7664
tt8129794,100 things,2018,"Comedy,Drama",6.3,7664
tt26843513,sovereign,2025,"Crime,Drama,Thriller",6.5,7659
tt14875116,bro daddy,2022,"Comedy,Drama,Romance",7.0,7659
tt10896634,long story short,2021,"Comedy,Fantasy,Romance",6.6,7655
tt11881160,gaia,2021,"Drama,Fantasy,Horror",5.6,7649
tt7978672,black water abyss,2020,"Adventure,Horror,Thriller",4.6,7644
tt10171472,goodrich,2024,"Comedy,Drama",6.3,7643
tt4058012,96 souls,2016,"Drama,Mystery,Sci-Fi",5.2,7642
tt5598216,team foxcatcher,2016,"Biography,Crime,Documentary",7.2,7641
tt8561086,joseph,2018,"Crime,Drama,Mystery",8.0,7639
tt9063902,live twice love once,2019,"Comedy,Drama",7.2,7639
tt7818580,while at war,2019,"Drama,History,War",6.9,7634
tt6734984,duvvada jagannadham,2017,"Action,Comedy,Crime",6.0,7628
tt32919734,padakkalam,2025,Comedy,7.2,7623
tt9082020,cold blood,2019,"Action,Thriller",4.7,7622
tt10375106,mandibles,2020,"Comedy,Fantasy",6.6,7619
tt12496706,the advent calendar,2021,"Horror,Thriller",6.3,7619
tt11394180,dick johnson is dead,2020,"Biography,Documentary,Drama",7.4,7615
tt9340892,all my friends hate me,2021,"Comedy,Horror",6.3,7614
tt16085592,tall girl 2,2022,"Comedy,Drama,Family",4.7,7613
tt6700846,alphago,2017,"Documentary,Sport",7.8,7603
tt5294198,catfight,2016,"Action,Comedy,Drama",5.9,7598
tt14923008,shattered,2022,"Crime,Drama,Horror",5.0,7598
tt15174116,dashcam,2021,Horror,4.5,7598
tt10505316,lost illusions,2021,"Drama,Romance",7.4,7595
tt4642192,the keeper,2018,"Biography,Drama,Romance",7.3,7594
tt5265960,the untamed,2016,"Drama,Horror,Mystery",6.1,7584
tt9013340,fools paradise,2023,Comedy,4.7,7584
tt6138228,downrange,2017,"Action,Horror,Thriller",5.5,7577
tt31064841,piece by piece,2024,"Animation,Biography,Comedy",6.9,7577
tt14570440,radical,2023,Drama,7.8,7573
tt7830806,my best friends exorcism,2022,"Comedy,Horror,Thriller",5.3,7567
tt23060796,theres something in the barn,2023,"Comedy,Fantasy,Horror",5.5,7566
tt22742964,marry my dead body,2022,"Action,Comedy,Crime",7.0,7561
tt8564902,death of a nation,2018,"Documentary,History",4.1,7546
tt13150630,secrets of the saqqara tomb,2020,"Documentary,History",7.2,7545
tt10339052,best sellers,2021,"Comedy,Drama",6.2,7545
tt33311244,culpa nuestra,2025,"Drama,Romance",5.3,7543
tt13874422,the eternal daughter,2022,"Drama,Mystery,Thriller",5.9,7541
tt5427032,osman pazarlama,2016,Comedy,3.6,7535
tt27936770,bhakshak,2024,"Crime,Drama",7.2,7535
tt3525168,dead in a week or your money back,2018,"Comedy,Drama",6.3,7534
tt11348232,the requin,2022,"Horror,Thriller",2.6,7521
tt20168564,alienoid,2022,"Action,Adventure,Fantasy",6.3,7519
tt6399158,fabricated city,2017,"Action,Crime",6.8,7519
tt2725076,two ways home,2019,Drama,7.9,7517
tt7367960,checkered ninja,2018,"Action,Adventure,Animation",7.1,7512
tt6068960,hatred,2016,"Drama,War",7.6,7511
tt9526826,android kunjappan ver 525,2019,"Comedy,Drama,Sci-Fi",8.0,7509
tt11718516,huesera the bone woman,2022,"Drama,Horror,Mystery",6.0,7500
tt19886242,rorschach,2022,"Action,Mystery,Thriller",6.9,7499
tt4210080,the confirmation,2016,"Adventure,Comedy,Drama",6.4,7498
tt26067432,wil,2023,"Drama,History,War",6.8,7498
tt10515864,furioza,2021,"Action,Crime,Drama",6.3,7497
tt6040012,msg the warrior lion heart,2016,"Adventure,Fantasy,Sci-Fi",7.1,7493
tt4428398,paws of fury the legend of hank,2022,"Action,Adventure,Animation",5.8,7483
tt26861992,my fault,2024,"Crime,Drama,Thriller",4.2,7482
tt6805938,the ledge,2022,"Action,Adventure,Thriller",5.2,7481
tt15430628,ride on,2023,"Action,Comedy,Drama",6.3,7480
tt9310328,altered carbon resleeved,2020,"Action,Animation,Crime",6.4,7479
tt13544716,my hero academia world heroes mission,2021,"Action,Adventure,Animation",7.0,7478
tt4477292,cosmos,2019,"Adventure,Mystery,Sci-Fi",6.0,7473
tt6418778,fast color,2018,"Drama,Sci-Fi,Thriller",6.1,7471
tt28654369,bhaiyya ji,2024,"Action,Drama",4.7,7465
tt4855748,xoxo,2016,"Drama,Music",5.3,7462
tt1610525,chuck,2016,"Biography,Drama,Sport",6.5,7458
tt6207878,no date no signature,2017,"Drama,Mystery,Thriller",7.2,7456
tt8510350,satanic panic,2019,"Comedy,Horror",5.6,7456
tt12763920,deliver us from evil,2020,"Action,Crime,Thriller",6.8,7452
tt15655276,yara,2021,"Crime,Drama,Thriller",6.3,7448
tt1920885,big fish  begonia,2016,"Adventure,Animation,Drama",7.0,7444
tt3692082,little horror movie,2018,"Horror,Mystery",4.0,7443
tt8209702,sleep,2023,"Horror,Mystery,Thriller",6.6,7439
tt7892050,chekka chivantha vaanam,2018,"Action,Drama,Thriller",7.2,7439
tt3031654,ennio,2021,"Biography,Documentary,History",8.2,7437
tt22027654,jaya jaya jaya jaya hey,2022,"Comedy,Drama,Family",7.7,7436
tt5089786,100 meters,2016,"Biography,Comedy,Drama",7.5,7435
tt1462759,butchers crossing,2022,"Adventure,Drama,Western",5.6,7426
tt37970307,ek chatur naar,2025,Comedy,6.5,7425
tt5278460,audrie  daisy,2016,"Crime,Documentary",7.2,7425
tt9261218,uncorked,2020,Drama,6.4,7422
tt9239888,the ruthless,2019,"Crime,Drama",6.3,7418
tt9472334,malum,2023,"Drama,Horror,Mystery",5.0,7411
tt7208564,blood fest,2018,"Comedy,Horror",5.4,7411
tt4354756,the wave,2019,"Sci-Fi,Thriller",6.2,7405
tt9695722,vanguard,2020,"Action,Adventure,Comedy",4.7,7404
tt12929990,resort to love,2021,"Comedy,Romance",5.7,7402
tt27722618,lefthanded girl,2025,Drama,7.3,7402
tt16431330,a nice indian boy,2024,"Comedy,Drama,Romance",7.3,7401
tt5737536,future world,2018,"Action,Adventure,Sci-Fi",3.3,7400
tt7816392,the bouncer,2018,"Action,Drama,Thriller",5.9,7399
tt15566126,s5,2022,"Horror,Thriller",6.8,7396
tt5628902,rabid,2019,"Horror,Sci-Fi",5.2,7395
tt17679584,the blue caftan,2022,"Drama,Romance",7.5,7394
tt2316479,blue iguana,2018,"Action,Comedy,Crime",5.6,7391
tt9605894,nishabdham,2020,"Horror,Mystery,Thriller",4.3,7389
tt8526370,bad tales,2020,"Drama,Mystery,Thriller",6.4,7389
tt6910678,the dunes,2021,Thriller,6.4,7386
tt29272469,golam,2024,"Crime,Mystery",7.2,7385
tt30215084,this is me now,2024,"Comedy,Drama,Fantasy",4.1,7384
tt5460858,the white crow,2018,"Biography,Drama",6.6,7379
tt21335908,the kids are alright 2,2022,Comedy,4.9,7376
tt15823728,brats,2024,Documentary,6.5,7372
tt22478818,william tell,2024,"Action,Biography,Drama",5.7,7370
tt3759298,ashes in the snow,2018,"Drama,History,Romance",6.6,7370
tt32965688,shaunki sardar,2025,Action,8.1,7370
tt12875782,freaks youre one of us,2020,"Drama,Fantasy,Sci-Fi",5.4,7369
tt7937254,silk road,2021,"Crime,Drama,Thriller",6.0,7368
tt4706888,laid in america,2016,Comedy,4.3,7364
tt6953974,sex weather,2018,"Comedy,Drama,Romance",4.5,7364
tt0800175,red sonja,2025,"Action,Adventure,Drama",4.6,7363
tt4610748,devils gate,2017,"Horror,Sci-Fi,Thriller",5.1,7362
tt7357302,avicii true stories,2017,"Biography,Documentary,Music",7.6,7361
tt5983262,tikli and laxmi bomb,2017,Drama,7.0,7360
tt9318280,driveways,2019,Drama,7.2,7360
tt4796122,satanic,2016,Horror,3.7,7354
tt27410895,let go,2024,Drama,7.0,7351
tt16491560,a sacrifice,2024,"Drama,Horror,Mystery",5.0,7348
tt31796256,in her place,2024,"Crime,Drama,History",6.3,7347
tt13923216,showing up,2022,"Comedy,Drama",6.3,7346
tt26225118,phir aayi hasseen dillruba,2024,"Crime,Drama,Mystery",5.8,7342
tt9471678,ultraman rising,2024,"Action,Adventure,Animation",6.9,7337
tt10763618,tune in for love,2019,"Drama,Romance",7.1,7334
tt23572848,the spongebob movie search for squarepants,2025,"Adventure,Animation,Comedy",5.7,7334
tt15521050,love  gelato,2022,"Comedy,Drama,Romance",5.2,7334
tt6705162,cheaper by the dozen,2022,"Comedy,Family",4.6,7329
tt13964560,the astronaut,2025,"Horror,Sci-Fi,Thriller",4.8,7328
tt4809458,the dirty dutch,2016,Comedy,5.1,7328
tt5477608,kahaani 2,2016,"Mystery,Thriller",6.6,7328
tt4007248,hurricane bianca,2016,"Comedy,Drama",5.9,7321
tt37023881,love marriage,2025,Romance,6.5,7315
tt7214842,one of us,2017,Documentary,7.0,7313
tt10928202,hawa,2022,"Drama,Mystery",7.6,7312
tt10068916,made in abyss dawn of the deep soul,2020,"Adventure,Animation,Drama",8.0,7309
tt6794424,la 92,2017,"Crime,Documentary,History",8.2,7308
tt15097358,bison kaalamaadan,2025,"Action,Biography,Drama",7.7,7306
tt15546822,mukundan unni associates,2022,"Comedy,Crime,Drama",7.9,7305
tt3531202,pilgrimage,2017,"Action,Drama,History",5.9,7296
tt11057594,fatal affair,2020,"Crime,Horror,Mystery",4.6,7290
tt21848358,jogi,2022,"Drama,Thriller",7.1,7274
tt12861212,chhorii,2021,"Drama,Horror,Mystery",6.7,7270
tt36592065,a deadly american marriage,2025,"Crime,Documentary",6.6,7254
tt15768848,the pod generation,2023,"Comedy,Romance,Sci-Fi",5.6,7254
tt7461272,call jane,2022,"Drama,History",6.5,7252
tt27125266,ghost,2023,"Action,Thriller",6.3,7252
tt6728096,the breaker upperers,2018,Comedy,5.9,7251
tt7427356,the last laugh,2019,"Comedy,Drama",5.6,7251
tt6335734,the night is short walk on girl,2017,"Adventure,Animation,Comedy",7.5,7249
tt4665630,swinger,2016,"Comedy,Romance",5.4,7247
tt12677092,c u soon,2020,"Drama,Mystery,Thriller",7.6,7246
tt20330434,the crime is mine,2023,"Comedy,Crime,Mystery",6.5,7245
tt6119504,realityhigh,2017,"Comedy,Drama,Romance",5.1,7241
tt18394610,nuovo olimpo,2023,"Drama,Romance",7.2,7239
tt6164502,november,2017,"Drama,Fantasy,Horror",7.1,7237
tt8290698,the spy gone north,2018,"Drama,Thriller",7.4,7230
tt2321341,house of bodies,2016,"Crime,Drama,Thriller",3.8,7222
tt13698942,the immaculate room,2022,"Drama,Thriller",5.1,7221
tt7587876,hope gap,2019,"Drama,Romance",6.8,7221
tt9441638,the big ugly,2020,"Crime,Drama,Thriller",5.2,7218
tt9242528,the survivor,2021,"Biography,Drama,History",6.7,7216
tt28613536,bob trevino likes it,2024,"Comedy,Drama",7.4,7215
tt6861726,jai lava kusa,2017,"Action,Drama,Thriller",6.8,7214
tt4978710,marjorie prime,2017,"Drama,Mystery,Romance",6.3,7209
tt29536228,exmas,2023,Comedy,5.7,7207
tt22042742,christmas bloody christmas,2022,"Comedy,Horror",5.1,7207
tt3954936,monster summer,2024,"Adventure,Fantasy,Horror",5.7,7205
tt12851396,trollhunters rise of the titans,2021,"Action,Adventure,Animation",6.6,7201
tt8995218,z,2019,"Horror,Mystery,Thriller",5.5,7194
tt7645780,the wedding guest,2018,"Action,Thriller",5.8,7194
tt3115906,girl lost,2016,Drama,6.1,7192
tt7983794,operation odessa,2018,"Crime,Documentary",7.7,7191
tt8108196,judgementall hai kya,2019,"Comedy,Crime,Drama",5.9,7188
tt14091818,ajeeb daastaans,2021,"Drama,Romance",6.7,7188
tt27440937,weapon,2024,"Action,Sci-Fi,Thriller",5.6,7183
tt6685538,mavka the forest song,2023,"Adventure,Animation,Comedy",6.6,7170
tt3282076,domino,2019,"Crime,Thriller",4.5,7170
tt11738830,the beta test,2021,"Comedy,Drama,Mystery",6.1,7169
tt6518270,an evening with beverly luff linn,2018,"Comedy,Crime",5.8,7168
tt3711510,the warning,2018,"Crime,Drama,Fantasy",5.9,7164
tt23018924,thangalaan,2024,"Action,Adventure,Drama",6.5,7164
tt13130024,simulant,2023,"Action,Crime,Drama",5.3,7163
tt7153488,army of one,2020,Action,4.5,7160
tt24059780,virupaksha,2023,"Action,Horror,Mystery",7.2,7160
tt17219484,clock,2023,"Drama,Horror,Thriller",5.0,7159
tt14097206,the unlikely pilgrimage of harold fry,2023,Drama,6.8,7154
tt12578564,bergen,2022,"Biography,Drama,Music",6.9,7150
tt10192704,my true fairytale,2021,"Drama,Mystery",5.4,7148
tt5737388,the accursed,2021,"Drama,Horror,Mystery",4.3,7144
tt6769508,steel rain,2017,"Action,Drama,Thriller",7.1,7143
tt11285908,ashfall,2019,"Action,Sci-Fi,Thriller",6.2,7143
tt18561736,the great indian family,2023,Family,5.6,7139
tt33294237,mura,2024,"Action,Drama",7.2,7138
tt6739646,i am heath ledger,2017,"Biography,Documentary",7.4,7136
tt21276958,babes,2024,Comedy,6.3,7136
tt10196464,ramprasad ki tehrvi,2019,"Comedy,Drama",7.4,7132
tt7535868,oha diyorum,2017,Comedy,1.6,7130
tt5624466,son,2021,"Horror,Thriller",5.7,7128
tt13269580,full time,2021,Drama,7.4,7124
tt8738964,clergy,2018,Drama,7.3,7114
tt14539744,bob ross happy accidents betrayal  greed,2021,Documentary,6.9,7114
tt8265928,love at second sight,2019,"Comedy,Drama,Fantasy",6.9,7112
tt7209510,glossary of broken dreams,2018,"Animation,Comedy,Drama",5.7,7107
tt5189894,68 kill,2017,"Comedy,Crime,Thriller",6.0,7107
tt10738536,delicious,2021,"Comedy,Drama,History",7.0,7104
tt7588790,voyeur,2017,"Crime,Documentary",6.1,7102
tt3794028,from the land of the moon,2016,"Drama,Romance",6.6,7098
tt2850272,monster,2018,"Crime,Drama",6.5,7098
tt7843600,fyre fraud,2019,Documentary,6.8,7097
tt14465706,lost bullet 2 back for more,2022,"Action,Crime,Thriller",6.3,7097
tt15334430,dog gone,2023,"Biography,Drama,Family",6.1,7095
tt23468836,touch,2024,"Drama,Romance",7.4,7092
tt8609660,my penguin friend,2024,"Adventure,Drama,Family",6.8,7092
tt14486678,love tactics,2022,"Comedy,Romance",5.4,7080
tt2328678,the kings daughter,2022,"Action,Adventure,Family",5.2,7078
tt6167894,angamaly diaries,2017,"Action,Comedy,Thriller",7.9,7068
tt8613876,kidnapping stella,2019,"Crime,Drama,Thriller",4.9,7067
tt28377588,ground zero,2025,"Action,Drama,History",6.6,7065
tt28230296,it feeds,2025,Horror,5.6,7059
tt13265876,apex,2021,"Action,Drama,Sci-Fi",3.0,7058
tt28131433,legends of the condor heroes the gallants,2025,"Action,Adventure,Drama",6.3,7057
tt11054164,yummy,2019,"Comedy,Horror",5.9,7054
tt5692390,status update,2018,"Comedy,Fantasy,Romance",5.8,7053
tt5723416,the beyond,2017,"Drama,Sci-Fi",4.9,7049
tt27987046,uprising,2024,"Action,Drama,History",6.6,7045
tt4844148,mia and the white lion,2018,"Adventure,Drama,Family",6.5,7043
tt18069420,smurfs,2025,"Adventure,Animation,Comedy",4.3,7042
tt27881338,regina,2023,"Crime,Thriller",5.7,7041
tt3009772,ode to joy,2019,"Comedy,Romance",6.4,7035
tt4731008,the wild life,2016,"Adventure,Animation,Comedy",5.4,7035
tt5451244,the motive,2017,"Comedy,Crime,Drama",6.5,7024
tt3007132,daylights end,2016,"Action,Fantasy,Horror",5.4,7021
tt5352846,drone,2017,Thriller,5.4,7021
tt5420886,walking out,2017,"Adventure,Drama,Mystery",5.8,7016
tt8385420,operation cicero,2019,"Action,Crime,Drama",6.5,7014
tt6931658,hunt,2022,"Action,Drama,Mystery",6.7,7013
tt4940370,the 101yearold man who skipped out on the bill and disappeared,2016,"Adventure,Comedy,Crime",6.3,7013
tt29301456,farrey,2023,"Crime,Drama,Thriller",6.2,7012
tt9239552,konosuba gods blessing on this wonderful world  legend of crimson,2019,"Action,Adventure,Animation",7.8,7008
tt14729020,double blind,2023,"Horror,Thriller",5.6,7004
tt7921248,the whistlers,2019,"Comedy,Crime,Drama",6.3,6990
tt5039054,oopiri,2016,"Comedy,Drama",8.0,6990
tt5091612,a bag of marbles,2017,"Biography,Drama,History",7.3,6990
tt4451458,endless poetry,2016,"Biography,Drama,Fantasy",7.5,6987
tt1714917,gimme danger,2016,"Documentary,Music",7.2,6981
tt8305852,all my life,2020,"Drama,Romance",6.3,6977
tt8856470,pokémon mewtwo strikes back  evolution,2019,"Action,Animation,Family",5.7,6970
tt10406596,you are not my mother,2021,"Drama,Horror",5.8,6968
tt27116016,die hart,2023,"Action,Comedy",5.2,6966
tt5963218,aloko udapadi,2017,"Drama,History",8.3,6958
tt13926298,nanban oruvan vantha piragu,2024,Drama,6.2,6957
tt5973626,batman return of the caped crusaders,2016,"Action,Adventure,Animation",6.7,6949
tt8998472,you might be the killer,2018,"Comedy,Horror,Mystery",5.9,6944
tt10015244,ash and bone,2022,"Horror,Mystery,Thriller",4.0,6939
tt8521736,flora  ulysses,2021,"Adventure,Comedy,Family",6.2,6936
tt6977240,starship troopers traitor of mars,2017,"Action,Animation,Fantasy",5.5,6936
tt28452681,blood star,2024,"Action,Crime,Horror",6.0,6929
tt32194932,the ritual,2025,"Drama,Horror,Thriller",4.5,6929
tt10187680,forensic,2020,"Crime,Mystery,Thriller",6.8,6928
tt10081762,breaking surface,2020,"Adventure,Drama,Horror",6.1,6925
tt23219684,mighty morphin power rangers once  always,2023,"Action,Adventure,Drama",5.7,6920
tt15229674,my name is vendetta,2022,"Action,Crime,Drama",5.6,6920
tt27047448,til death do us part,2023,"Action,Comedy,Horror",3.8,6917
tt5639446,jonathan,2018,"Drama,Mystery,Sci-Fi",5.9,6917
tt10324122,secret society of second born royals,2020,"Action,Adventure,Comedy",5.1,6916
tt9107368,bob lazar area 51  flying saucers,2018,Documentary,5.7,6915
tt2237324,bent,2018,"Action,Crime,Drama",5.2,6913
tt11698630,crazy about her,2021,"Comedy,Romance",6.6,6908
tt8411144,kaappaan,2019,"Action,Drama,Thriller",6.2,6904
tt4130484,demon house,2019,"Documentary,Horror,Mystery",4.8,6895
tt12735338,words bubble up like soda pop,2020,"Animation,Drama,Music",6.8,6894
tt6598626,take me,2017,"Comedy,Crime,Mystery",6.1,6893
tt8060328,attraction 2 invasion,2020,"Action,Sci-Fi",5.6,6888
tt5427194,the miracle season,2018,"Drama,Sport",6.5,6885
tt9373688,settlers,2021,"Drama,Sci-Fi,Thriller",4.8,6883
tt37836776,kadiköy bogasi,2025,Comedy,1.0,6880
tt9827834,sylvies love,2020,"Drama,Music,Romance",6.8,6873
tt27510257,thalavan,2024,"Crime,Mystery,Thriller",7.2,6871
tt4144350,cold ground,2017,"Horror,Mystery,Sci-Fi",5.0,6866
tt4872078,the intervention,2016,"Comedy,Drama",6.0,6865
tt23950956,this place rules,2022,"Crime,Documentary,History",7.2,6864
tt9225192,unstoppable,2018,"Action,Comedy,Crime",6.6,6862
tt32654179,gelin takimi,2024,"Comedy,Romance",4.0,6861
tt13849558,corner office,2022,"Comedy,Mystery",6.1,6860
tt4372390,detour,2016,"Action,Thriller",6.2,6860
tt8090580,noah land,2019,Drama,7.1,6860
tt8983220,hungama 2,2021,"Comedy,Drama,Romance",3.3,6860
tt8165192,raging fire,2021,"Action,Adventure,Crime",6.5,6859
tt6186910,imaikkaa nodigal,2018,"Crime,Drama,Thriller",7.3,6857
tt13551614,kuruthi,2021,Thriller,7.5,6856
tt18108824,the friend,2024,"Comedy,Drama",6.4,6848
tt28618488,vermiglio,2024,"Drama,History",6.9,6846
tt17676734,americana,2023,"Comedy,Crime,Drama",5.9,6846
tt4230700,complete unknown,2016,"Drama,Mystery",5.4,6845
tt4191702,norman,2016,"Drama,Thriller",6.1,6840
tt6712014,fukrey returns,2017,Comedy,6.5,6839
tt7518466,conor mcgregor notorious,2017,"Biography,Documentary,Sport",7.1,6837
tt12274228,rentapal,2020,"Horror,Thriller",6.3,6836
tt11767484,drown,2020,"Crime,Drama,Mystery",7.4,6836
tt4975280,strangled,2016,"Crime,Drama,Horror",7.0,6834
tt11112526,indoo ki jawani,2020,"Comedy,Drama",3.4,6834
tt31529147,odela 2,2025,"Crime,Drama,Horror",4.6,6830
tt9708358,uncle tom,2020,"Documentary,History",8.2,6828
tt4613254,heartstone,2016,"Drama,Romance",7.4,6822
tt12736014,ctrl,2024,"Drama,Thriller",6.2,6821
tt5918074,a death in the gunj,2016,"Drama,Thriller",7.4,6818
tt5829040,fun mom dinner,2017,Comedy,5.3,6812
tt12585076,moonshot,2022,"Comedy,Romance,Sci-Fi",5.6,6808
tt28142896,weekend in taipei,2024,"Action,Thriller",5.7,6801
tt3829378,stephanie,2017,"Horror,Mystery",5.8,6801
tt7941892,attack on titan the roar of awakening,2018,"Action,Animation,Fantasy",8.3,6800
tt8804580,attack of the unknown,2020,"Action,Horror,Sci-Fi",3.2,6798
tt5095506,tight dress,2016,Drama,8.2,6795
tt27604215,in your dreams,2025,"Adventure,Animation,Comedy",6.5,6794
tt3905764,the neighbor,2017,"Romance,Thriller",4.8,6791
tt14596320,spin me round,2022,"Comedy,Romance",5.2,6791
tt6890582,psychokinesis,2018,"Action,Comedy,Fantasy",6.0,6787
tt4900708,creepy,2016,"Crime,Drama,Horror",6.4,6786
tt33549447,anemone,2025,Drama,5.6,6785
tt4669252,georgetown,2019,"Biography,Crime,Drama",6.2,6783
tt6237966,thaanaa serndha koottam,2018,"Action,Comedy,Crime",6.3,6782
tt4265508,amateur night,2016,Comedy,5.1,6780
tt5114840,six minutes to midnight,2020,"Drama,Thriller,War",6.0,6780
tt9669176,accident man hitmans holiday,2022,"Action,Comedy,Crime",5.9,6774
tt5226984,tom of finland,2017,"Biography,Drama",6.8,6773
tt7972012,oss 117 from africa with love,2021,"Action,Comedy",5.8,6772
tt7025976,the emperor of paris,2018,"Adventure,Crime,History",6.3,6767
tt4964310,bet on revenge,2017,"Adventure,Drama,History",7.2,6767
tt6293516,bingo the king of the mornings,2017,"Biography,Comedy,Drama",7.9,6766
tt13468602,the lair,2022,"Action,Horror,Sci-Fi",4.6,6763
tt12545566,mr malcolms list,2022,"Comedy,Drama,Romance",6.0,6762
tt6931414,the great battle,2018,"Action,Drama,History",7.0,6759
tt5253294,penny pincher,2016,Comedy,5.9,6756
tt21819250,selena gomez my mind  me,2022,"Biography,Documentary,Music",7.3,6752
tt4922692,kiki love to love,2016,"Comedy,Romance",6.4,6748
tt23872640,dirty angels,2024,"Action,Drama,Thriller",4.6,6747
tt5238904,assimilate,2019,"Horror,Sci-Fi,Thriller",5.3,6747
tt19244260,red right hand,2024,"Action,Thriller",5.5,6743
tt10952782,malasaña 32,2020,"Horror,Mystery",5.6,6742
tt8342680,the burnt orange heresy,2019,"Drama,Mystery,Thriller",6.1,6737
tt5978724,my days of mercy,2017,"Drama,Romance",6.5,6735
tt21291992,river wild,2023,"Action,Adventure,Thriller",5.4,6732
tt3698454,yaara,2020,Action,5.9,6730
tt6193424,the trip to spain,2017,"Adventure,Comedy,Drama",6.6,6729
tt13392012,demonic,2021,"Drama,Horror,Sci-Fi",4.3,6729
tt8228172,the furies,2019,"Action,Horror,Thriller",5.4,6724
tt23398540,thug life,2025,"Action,Crime,Drama",4.2,6723
tt6708116,bad seeds,2018,Comedy,7.2,6723
tt2560092,the magicians elephant,2023,"Adventure,Animation,Comedy",6.6,6719
tt23790418,christmas as usual,2023,"Comedy,Drama,Romance",5.5,6718
tt3774866,autumn lights,2016,"Drama,Mystery",5.1,6717
tt4939066,battle for incheon operation chromite,2016,"Action,Drama,History",6.2,6716
tt18298588,monolith,2022,"Drama,Horror,Mystery",5.8,6713
tt18747542,faraway,2023,"Comedy,Drama,Romance",6.7,6710
tt1290138,frank  lola,2016,"Crime,Drama,Romance",5.9,6707
tt15387190,veera simha reddy,2023,"Action,Drama",4.8,6703
tt9173154,separation,2021,"Drama,Horror,Mystery",4.7,6703
tt5153288,backstabbing for beginners,2018,"Drama,History,Mystery",6.3,6698
tt4911996,goldstone,2016,"Action,Crime,Mystery",6.6,6692
tt10370812,the settlers,2023,"Crime,Drama,History",6.9,6690
tt5208950,kickboxer retaliation,2018,"Action,Drama",5.0,6685
tt8649344,blue jean,2022,"Drama,History",7.0,6681
tt4744086,ki  ka,2016,"Comedy,Romance",5.7,6679
tt13502736,suedi,2021,"Comedy,Drama",5.9,6676
tt8399720,tina,2021,"Biography,Documentary,Music",7.9,6676
tt11950888,cellar door,2024,"Drama,Horror,Mystery",5.2,6676
tt11815960,superdeep,2020,"Horror,Mystery,Sci-Fi",4.9,6675
tt12143990,the reeducation of molly singer,2023,Comedy,5.6,6674
tt12292206,those who walk away,2022,"Drama,Horror,Thriller",4.2,6674
tt8393332,twin murders the silence of the white city,2019,"Crime,Drama,Mystery",5.4,6672
tt1210027,afterburn,2025,"Action,Comedy,Sci-Fi",4.6,6666
tt5472374,meri pyaari bindu,2017,"Comedy,Drama,Romance",6.1,6664
tt11307724,john and the hole,2021,"Drama,Horror,Thriller",5.1,6664
tt21905744,the front room,2024,"Horror,Thriller",4.7,6663
tt11944928,red stone,2021,"Crime,Drama,Mystery",5.0,6660
tt5351458,the hatton garden job,2017,"Action,Crime,Thriller",5.6,6658
tt2392830,a quiet passion,2016,"Biography,Drama,Romance",6.4,6658
tt6952604,arrhythmia,2017,Drama,7.4,6654
tt24679190,sattar,2022,"Action,Comedy",6.9,6651
tt9632590,an easy girl,2019,"Comedy,Drama",5.6,6651
tt6832388,the dark,2018,"Drama,Fantasy,Horror",5.6,6647
tt13978658,salute,2022,"Action,Crime,Drama",7.0,6647
tt27811040,the roundup punishment,2024,"Action,Crime,Thriller",6.6,6646
tt20258220,angels fallen warriors of peace,2024,"Action,Adventure,Fantasy",3.7,6646
tt8760670,mona lisa and the blood moon,2021,"Fantasy,Mystery,Thriller",6.2,6645
tt15251536,kaapa,2022,"Action,Crime,Thriller",5.8,6643
tt7260048,outside in,2017,Drama,6.7,6641
tt16425284,mixed by erry,2023,"Comedy,History,Music",7.1,6641
tt21094994,ripd 2 rise of the damned,2022,"Action,Adventure,Comedy",4.6,6640
tt28105944,through my window looking at you,2024,"Comedy,Drama,Romance",5.5,6636
tt8046498,dont tell a soul,2020,"Drama,Thriller",5.9,6636
tt4991512,tramps,2016,"Adventure,Romance",6.5,6636
tt10345590,how i became a super hero,2020,"Action,Adventure,Comedy",5.8,6632
tt27766440,the salt path,2024,Drama,6.6,6632
tt7798646,the photograph,2020,"Drama,Romance",6.1,6630
tt7778680,photograph,2019,"Drama,Romance",6.8,6624
tt21398196,siya,2022,"Crime,Drama",7.5,6623
tt6263618,in the aisles,2018,"Drama,Romance",6.9,6623
tt2918606,the hollow point,2016,"Adventure,Crime,Drama",5.4,6621
tt10123970,mothers child,2020,Drama,8.2,6615
tt22869490,crakk jeetega toh jiyegaa,2024,"Action,Sport,Thriller",4.6,6606
tt7831358,harpoon,2019,"Comedy,Horror,Thriller",5.9,6604
tt14536120,the master and margarita,2024,"Drama,Fantasy,Horror",7.1,6602
tt8717446,blackbird,2019,Drama,6.6,6601
tt15000156,firebrand,2023,"Drama,History",6.3,6600
tt8550208,romeo akbar walter,2019,"Action,Drama,Thriller",6.7,6600
tt3289080,asylum of fear,2018,"Horror,Mystery,Thriller",3.5,6590
tt7533846,mutluluk zamani,2017,"Comedy,Romance",5.9,6584
tt10473036,the amazing maurice,2022,"Adventure,Animation,Comedy",6.2,6581
tt20113412,the convert,2023,"Action,Drama,History",6.4,6579
tt13652142,magazine dreams,2023,Drama,7.0,6573
tt4687358,beyond the gates,2016,"Adventure,Horror",5.1,6573
tt32086046,souleymanes story,2024,Drama,7.6,6573
tt8186318,overcomer,2019,"Drama,Family,Sport",6.7,6572
tt4257940,the lost husband,2020,"Drama,Romance",6.1,6572
tt2866708,strange but true,2019,"Drama,Mystery,Thriller",5.9,6563
tt8337320,the last vermeer,2019,"Drama,War",6.7,6559
tt4659056,the day will come,2016,Drama,7.9,6559
tt7016254,synonyms,2019,"Comedy,Drama",6.3,6559
tt6704898,elisa  marcela,2019,"Biography,Drama,Romance",6.7,6558
tt8155182,leprechaun returns,2018,"Comedy,Fantasy,Horror",5.0,6557
tt8999372,sir alex ferguson never give in,2021,"Biography,Documentary,Sport",8.1,6556
tt18550182,rmn,2022,Drama,7.2,6555
tt10772662,the boy behind the door,2020,"Horror,Mystery,Thriller",5.7,6552
tt22227936,gorgeous,2022,Drama,7.1,6550
tt30327451,the marching band,2024,"Comedy,Drama,Music",7.4,6545
tt9224288,mainstream,2020,"Comedy,Drama",5.1,6544
tt11416746,time,2020,"Biography,Documentary",6.8,6544
tt6269434,in this gray place,2018,"Drama,Romance,Thriller",4.4,6544
tt5207204,panfilovs 28 men,2016,"Action,Drama,War",6.7,6544
tt22751230,slum dog husband,2023,"Comedy,Drama",6.6,6543
tt24249072,last straw,2023,"Horror,Thriller",5.5,6542
tt21836538,the figo affair the transfer that changed football,2022,"Biography,Documentary,Sport",7.1,6538
tt8610436,the sparks brothers,2021,"Biography,Comedy,Documentary",7.8,6536
tt22010428,bts permission to dance on stage  la,2022,"Documentary,Music",8.5,6529
tt17382524,the tunnel to summer the exit of goodbyes,2022,"Animation,Drama,Fantasy",7.2,6521
tt8956324,warning,2021,"Drama,Sci-Fi,Thriller",4.6,6521
tt5883570,bodied,2017,"Comedy,Drama,Music",7.1,6518
tt4858674,stargirl,2020,"Comedy,Drama,Family",6.2,6517
tt8951692,military wives,2019,"Comedy,Drama,Music",6.5,6517
tt12917050,the list,2023,Comedy,5.2,6517
tt10944596,here today,2021,"Comedy,Drama,Music",6.7,6516
tt5504168,kshanam,2016,Thriller,8.1,6513
tt15479902,trust no one the hunt for the crypto king,2022,"Crime,Documentary",6.3,6512
tt4003070,diamond dust,2018,"Crime,Drama,Mystery",7.9,6510
tt1659619,the odyssey,2016,"Adventure,Biography,Drama",6.6,6508
tt16302202,the estate,2022,Comedy,5.3,6506
tt6576556,the silent revolution,2018,"Drama,History",7.4,6505
tt25602750,the girl who escaped the kara robinson story,2023,"Crime,Drama,Thriller",6.3,6503
tt26682012,daddys head,2024,"Horror,Thriller",5.6,6499
tt5653294,the crew,2016,"Action,Adventure,Drama",6.6,6499
tt27534328,the childe,2023,"Action,Drama,Thriller",6.9,6492
tt8535180,kill chain,2019,"Action,Drama,Thriller",5.1,6492
tt8176040,panipat,2019,"Action,Drama,History",5.3,6491
tt7159382,fidaa,2017,"Comedy,Drama,Romance",7.4,6490
tt5278464,holy hell,2016,"Documentary,Drama",7.0,6490
tt7225386,25 kmh,2018,"Adventure,Comedy,Drama",7.2,6489
tt27458291,annapoorani,2023,Drama,3.9,6486
tt15181064,kakuda,2024,"Comedy,Horror",5.3,6485
tt7720922,batti gul meter chalu,2018,Drama,5.9,6484
tt4958448,museo,2018,"Crime,Drama",6.9,6478
tt5599692,clash,2016,"Drama,Thriller,War",7.4,6477
tt12528166,out of death,2021,"Action,Crime,Thriller",3.4,6477
tt27417166,crossing,2024,Drama,7.4,6473
tt13421132,sunny,2021,"Drama,Thriller",6.6,6472
tt7797658,awe,2018,"Drama,Fantasy,Horror",7.6,6466
tt2822672,rock dog,2016,"Adventure,Animation,Comedy",6.0,6466
tt15837338,paw patrol the mighty movie,2023,"Action,Adventure,Animation",5.9,6458
tt25134642,main atal hoon,2024,"Biography,Drama",6.9,6458
tt9274670,13 minutes,2021,"Action,Drama,Thriller",4.7,6456
tt8637504,disclosure,2020,Documentary,8.1,6454
tt33484071,sweet bobby my catfish nightmare,2024,Documentary,6.2,6448
tt6979756,creation of the gods i kingdom of storms,2023,"Action,Adventure,Drama",6.6,6444
tt11418452,son of a rich,2019,Comedy,6.6,6443
tt7493370,adults in the room,2019,Drama,6.0,6440
tt10796286,dear comrades,2020,"Drama,History",7.4,6440
tt6514196,baazaar,2018,"Crime,Drama,Thriller",6.5,6440
tt27655393,love you ram,2023,"Drama,Romance",4.6,6439
tt33030375,the new year that never came,2024,"Drama,History",8.1,6439
tt7646322,the devil below,2021,"Horror,Mystery,Thriller",4.3,6438
tt9314984,the power,2021,"Horror,Mystery,Thriller",5.5,6436
tt6182078,st agatha,2018,"Horror,Thriller",4.8,6435
tt4429160,red shoes and the seven dwarfs,2019,"Action,Adventure,Animation",6.5,6435
tt4881364,anti matter,2016,"Horror,Mystery,Sci-Fi",5.7,6432
tt23052532,mark antony,2023,"Action,Comedy,Crime",6.6,6431
tt5328350,spoor,2017,"Crime,Drama,Mystery",6.3,6428
tt33029024,idly kadai,2025,"Comedy,Drama,Sport",6.5,6428
tt14895716,something in the dirt,2022,"Comedy,Horror,Mystery",5.8,6424
tt9883398,long distance,2024,"Comedy,Drama,Sci-Fi",5.7,6422
tt14097180,somewhere in queens,2022,"Comedy,Drama,Sport",6.8,6419
tt13318052,midnight at the magnolia,2020,"Comedy,Romance",5.8,6419
tt7278824,the first king,2019,"Action,Adventure,Drama",6.5,6418
tt15036416,shiny_flakes the teenage drug lord,2021,"Biography,Crime,Documentary",7.3,6410
tt5156746,force 2,2016,"Action,Thriller",6.2,6407
tt7690638,soorma,2018,"Biography,Drama,Sport",7.3,6404
tt5728684,sour grapes,2016,"Crime,Documentary",7.2,6401
tt8530978,beats,2019,"Drama,Music",6.4,6401
tt6613878,clara,2018,"Drama,Sci-Fi",6.7,6397
tt7422822,greener grass,2019,Comedy,6.4,6397
tt10127708,valley of the dead,2020,"Action,Comedy,Horror",5.8,6393
tt14188930,nna thaan case kodu,2022,"Comedy,Crime,Drama",7.9,6390
tt4874206,the student,2016,Drama,6.9,6389
tt8286926,njan prakashan,2018,"Comedy,Drama",7.7,6387
tt10360772,my best friend anne frank,2021,Drama,6.3,6385
tt19406606,the shift,2023,"Action,Romance,Sci-Fi",5.6,6376
tt13929998,on a wing and a prayer,2023,Drama,5.5,6374
tt7213936,what will people say,2017,Drama,7.4,6373
tt9173264,sibyl,2019,Drama,6.0,6371
tt30150907,justice league crisis on infinite earths  part two,2024,"Action,Adventure,Animation",5.6,6370
tt6721848,overnight republic,2017,Comedy,5.8,6370
tt15471560,smoking causes coughing,2022,"Comedy,Horror,Sci-Fi",6.4,6368
tt12735282,the reef stalked,2022,"Adventure,Horror,Thriller",4.2,6363
tt4494718,final portrait,2017,"Biography,Comedy,Drama",6.3,6362
tt9026524,bliss,2019,"Drama,Horror,Mystery",5.9,6358
tt20465746,last night of amore,2023,"Drama,Thriller",7.1,6352
tt14472156,paint,2023,"Comedy,Drama",5.0,6351
tt8108206,saand ki aankh,2019,"Biography,Drama",7.5,6350
tt9801736,a white white day,2019,"Drama,Mystery,Thriller",6.6,6345
tt15193162,the conversion,2022,Drama,8.2,6342
tt8347960,breath,2022,"Drama,Thriller",4.8,6339
tt3917210,life animated,2016,"Comedy,Documentary,Drama",7.4,6339
tt20242416,maamannan,2023,"Action,Drama,Thriller",6.7,6338
tt31189315,father mother sister brother,2025,"Comedy,Drama",6.6,6338
tt23334464,10 days of a good man,2023,"Crime,Drama,Mystery",6.5,6337
tt30795948,a little something extra,2024,Comedy,7.0,6335
tt10262380,boys from county hell,2020,"Comedy,Horror,Thriller",5.9,6330
tt5881528,damsel,2018,"Comedy,Drama,Western",5.5,6330
tt15048606,lost,2022,"Drama,Thriller",5.7,6329
tt11286210,master,2022,"Drama,Horror,Mystery",5.3,6329
tt6051096,the axiom,2018,"Fantasy,Horror,Mystery",4.7,6329
tt8042116,house owner,2019,Drama,7.0,6326
tt8380776,grand isle,2019,"Crime,Mystery,Thriller",4.7,6321
tt15338966,reunion,2024,"Comedy,Mystery",5.6,6319
tt5687334,godard mon amour,2017,"Biography,Comedy,Drama",6.6,6317
tt8704802,the last blockbuster,2020,Documentary,6.7,6316
tt10463030,bhoot part one  the haunted ship,2020,"Horror,Mystery,Thriller",5.4,6316
tt9288776,white snake,2019,"Action,Adventure,Animation",7.0,6314
tt5714470,come away,2020,"Adventure,Drama,Fantasy",5.7,6313
tt13354204,just another christmas,2020,"Comedy,Drama",6.7,6308
tt9465600,3022,2019,Sci-Fi,4.5,6307
tt7035004,the swordsman,2020,"Action,Drama,History",6.8,6305
tt11807888,the grandmother,2021,Horror,5.9,6302
tt8523334,city hunter,2018,"Action,Comedy,Crime",6.5,6301
tt5614612,black snow,2017,"Crime,Drama,Mystery",6.2,6294
tt22892546,akelli,2023,"Action,Drama,Thriller",6.0,6293
tt13566172,the dive,2023,"Adventure,Drama,Thriller",5.6,6292
tt7394674,blood quantum,2019,"Drama,Horror",5.6,6289
tt0920462,lost girls and love hotels,2020,"Drama,Thriller",4.7,6287
tt27678883,controll,2025,"Action,Thriller",6.9,6275
tt11773308,ranga maarthaanda,2023,Drama,8.0,6269
tt8179470,looks that kill,2020,"Comedy,Drama,Romance",6.3,6267
tt29471733,picture this,2025,"Comedy,Romance",5.3,6264
tt14407884,mujib the making of nation,2023,"Biography,Drama,History",4.4,6262
tt1235187,where hands touch,2018,"Drama,Romance,War",6.6,6262
tt10230404,ghost stories,2020,"Horror,Thriller",4.5,6262
tt14539318,the beast within,2024,Horror,4.3,6259
tt26690825,balagam,2023,"Drama,Family",7.9,6259
tt12121582,when you finish saving the world,2022,"Comedy,Drama",5.7,6255
tt3652526,fire at sea,2016,Documentary,6.7,6255
tt10441806,the way we are,2020,"Comedy,Drama,Romance",5.6,6252
tt35111035,demon city,2025,"Action,Adventure,Crime",5.4,6250
tt10840884,taish,2020,"Action,Thriller",7.3,6248
tt15376894,saint omer,2022,Drama,6.7,6246
tt5235880,a flying jatt,2016,"Action,Adventure,Comedy",3.2,6245
tt6324614,sobibor,2018,"Drama,History,Thriller",6.4,6244
tt8033592,us and them,2018,"Drama,Romance",7.4,6240
tt13457790,the critic,2023,"Crime,Drama,Mystery",6.0,6238
tt9089294,the seven deadly sins prisoners of the sky,2018,"Action,Adventure,Animation",7.0,6238
tt10362566,the exorcism of god,2021,"Drama,Horror,Thriller",5.3,6236
tt27940347,riwaj,2025,Drama,5.2,6235
tt32047217,delicious,2025,"Crime,Drama,Thriller",4.4,6235
tt9916362,coven,2020,"Drama,History,Horror",6.4,6233
tt31122323,megamind vs the doom syndicate,2024,"Action,Adventure,Animation",2.4,6233
tt8237172,gundala,2019,"Action,Adventure,Drama",6.1,6231
tt5316648,blind,2023,"Crime,Drama,Thriller",4.1,6231
tt33477418,like aani subscribe,2024,Mystery,7.1,6229
tt29634843,40 acres,2024,"Action,Drama,Fantasy",6.5,6227
tt9747594,beasts clawing at straws,2020,"Crime,Drama,Mystery",7.0,6221
tt13482806,zero fucks given,2021,"Comedy,Drama",6.4,6221
tt7207238,jane,2017,"Biography,Documentary",7.8,6220
tt7737734,the other lamb,2019,"Drama,Horror,Mystery",5.3,6220
tt2404639,the happy prince,2018,"Biography,Drama",6.3,6216
tt10230422,class of 83,2020,"Crime,Drama,Thriller",5.8,6214
tt9850386,the bee gees how can you mend a broken heart,2020,"Biography,Documentary,Music",8.1,6214
tt15978956,wifelike,2022,"Crime,Mystery,Sci-Fi",4.9,6206
tt5253282,the bachelors,2017,"Comedy,Drama,Romance",6.8,6205
tt30841606,rumours,2024,"Comedy,Drama,Horror",4.8,6205
tt10342228,the shipment,2021,"Action,Crime,Drama",3.5,6204
tt8329290,the golem,2018,"Drama,Horror",5.5,6202
tt13243898,the mole undercover in north korea,2020,"Documentary,Thriller",8.2,6199
tt14967618,margaux,2022,"Horror,Sci-Fi,Thriller",4.5,6199
tt5936866,a dark place,2018,"Mystery,Thriller",6.2,6196
tt6095616,mr  mme adelman,2017,"Comedy,Drama,Romance",7.3,6192
tt14577300,fortress,2021,"Action,Thriller",3.3,6192
tt1817232,phineas and ferb the movie candace against the universe,2020,"Adventure,Animation,Comedy",7.0,6186
tt24517458,rdx robert dony xavier,2023,"Action,Adventure",7.0,6185
tt23846874,sajini shinde ka viral video,2023,"Crime,Mystery,Thriller",6.2,6184
tt8015080,godzilla city on the edge of battle,2018,"Action,Animation,Sci-Fi",5.8,6183
tt7156222,keep an eye out,2018,Comedy,6.7,6183
tt5816374,band aid,2017,"Comedy,Drama,Music",6.6,6182
tt24249946,the caine mutiny courtmartial,2023,"Drama,War",6.7,6182
tt8332454,shooting heroin,2020,"Action,Drama,Thriller",4.7,6180
tt4906984,azhar,2016,"Biography,Drama,Sport",5.7,6179
tt23664710,kutch express,2023,"Drama,Family",7.0,6177
tt32360696,french lover,2025,"Comedy,Romance",6.2,6173
tt11095742,boys state,2020,Documentary,7.6,6163
tt7250056,nonfiction,2018,"Comedy,Drama,Romance",6.4,6161
tt8884906,monday,2020,"Drama,Romance",5.7,6153
tt32643830,the elixir,2025,"Horror,Thriller",5.3,6148
tt32244679,the roast of tom brady,2024,"Comedy,Documentary",7.2,6147
tt33054635,santhana prapthirasthu,2025,"Comedy,Drama",5.6,6146
tt30180830,sasquatch sunset,2024,"Adventure,Comedy,Drama",5.4,6145
tt9806336,rising high,2020,"Comedy,Drama",6.0,6145
tt10110614,apples,2020,"Comedy,Drama,Sci-Fi",6.8,6141
tt8618118,the plagues of breslau,2018,"Action,Crime,Mystery",6.0,6140
tt8359842,it must be heaven,2019,"Comedy,Drama",6.9,6135
tt7230750,the velvet underground,2021,"Documentary,Music",7.3,6135
tt5247704,back to burgundy,2017,"Comedy,Drama",6.8,6134
tt10710246,eftihia,2019,"Biography,Drama,Music",8.0,6131
tt5735280,it stains the sands red,2016,"Drama,Horror,Sci-Fi",5.5,6130
tt19712072,chengiz,2023,"Action,Crime,Thriller",7.6,6127
tt9412268,furie,2019,"Action,Drama,Thriller",6.3,6126
tt12229370,mothering sunday,2021,"Drama,Romance",6.1,6125
tt3560148,fear inc,2016,"Comedy,Horror,Thriller",5.6,6122
tt18555320,return to space,2022,Documentary,7.3,6122
tt23865712,kadak singh,2023,"Drama,Thriller",6.2,6121
tt7179784,irumbu thirai,2018,"Action,Crime,Thriller",7.6,6120
tt10993078,boneyard,2024,"Action,Crime,Drama",4.2,6118
tt8545482,zone 414,2021,"Adventure,Crime,Drama",5.1,6116
tt22037066,malikappuram,2022,"Action,Adventure,Drama",7.4,6112
tt13842562,pelé,2021,"Biography,Documentary,Sport",7.0,6111
tt10933680,debt collectors,2020,"Action,Comedy",5.8,6109
tt5510934,the unnamed,2016,Drama,8.9,6109
tt6300910,the unholy trinity,2024,"Action,Adventure,Crime",5.5,6105
tt36934451,mst  terra prometida,2025,Documentary,8.7,6103
tt4466490,sieranevada,2016,"Comedy,Drama",7.3,6102
tt24478470,city hunter,2024,"Action,Comedy,Crime",6.3,6101
tt4902716,rebirth,2016,Thriller,5.0,6099
tt1799516,benji,2018,"Crime,Drama,Family",6.4,6096
tt7190460,thupparivaalan,2017,"Action,Crime,Thriller",7.6,6095
tt4299300,my blind date with life,2017,"Biography,Comedy,Drama",7.1,6093
tt27868101,vadakkan,2024,"Fantasy,Horror,Thriller",6.1,6093
tt19034332,the mystery of marilyn monroe the unheard tapes,2022,"Biography,Crime,Documentary",6.2,6093
tt6438096,becoming warren buffett,2017,"Biography,Documentary",7.4,6089
tt4652532,enter the warriors gate,2016,"Action,Adventure,Comedy",5.4,6089
tt25400540,guruvayoor ambalanadayil,2024,Comedy,6.6,6084
tt7807026,your son,2018,Drama,6.1,6083
tt2586120,racer and the jailbird,2017,"Crime,Drama,Romance",6.3,6079
tt20192230,green lantern beware my power,2022,"Action,Adventure,Animation",6.2,6077
tt13825336,good luck jerry,2022,"Comedy,Crime,Drama",5.5,6075
tt30454602,the last journey,2024,Documentary,7.8,6072
tt6214084,something useful,2017,Drama,7.6,6071
tt6521776,open 24 hours,2018,Horror,5.5,6070
tt3967878,illang the wolf brigade,2018,"Action,Drama,Sci-Fi",5.9,6069
tt2114504,woody woodpecker,2017,"Adventure,Animation,Comedy",4.2,6068
tt6032328,finding steve mcqueen,2019,"Crime,Drama",6.2,6067
tt7112154,asako i  ii,2018,"Drama,Romance",7.1,6066
tt7286966,money plane,2020,"Action,Comedy,Crime",3.2,6058
tt18162096,do not expect too much from the end of the world,2023,"Comedy,Drama",7.3,6057
tt11547520,kalashnikov,2020,"Action,Biography,Drama",6.6,6054
tt8307082,sauvagewild,2018,Drama,7.1,6049
tt4392770,always shine,2016,"Drama,Horror,Mystery",5.6,6047
tt11263022,the seventh day,2021,"Horror,Mystery",4.6,6046
tt32304349,the carpenters son,2025,Horror,4.5,6046
tt4922674,parallel,2018,"Drama,Mystery,Sci-Fi",5.9,6044
tt15048614,blurr,2022,"Drama,Horror,Mystery",5.8,6043
tt5149490,gwen,2018,"Drama,History,Horror",5.7,6039
tt13495458,the inspection,2022,Drama,6.7,6038
tt9789042,small engine repair,2021,"Crime,Drama,Thriller",6.5,6037
tt6426028,knife  heart,2018,"Drama,Horror,Mystery",6.2,6037
tt9581076,so long my son,2019,Drama,7.7,6036
tt21958136,the wasp,2024,Thriller,6.1,6032
tt2088950,the show,2017,"Drama,Thriller",5.6,6029
tt5472758,happy bhaag jayegi,2016,"Comedy,Romance",6.5,6024
tt10407272,someone somewhere,2019,"Comedy,Drama,Romance",6.6,6023
tt21317634,bride hard,2025,"Action,Comedy",4.4,6022
tt10831086,pixie,2020,"Comedy,Crime,Thriller",5.9,6019
tt3567666,stratton,2017,"Action,Adventure,Thriller",4.8,6014
tt13391708,the five devils,2022,"Drama,Fantasy,Romance",6.7,6013
tt8737614,majili,2019,"Drama,Romance",7.3,6010
tt11724920,dead sea,2024,"Crime,Thriller",5.2,6008
tt13698928,silence can you hear it,2021,"Crime,Thriller",6.6,6006
tt10543680,ginny weds sunny,2020,"Comedy,Drama,Romance",5.7,6005
tt9319826,jungle cry,2022,"Drama,Sport",7.2,6004
tt7299298,svaha the sixth finger,2019,"Crime,Horror,Mystery",6.3,5999
tt13280054,blood,2022,"Drama,Horror,Thriller",5.5,5999
tt7215262,super size me 2 holy chicken,2017,Documentary,7.1,5998
tt5268348,generation wealth,2018,Documentary,6.7,5997
tt27032419,mrs,2023,"Comedy,Drama",6.7,5996
tt11651780,choked,2020,Drama,5.7,5996
tt6735740,love in kilnerry,2019,Comedy,7.2,5996
tt26655108,the family star,2024,"Action,Drama,Romance",5.4,5996
tt29270150,undercover,2024,"Biography,Crime,Drama",7.1,5995
tt23875550,ui,2024,"Action,Sci-Fi",6.6,5995
tt19637852,halftime,2022,"Biography,Documentary,Music",6.6,5995
tt14465894,restless,2022,"Action,Crime,Thriller",5.8,5995
tt13143988,nail polish,2021,Drama,7.2,5993
tt13317694,have you ever seen fireflies,2021,"Comedy,Drama",6.2,5992
tt13273800,sun and concrete,2023,"Adventure,Crime,Drama",7.4,5992
tt11388278,a week away,2021,"Drama,Family,Musical",5.8,5992
tt11916302,derek delgaudios in  of itself,2020,Documentary,8.2,5991
tt19705884,good boy,2022,"Horror,Thriller",5.6,5988
tt1656177,most wanted,2020,"Crime,Drama,History",6.2,5984
tt4399594,fitoor,2016,"Drama,Romance",5.5,5983
tt13428402,stand by me doraemon 2,2020,"Animation,Comedy,Drama",7.5,5983
tt6333052,casting jonbenet,2017,"Crime,Documentary,Drama",6.1,5983
tt32094375,die hart 2 die harter,2024,"Action,Comedy",4.3,5981
tt9206798,all is true,2018,"Biography,Drama,History",6.3,5981
tt3064338,mutant blast,2018,"Action,Comedy,Horror",5.6,5980
tt7472352,shirkers,2018,Documentary,7.3,5977
tt14315500,nobody sleeps in the woods tonight 2,2021,"Comedy,Horror,Thriller",3.8,5974
tt15380500,vasco da gama,2024,"Comedy,Thriller",5.5,5972
tt28301898,blame the game,2024,"Comedy,Romance,Thriller",5.4,5968
tt27843798,jewel thief the heist begins,2025,"Action,Adventure,Thriller",4.2,5964
tt6999052,mario,2018,"Drama,Romance,Sport",7.4,5964
tt5974030,the jesus rolls,2019,"Comedy,Crime,Drama",4.4,5963
tt6624144,a good woman is hard to find,2019,"Crime,Drama,Thriller",6.3,5962
tt11469744,mathu vadalara,2019,"Comedy,Crime,Thriller",8.2,5956
tt11394182,feels good man,2020,"Comedy,Documentary",7.5,5956
tt30268321,eleanor the great,2025,"Drama,War",6.6,5955
tt11525022,dance of the 41,2020,"Biography,Drama,History",6.8,5955
tt0972544,back roads,2018,"Crime,Drama,Thriller",6.3,5950
tt5538800,dont blame the kid,2016,"Comedy,Romance",6.6,5949
tt4300480,italian race,2016,"Drama,Sport",7.2,5949
tt26420234,music by john williams,2024,"Biography,Documentary,Music",8.2,5946
tt5795086,gemini,2017,"Crime,Drama,Mystery",5.4,5945
tt5500148,welcome to germany,2016,"Comedy,Drama",6.2,5945
tt14857730,the enforcer,2022,"Action,Crime,Drama",5.4,5941
tt9116358,promare,2019,"Action,Adventure,Animation",7.0,5939
tt20112600,race for glory audi vs lancia,2024,"Biography,Drama,Sport",5.8,5939
tt31853193,gundi legend of love,2024,"Biography,Sport",8.9,5938
tt4328094,impossible monsters,2019,Thriller,4.1,5935
tt6333054,chasing coral,2017,Documentary,8.0,5933
tt7867670,122,2019,"Horror,Thriller",5.6,5932
tt14527836,recalled,2021,"Drama,Mystery,Thriller",6.7,5932
tt18951176,gulmohar,2023,"Drama,Family",7.6,5929
tt11143108,oh my kadavule,2020,"Comedy,Fantasy,Romance",8.0,5928
tt13964404,horror in the high desert,2021,"Horror,Thriller",5.4,5927
tt8173728,the wolf house,2018,"Animation,Drama,Horror",7.5,5925
tt23648788,counterstrike,2025,"Action,Thriller",6.0,5924
tt4614612,peterloo,2018,"Drama,History",6.5,5922
tt5919756,disappearance at clifton hill,2019,"Drama,Mystery,Thriller",5.4,5915
tt20222202,youre killing me,2023,"Action,Horror,Mystery",4.9,5909
tt5534436,dhaka attack,2017,"Action,Thriller",7.5,5908
tt28223926,skincare,2024,"Comedy,Mystery,Thriller",5.7,5908
tt6117702,munna michael,2017,"Action,Drama,Music",3.5,5905
tt3588588,backtrace,2018,"Crime,Drama,Thriller",3.8,5902
tt18224610,house of darkness,2022,"Comedy,Horror,Mystery",4.7,5902
tt11542214,war of the eltis,2020,"Comedy,Family",5.8,5902
tt15799524,the history of sound,2025,"Drama,History,Music",6.9,5900
tt10856726,travis scott look mom i can fly,2019,"Documentary,Music",6.3,5896
tt11651550,operation java,2021,"Crime,Drama,Thriller",8.0,5894
tt7320560,cuba and the cameraman,2017,Documentary,8.2,5894
tt7365604,dog days,2018,"Comedy,Drama,Romance",6.2,5892
tt9150970,despite everything,2019,Comedy,5.4,5888
tt10702148,the killing of two lovers,2020,Drama,6.8,5887
tt11046300,ujda chaman,2019,Comedy,6.9,5882
tt8765496,may the devil take you,2018,"Horror,Mystery,Thriller",5.9,5881
tt12625756,churuli,2021,"Fantasy,Mystery,Sci-Fi",7.0,5881
tt26731216,the forge,2024,"Drama,Family",6.8,5877
tt13381376,welcome home,2020,"Crime,Drama,Horror",7.3,5875
tt5335128,kali,2016,"Action,Drama,Thriller",6.9,5873
tt8941440,virus,2019,"Drama,Thriller",7.7,5871
tt27330732,luv ki arrange marriage,2024,"Comedy,Family",4.4,5869
tt9067182,rocks,2019,Drama,7.4,5869
tt26691319,good night,2023,"Comedy,Drama,Romance",7.7,5867
tt1759744,charlie says,2018,"Biography,Crime,Drama",5.9,5867
tt26442053,old guy,2024,"Action,Comedy,Crime",5.3,5867
tt7345930,abhrahaminte santhathikal,2018,"Action,Crime,Thriller",6.6,5866
tt6223806,under the tree,2017,"Comedy,Drama,Thriller",6.8,5866
tt6572702,monster family,2017,"Animation,Comedy,Family",4.8,5865
tt3286560,the last face,2016,"Action,Adventure,Drama",5.0,5864
tt27687527,justice league warworld,2023,"Action,Adventure,Animation",5.3,5862
tt33888131,aap jaisa koi,2025,"Drama,Romance",5.8,5860
tt14058484,biggie i got a story to tell,2021,"Biography,Documentary,Music",6.8,5859
tt3762912,betting on zero,2016,Documentary,7.1,5859
tt5987402,three seconds,2017,"Biography,Drama,Sport",6.6,5858
tt22188452,haddi,2023,"Crime,Drama",5.6,5857
tt1657517,the song of names,2019,"Drama,Music,Mystery",6.5,5856
tt18260564,killer book club,2023,"Horror,Thriller",4.6,5856
tt14813966,tyler perrys a madea homecoming,2022,"Comedy,Drama,Romance",5.7,5854
tt4557956,crash pad,2017,Comedy,5.8,5854
tt5792468,butterfly kisses,2018,"Horror,Mystery",5.9,5854
tt7983844,take your pills,2018,Documentary,6.3,5848
tt13845438,naane varuvean,2022,Thriller,6.1,5846
tt32600395,100 meters,2025,"Animation,Drama,Sport",7.6,5845
tt26655359,malayalee from india,2024,"Action,Comedy,Drama",5.6,5844
tt19848268,fear the night,2023,"Action,Adventure,Horror",4.9,5842
tt5120640,sarbjit,2016,"Biography,Drama",7.3,5842
tt15554886,tales of babylon,2023,"Action,Comedy,Crime",6.6,5839
tt15509506,the 100,2025,Action,7.4,5835
tt11874226,david byrnes american utopia,2020,"Documentary,Music,Musical",8.2,5834
tt7515456,mission of honor,2018,"Action,Drama,War",5.9,5833
tt12476270,brut force,2022,Thriller,4.2,5833
tt5338222,my tomorrow your yesterday,2016,"Drama,Fantasy,Romance",7.4,5832
tt7288408,radioflash,2019,"Drama,Sci-Fi,Thriller",4.8,5830
tt5845758,serial cook,2017,"Comedy,Crime,Drama",6.7,5830
tt1697800,die in a gunfight,2021,"Action,Comedy,Crime",4.6,5827
tt9138170,limbo,2020,"Comedy,Drama",7.2,5824
tt29702934,sila nodigalil,2023,"Drama,Mystery,Thriller",5.1,5823
tt15042300,on swift horses,2024,"Drama,Romance",6.0,5822
tt6744044,candy jar,2018,"Comedy,Drama,Romance",5.8,5821
tt12861508,survive the game,2021,"Action,Thriller",3.0,5816
tt10937434,ultras,2020,Drama,6.2,5814
tt24515124,winter spring summer or fall,2024,"Drama,Romance",6.1,5813
tt4955566,almost friends,2016,"Comedy,Drama",5.8,5813
tt9016016,saint frances,2019,"Comedy,Drama",7.1,5811
tt11357580,luz,2020,"Crime,Drama,Romance",6.6,5811
tt6217804,boo 2 a madea halloween,2017,"Comedy,Drama,Horror",4.1,5806
tt5577494,clemency,2019,Drama,6.5,5805
tt14186876,bring them down,2024,"Drama,Thriller",6.4,5804
tt3652862,morris from america,2016,"Comedy,Drama,Romance",6.3,5797
tt4513316,novitiate,2017,Drama,6.7,5797
tt6060444,the paper tigers,2020,"Action,Comedy",6.3,5796
tt19713090,the killer,2022,"Action,Crime,Thriller",6.7,5795
tt2560792,skybound,2017,"Action,Mystery,Thriller",4.1,5793
tt20672490,american carnage,2022,"Action,Comedy,Horror",5.0,5793
tt12223548,the bezonians,2021,"Comedy,Crime,Drama",4.3,5793
tt5777628,one more time with feeling,2016,"Documentary,Music",8.2,5785
tt23642740,night courier,2023,"Comedy,Crime,Drama",7.3,5785
tt6791730,tumhari sulu,2017,"Comedy,Drama",7.0,5784
tt6895284,itsy bitsy,2019,"Fantasy,Horror,Mystery",4.6,5783
tt12844586,sanctioning evil,2022,Action,6.1,5782
tt10642834,the fortyyearold version,2020,"Comedy,Drama",7.2,5782
tt11454718,the yinyang master dream of eternity,2020,"Action,Drama,Fantasy",6.4,5781
tt8323104,nancy drew and the hidden staircase,2019,"Comedy,Crime,Drama",5.7,5778
tt11229134,durgamati the myth,2020,"Horror,Thriller",4.0,5775
tt11988512,oneway to tomorrow,2020,"Comedy,Drama,Romance",5.6,5775
tt8094252,ngk,2019,"Action,Drama,Thriller",5.7,5772
tt18082758,the takeover,2022,"Action,Crime,Thriller",5.3,5767
tt1945228,voyage of time lifes journey,2016,"Documentary,Drama",6.5,5767
tt29470244,vaazha biopic of a billion boys,2024,"Comedy,Drama",7.3,5766
tt9320226,yuvarathnaa,2021,"Action,Drama",6.3,5766
tt5505316,kolpaçino 3 devre,2016,Comedy,4.2,5766
tt13524234,taylor swift folklore the long pond studio sessions,2020,"Documentary,Drama,Music",8.4,5766
tt15837458,wrong place,2022,"Action,Crime,Thriller",3.5,5765
tt5936492,the witch in the window,2018,"Drama,Horror",5.7,5762
tt19704542,sidelined the qb and me,2024,"Drama,Romance",5.8,5762
tt23638614,unsung hero,2024,"Biography,Drama,Family",7.0,5745
tt5973032,antiporno,2016,"Drama,Horror",6.3,5744
tt27930156,i love you,2023,"Drama,Romance,Thriller",5.4,5741
tt9616700,adu,2020,Drama,6.8,5737
tt2782692,alis wedding,2017,"Comedy,Drama,Romance",6.9,5736
tt9052960,laal kaptaan,2019,"Action,Adventure,Drama",7.2,5735
tt22863968,something in the water,2024,"Adventure,Drama,Horror",4.1,5734
tt36793656,bakasura restaurant,2025,Comedy,7.8,5731
tt6012380,ordinary love,2019,"Drama,Romance",6.6,5729
tt28551273,bha bha ba,2025,"Action,Comedy,Thriller",4.8,5728
tt10126434,scare me,2020,"Comedy,Horror",5.7,5728
tt5932368,vanquish,2021,"Action,Adventure,Crime",3.0,5725
tt7672068,why dont you just die,2018,"Comedy,Drama,Thriller",6.8,5725
tt8740778,piranhas,2019,"Crime,Drama",6.5,5723
tt15494038,drifting home,2022,"Adventure,Animation,Drama",6.3,5722
tt11112784,perfect strangers,2022,"Comedy,Drama,Romance",5.8,5721
tt4074928,realive,2016,"Drama,Sci-Fi",5.9,5720
tt5883632,esteros,2016,"Drama,Romance",7.0,5718
tt10309552,12 hour shift,2020,"Comedy,Horror,Thriller",5.5,5708
tt19890316,what happens later,2023,"Comedy,Romance",4.9,5708
tt27802912,ace,2025,"Action,Comedy,Crime",6.5,5706
tt15391770,corrective measures,2022,"Action,Adventure,Crime",4.3,5706
tt13623916,toolsidas junior,2022,"Drama,Family,Sport",7.5,5703
tt10799690,trap house,2025,"Action,Crime",5.4,5702
tt26238710,sketch,2024,"Adventure,Comedy,Family",6.6,5701
tt10628092,contra,2020,"Comedy,Drama",6.8,5700
tt3627704,phantasm ravager,2016,"Action,Fantasy,Horror",4.9,5700
tt32106176,kesari veer,2025,"Action,Drama,History",4.7,5700
tt9034290,turkish icecream,2019,"Drama,History,War",6.4,5697
tt37529347,yan yana,2025,"Comedy,Drama",7.8,5691
tt6044910,operation mekong,2016,"Action,Adventure,Crime",6.5,5690
tt27050277,the courier,2024,"Action,Adventure,Crime",6.1,5689
tt4717402,mfkz,2017,"Action,Animation,Comedy",6.7,5687
tt5060166,beyond the woods,2016,"Drama,Horror,Mystery",4.3,5687
tt6544220,the mandela effect,2019,"Drama,Horror,Sci-Fi",5.8,5686
tt7440432,quincy,2018,"Biography,Documentary",7.6,5685
tt14960612,see you on venus,2023,"Drama,Romance",6.1,5684
tt5937770,tell me how i die,2016,"Horror,Mystery,Thriller",5.0,5683
tt8000908,robert the bruce,2019,"Biography,Drama,History",5.5,5683
tt35301431,latin blood the ballad of ney matogrosso,2025,"Biography,Drama,Music",7.8,5683
tt4058618,the thicket,2024,"Crime,Drama,Western",5.9,5682
tt28635681,gorre puranam,2024,Drama,5.5,5680
tt15477504,nanpakal nerathu mayakkam,2022,"Comedy,Drama",7.4,5678
tt12024308,wildflower,2022,"Comedy,Drama",6.9,5673
tt11199356,bheeshma,2020,"Action,Comedy,Romance",6.6,5668
tt28026215,guns up,2025,"Action,Comedy",5.5,5665
tt13145534,incredible but true,2022,"Comedy,Drama,Fantasy",6.4,5663
tt15560626,bhoothakaalam,2022,"Drama,Horror,Mystery",7.4,5663
tt20315818,ezra,2023,"Comedy,Drama",6.4,5661
tt9213244,antrum the deadliest film ever made,2018,Horror,4.9,5661
tt4624366,monstrous,2022,"Horror,Mystery,Thriller",4.7,5660
tt8594376,into the labyrinth,2019,"Crime,Drama,Horror",5.8,5659
tt20854842,ved,2022,"Drama,Romance",7.2,5653
tt6893836,theyll love me when im dead,2018,"Biography,Documentary",7.4,5651
tt9652782,bait,2019,Drama,7.1,5651
tt5764024,ok jaanu,2017,"Drama,Romance",5.4,5649
tt12550376,shark bait,2022,"Horror,Thriller",4.5,5647
tt14025788,baggio the divine ponytail,2021,"Biography,Drama,Sport",6.1,5647
tt3655682,lets be evil,2016,"Horror,Sci-Fi,Thriller",3.8,5646
tt4795546,nocturama,2016,"Drama,Thriller",6.4,5645
tt6838702,rolling to you,2018,"Comedy,Romance",6.5,5645
tt21200850,dance with the jackals 6,2022,"Action,Comedy",5.1,5644
tt12358104,two,2021,"Drama,Mystery,Thriller",4.3,5644
tt22769820,legion of superheroes,2023,"Action,Animation,Sci-Fi",5.9,5643
tt26739529,money shot the pornhub story,2023,Documentary,5.4,5641
tt30150917,justice league crisis on infinite earths  part three,2024,"Action,Adventure,Animation",6.1,5634
tt7296862,spf18,2017,"Drama,Romance,Sport",3.2,5632
tt15341106,writer padmabhushan,2023,"Comedy,Drama",7.5,5632
tt7183578,project gutenberg,2018,"Action,Crime,Mystery",6.8,5630
tt31989784,simarik,2024,"Comedy,Drama",5.3,5627
tt4305148,lovesong,2016,"Drama,Romance",6.3,5626
tt21097192,die alone,2024,"Drama,Horror,Mystery",5.8,5624
tt4126568,open water 3 cage dive,2017,"Adventure,Drama,Horror",4.2,5623
tt7581572,sudani from nigeria,2018,"Comedy,Drama,Sport",8.1,5619
tt33294533,ronth,2025,Drama,7.1,5619
tt31249107,salvable,2025,"Action,Adventure,Crime",6.1,5618
tt9472532,the intergalactic adventures of max cloud,2020,"Action,Comedy,Sci-Fi",4.7,5616
tt23621682,bambi the reckoning,2025,"Horror,Thriller",5.0,5614
tt6084202,blizzard of souls,2019,"Action,Drama,History",7.2,5613
tt10804178,how i became a gangster,2019,"Crime,Drama",6.9,5611
tt29538571,sixty minutes,2024,"Action,Adventure,Drama",5.7,5603
tt36856278,trainwreck the astroworld tragedy,2025,Documentary,6.7,5597
tt28526239,spark life,2023,"Action,Romance,Thriller",6.7,5597
tt7841496,perdida,2018,"Crime,Drama,Mystery",5.7,5596
tt15685876,dhamaka,2022,"Action,Comedy,Thriller",6.1,5594
tt14317880,final cut,2022,"Comedy,Horror",6.3,5592
tt19034522,white hot the rise  fall of abercrombie  fitch,2022,Documentary,5.8,5590
tt7521214,scare package,2019,"Comedy,Drama,Fantasy",5.4,5587
tt5612742,f the prom,2017,"Comedy,Drama",4.2,5586
tt11591424,the stay,2021,"Drama,Horror,Mystery",3.7,5586
tt10243678,chopsticks,2019,"Comedy,Drama",6.5,5586
tt4966532,i remember you,2017,"Drama,Horror,Mystery",6.1,5586
tt15964372,aparajito,2022,"Biography,Drama,Family",8.7,5585
tt4329810,qt8 the first eight,2019,Documentary,7.3,5585
tt5834854,mary,2019,"Horror,Mystery",4.5,5584
tt13583144,the minimalists less is now,2021,Documentary,5.9,5582
tt15422224,slotherhouse,2023,"Comedy,Horror,Thriller",4.5,5581
tt15464390,mastaney,2023,"Action,Drama,History",7.4,5580
tt11658120,xtreme,2021,"Action,Crime,Drama",5.8,5579
tt23642744,night of the hunted,2023,"Crime,Drama,Horror",5.3,5578
tt7054636,a madea family funeral,2019,"Comedy,Drama",4.8,5577
tt7349910,nightmare cinema,2018,"Comedy,Drama,Horror",5.5,5573
tt8493514,locked on you,2018,Comedy,6.2,5573
tt15507512,the piano lesson,2024,"Drama,Music",6.2,5572
tt9636732,israelism,2023,"Documentary,War",7.6,5571
tt6748466,loro 1,2018,"Biography,Drama",6.7,5568
tt9714030,france,2021,"Comedy,Drama",5.9,5568
tt1774591,teenage cocktail,2016,"Drama,Thriller",5.8,5568
tt15189534,the wrath of god,2022,"Drama,Thriller",5.8,5567
tt6515910,the kindness of strangers,2019,Drama,6.6,5565
tt4683366,ghayal once again,2016,"Action,Drama,Thriller",6.2,5564
tt28076316,detective sherdil,2025,"Comedy,Mystery",5.1,5558
tt4906960,baadshaho,2017,"Action,Adventure,Thriller",4.9,5557
tt11892272,the laws of the border,2021,Thriller,6.9,5553
tt15789492,infiesto,2023,"Action,Adventure,Crime",5.6,5549
tt8241876,5th borough,2020,Crime,5.4,5549
tt14686544,white elephant,2022,"Action,Thriller",4.5,5548
tt6054846,amundsen,2019,"Adventure,Biography,Drama",6.2,5544
tt3672120,pottersville,2017,Comedy,5.5,5543
tt29252358,armor,2024,"Action,Crime,Drama",3.6,5542
tt6774212,aiyaary,2018,"Crime,Drama,Thriller",5.3,5542
tt8637440,the climb,2019,"Comedy,Drama",6.7,5542
tt5580392,amateur,2018,"Drama,Sport",5.9,5542
tt32916093,mr crocket,2024,Horror,5.4,5541
tt2962984,girlfriends day,2017,"Comedy,Drama",5.2,5539
tt28131427,black dog,2024,"Drama,Thriller",7.2,5537
tt7959500,the farm,2018,Horror,3.7,5537
tt3096858,theyre watching,2016,"Comedy,Horror,Thriller",5.6,5531
tt12887178,14 phere,2021,"Comedy,Romance",6.3,5526
tt7279180,sunny side,2017,"Comedy,Drama",6.5,5522
tt10935956,kira  el gin,2022,"Action,Drama,History",7.8,5521
tt8478602,godzilla the planet eater,2018,"Action,Adventure,Animation",5.1,5521
tt12058584,chess story,2021,"Drama,Thriller,War",6.8,5516
tt9000466,inner city rats,2019,"Action,Comedy,Crime",5.3,5516
tt23782248,custody,2023,"Action,Drama,Thriller",5.7,5514
tt9179230,held for ransom,2019,"Biography,Drama,Thriller",7.6,5510
tt4622682,above the shadows,2019,"Drama,Fantasy,Romance",6.1,5509
tt28857146,sapta sagaradaache ello side b,2023,"Action,Drama,Romance",8.0,5505
tt28664733,lost in starlight,2025,"Animation,Comedy,Drama",7.0,5505
tt5517438,7 years,2016,Drama,6.7,5505
tt11213600,sardar ka grandson,2021,"Comedy,Drama,Romance",4.3,5505
tt7468616,the boat,2018,"Mystery,Thriller",5.7,5499
tt14633464,lethal weapons,2023,"Action,Crime,Drama",5.9,5498
tt11953194,hey sinamika,2022,"Drama,Romance",6.3,5489
tt5581284,all about me,2018,"Biography,Comedy,Drama",7.3,5485
tt20452454,binny and family,2024,Drama,7.5,5484
tt28364355,varshangalkku shesham,2024,"Comedy,Drama,Musical",6.6,5484
tt5593384,truth and justice,2019,Drama,7.9,5482
tt14412366,a day to die,2022,"Action,Crime,Drama",3.5,5482
tt21810110,bhagavanth kesari,2023,"Action,Drama,Thriller",5.7,5477
tt13899250,bloodline killer,2024,"Crime,Horror,Mystery",4.1,5476
tt21419928,lets meet,2025,Romance,6.0,5474
tt6520954,debi,2018,"Drama,Horror,Mystery",7.7,5474
tt11563070,acharya,2022,"Action,Drama",3.8,5472
tt10083174,the stairs,2021,"Horror,Mystery",4.2,5470
tt10649016,safety,2020,"Biography,Drama,Sport",6.8,5470
tt29224742,razakar the silent genocide of hyderabad,2024,"Action,Drama,History",7.3,5469
tt7903530,we die young,2019,"Action,Crime,Drama",5.2,5466
tt29271622,palestine 36,2025,"Biography,Drama,History",7.6,5466
tt21301418,chief of station,2024,"Action,Thriller",4.7,5456
tt7095654,believer,2018,"Action,Crime,Thriller",6.6,5454
tt33529930,bandaa singh chaudhary,2024,"Action,Comedy,Drama",5.9,5454
tt23782140,vaazhai,2024,Drama,7.7,5449
tt6179746,the gateway,2018,Sci-Fi,5.4,5448
tt35518081,ask sadece bir an,2025,Romance,3.8,5447
tt7946836,animal world,2018,"Action,Fantasy,Sci-Fi",6.4,5444
tt11265320,escape the field,2022,"Horror,Thriller",4.5,5444
tt6264148,w gli sposi,2019,Comedy,3.7,5443
tt32543884,fall for me,2025,Thriller,4.8,5443
tt3155342,all together now,2020,"Drama,Romance",6.5,5443
tt28282872,mr bachchan,2024,"Action,Crime,Drama",3.6,5441
tt12676006,borrego,2022,Thriller,5.2,5436
tt5779540,dear dictator,2017,Comedy,5.0,5433
tt23804378,three of us,2022,"Drama,Romance",7.5,5433
tt12311866,children of the corn,2020,Horror,3.8,5432
tt4935462,amazing grace,2018,"Documentary,Music",7.5,5431
tt1158939,never grow old,2019,"Drama,Thriller,Western",6.0,5427
tt9247314,spiral,2019,"Drama,Horror,Mystery",5.5,5424
tt27302079,aattam,2023,"Drama,Mystery,Thriller",8.1,5423
tt5809020,handsome a netflix mystery movie,2017,"Comedy,Mystery",5.2,5423
tt11773426,kingdom,2025,"Action,Crime,Drama",5.5,5423
tt5078214,victoria,2016,"Comedy,Drama,Romance",6.2,5423
tt6927152,rampant,2018,"Action,Drama,History",6.3,5422
tt5458088,kammatti paadam,2016,"Action,Crime,Drama",7.9,5421
tt34508974,silent night deadly night,2025,Horror,6.2,5420
tt24225846,sabari,2024,"Action,Drama,Family",6.4,5420
tt4830786,the cakemaker,2017,"Drama,Romance",7.3,5419
tt4788722,my brother,2016,"Comedy,Romance",5.8,5418
tt8269552,3 faces,2018,Drama,7.0,5418
tt7010412,the great buddha,2017,"Comedy,Crime,Drama",7.6,5417
tt8363392,blackout,2022,"Action,Crime,Thriller",3.9,5416
tt8746404,marmaduke,2022,"Adventure,Animation,Comedy",3.3,5413
tt22528200,f marry kill,2024,"Comedy,Mystery,Romance",5.3,5411
tt17491040,the pirates the last royal treasure,2022,"Action,Adventure,Comedy",6.1,5411
tt14179942,good night oppy,2022,Documentary,7.7,5409
tt2337841,bottom of the world,2017,"Drama,Mystery,Thriller",5.0,5405
tt13309978,superhost,2021,"Comedy,Horror,Thriller",5.5,5405
tt16377862,all that breathes,2022,Documentary,7.0,5405
tt28766949,uranus 2324,2024,"Drama,Romance,Sci-Fi",6.3,5401
tt10833378,beyond the neon,2022,"Crime,Mystery,Thriller",6.2,5397
tt16492636,demon slayer kimetsu no yaiba  asakusa arc,2021,"Action,Animation,Fantasy",8.5,5396
tt11084896,spirit untamed,2021,"Adventure,Animation,Comedy",5.5,5394
tt19853698,música,2024,"Comedy,Music,Romance",6.4,5393
tt6217564,5 in the afternoon,2017,"Comedy,Drama",5.0,5392
tt4193072,how to build a girl,2019,Comedy,6.0,5390
tt5157456,viking,2016,"Action,Drama,History",4.6,5382
tt9010738,miss fisher  the crypt of tears,2020,"Adventure,Drama,Mystery",6.1,5382
tt4844150,a babysitters guide to monster hunting,2020,"Comedy,Family,Fantasy",5.4,5379
tt13259610,the outwaters,2022,"Horror,Sci-Fi,Thriller",3.8,5378
tt5859882,vita  virginia,2018,"Biography,Drama,Romance",5.9,5376
tt6889032,the cake general,2018,"Comedy,Drama",6.7,5375
tt13899570,kannagi,2023,"Drama,Romance",6.4,5373
tt5600714,laal rang,2016,"Comedy,Crime,Drama",7.8,5370
tt8197998,wolf,2018,"Action,Thriller,War",6.7,5368
tt13172796,plan b,2021,Comedy,6.7,5363
tt8970448,adopt a highway,2019,Drama,6.3,5362
tt7277680,anando brahma,2017,"Comedy,Horror",6.9,5360
tt6412864,on the beach at night alone,2017,"Drama,Romance",6.8,5357
tt8907974,looop lapeta,2022,"Action,Comedy,Crime",5.2,5356
tt5562652,vaxxed from coverup to catastrophe,2016,Documentary,4.6,5354
tt14640242,together,2021,"Comedy,Drama,Romance",6.2,5354
tt12851324,zombie reddy,2021,"Action,Comedy,Horror",7.0,5352
tt5584796,tehran taboo,2017,"Animation,Drama",7.1,5348
tt2948160,corbin nash,2018,"Action,Horror,Thriller",4.3,5347
tt8358220,after midnight,2019,"Drama,Horror,Romance",5.4,5344
tt3097396,what josiah saw,2021,"Horror,Thriller",6.2,5344
tt3113696,dont kill it,2016,"Action,Horror",5.2,5344
tt5460508,bodyguard,2016,"Action,Drama,Thriller",6.0,5343
tt5479616,amar,2017,"Drama,Romance",5.1,5334
tt4687276,range 15,2016,"Action,Comedy,Horror",4.0,5329
tt32389619,outside,2024,"Horror,Thriller",5.1,5329
tt5170810,inside,2016,"Horror,Thriller",4.6,5328
tt5691024,show dogs,2018,"Adventure,Comedy,Crime",4.0,5327
tt5181852,slumber,2017,Horror,4.7,5326
tt9902160,herself,2020,Drama,7.0,5324
tt9352356,the djinn,2021,"Horror,Thriller",4.8,5322
tt4898730,temple,2017,"Adventure,Drama,Horror",3.7,5320
tt5580536,arsenal,2017,"Action,Crime,Thriller",4.0,5319
tt13131186,enemy,2021,"Action,Drama,Thriller",6.1,5319
tt5629964,the midnight man,2016,"Fantasy,Horror,Mystery",4.8,5318
tt3904278,we go on,2016,"Drama,Horror,Mystery",5.8,5315
tt5160928,mean dreams,2016,"Drama,Thriller",6.3,5313
tt3665498,beyond the sky,2018,"Mystery,Sci-Fi,Thriller",5.0,5310
tt9675464,gang leader,2019,"Action,Comedy,Thriller",7.6,5310
tt10661710,born a champion,2021,"Action,Drama,Sport",6.8,5307
tt5914996,no game no life zero,2017,"Adventure,Animation,Drama",7.3,5305
tt7962932,ill take your dead,2018,Horror,5.6,5302
tt9099938,kingdom,2019,"Action,History,War",6.8,5301
tt5836316,the last movie star,2017,Drama,7.0,5299
tt16118722,tony hawk until the wheels fall off,2022,"Biography,Documentary,Sport",8.0,5297
tt20198774,play dead,2022,"Horror,Thriller",5.2,5297
tt15676664,venus,2022,"Action,Horror,Thriller",5.5,5295
tt4687848,railroad tigers,2016,"Action,Adventure,Comedy",5.8,5293
tt14781176,the 8th night,2021,"Horror,Thriller",5.4,5292
tt20256556,the greatest lie ever sold george floyd and the rise of blm,2022,Documentary,7.0,5289
tt32648798,revelations,2025,"Crime,Drama,Mystery",6.0,5288
tt2441982,the visitors bastille day,2016,"Comedy,Fantasy",4.6,5286
tt6462462,le brio,2017,"Comedy,Drama",6.7,5284
tt10731264,suraj pe mangal bhari,2020,Comedy,6.0,5283
tt4909752,rangoon,2017,"Action,Drama,History",5.6,5280
tt27816710,abraham ozler,2024,"Crime,Drama,Mystery",6.6,5280
tt7350614,head count,2018,"Horror,Mystery,Thriller",5.4,5277
tt5617916,airplane mode,2019,Comedy,1.9,5275
tt7019820,velaikkaran,2017,"Action,Drama,Thriller",7.2,5274
tt6418996,chameleon,2019,"Crime,Thriller",4.7,5273
tt27957740,daaku maharaaj,2025,"Action,Crime,Drama",5.9,5271
tt4587366,eliminators,2016,"Action,Thriller",5.6,5271
tt3743042,lake bodom,2016,"Horror,Mystery,Thriller",5.2,5264
tt14687418,the tank,2023,"Horror,Mystery,Thriller",4.6,5252
tt2787302,message man,2018,"Action,Crime,Thriller",5.9,5251
tt13932162,secret magic control agency,2021,"Adventure,Animation,Comedy",6.2,5250
tt12663250,yaksha ruthless operations,2022,"Action,Crime,Thriller",6.3,5249
tt14967472,of an age,2022,"Drama,Romance",7.1,5248
tt11092020,shadow force,2025,"Action,Drama,Thriller",4.7,5248
tt5606538,confidential assignment,2017,"Action,Comedy,Drama",6.7,5247
tt8983180,made in china,2019,"Comedy,Drama",6.3,5246
tt5390066,permission,2017,"Comedy,Drama,Romance",5.4,5245
tt4771932,the happiest day in the life of olli maki,2016,"Biography,Drama,Romance",7.2,5244
tt4766630,the awakening of motti wolkenbruch,2018,"Comedy,Drama",6.6,5243
tt13878694,maarrich,2022,"Crime,Mystery,Thriller",6.2,5242
tt6504538,danger one,2018,"Action,Comedy,Crime",5.5,5241
tt34379050,night of the reaper,2025,Horror,5.8,5241
tt6951892,samson,2018,"Action,Drama",4.6,5241
tt8188872,varathan,2018,"Action,Drama,Thriller",7.5,5240
tt3260524,a secret love,2020,"Biography,Documentary,Drama",7.8,5240
tt10728764,nobody knows im here,2020,"Drama,Music",6.5,5237
tt6892462,the world is yours,2018,"Comedy,Crime",6.3,5234
tt33400719,strange harvest,2024,Horror,6.3,5233
tt9418878,a tale of three sisters,2019,Drama,7.4,5231
tt8263936,the mystery of henri pick,2019,"Comedy,Drama,Mystery",6.7,5229
tt2943178,mad heidi,2022,"Action,Adventure,Comedy",5.5,5228
tt3692652,eloise,2016,"Horror,Mystery,Sci-Fi",4.6,5228
tt8282042,donbass,2018,Drama,6.6,5227
tt10978398,sky high,2020,"Action,Adventure,Crime",5.6,5227
tt4896168,bed rest,2022,"Drama,Horror,Mystery",5.1,5227
tt6556576,monster party,2018,"Horror,Thriller",5.5,5224
tt5563330,whitney can i be me,2017,"Biography,Documentary,Music",6.8,5223
tt32537226,hunting season,2025,"Action,Crime,Drama",5.8,5223
tt11502940,sulthan,2021,"Action,Drama",6.2,5221
tt9831136,the banana splits movie,2019,"Comedy,Horror,Thriller",5.1,5218
tt13717980,grudge,2021,"Crime,Drama,Mystery",5.5,5216
tt29137778,homestead,2024,"Action,Drama,Thriller",5.2,5215
tt33337007,fussclass dabhade,2025,Drama,7.2,5214
tt3468380,which brings me to you,2023,"Comedy,Drama,Romance",5.6,5211
tt3864060,unstoppable,2024,"Drama,Sport",6.8,5208
tt15488088,moving on,2022,Comedy,6.0,5205
tt8727582,circus of books,2019,"Biography,Documentary,History",7.1,5203
tt14013772,elevator game,2023,"Horror,Thriller",4.2,5203
tt10550884,the divine fury,2019,"Action,Horror,Thriller",6.3,5200
tt5936692,the last family,2016,"Biography,Drama",7.4,5200
tt9691290,sharmajee ki beti,2024,"Comedy,Drama",5.9,5197
tt5990066,bad match,2017,"Crime,Horror,Mystery",5.6,5196
tt2531334,keep watching,2017,"Horror,Mystery,Thriller",4.3,5195
tt7461200,the oath,2018,"Comedy,Thriller",5.7,5193
tt10914452,the binding,2020,"Drama,Horror,Thriller",4.8,5192
tt9193612,ride your wave,2019,"Animation,Comedy,Drama",6.8,5192
tt7545566,skate kitchen,2018,Drama,6.8,5190
tt30073158,dhakshina,2024,"Crime,Drama",5.4,5190
tt20205236,no bears,2022,"Drama,Romance",7.2,5190
tt9742334,brochevarevarura,2019,Comedy,8.0,5190
tt14301252,zombies 3,2022,"Drama,Family,Horror",5.4,5190
tt14034294,vanished into the night,2024,"Drama,Thriller",5.2,5189
tt9177040,trick,2019,"Crime,Horror,Mystery",4.9,5188
tt6060964,man of god,2021,"Biography,Drama",7.1,5186
tt3234122,widow clicquot,2023,"Biography,Drama",6.3,5186
tt5910350,çalgi çengi ikimiz,2017,Comedy,5.6,5185
tt3530978,correspondence,2016,"Drama,Romance",6.1,5185
tt7600382,ride like a girl,2019,"Biography,Drama,Sport",7.0,5184
tt9015188,bumperkleef,2019,"Action,Horror,Thriller",5.7,5182
tt4199898,playmobil the movie,2019,"Action,Adventure,Animation",4.9,5182
tt11499506,the beast,2020,"Action,Crime,Drama",5.2,5177
tt4741714,five,2016,"Comedy,Crime,Drama",6.3,5172
tt34159694,shambhala,2025,Action,6.8,5171
tt27655979,obaby,2023,"Action,Drama,Thriller",6.8,5169
tt5351818,rockn roll,2017,"Comedy,Drama,Family",6.1,5168
tt3739110,the yellow birds,2017,"Drama,War",5.8,5167
tt13323118,the wasteland,2021,"Drama,Horror,Mystery",4.6,5165
tt32292009,laggam,2024,Family,8.3,5160
tt5586362,the maus,2017,"Drama,Fantasy,Horror",4.4,5159
tt2923088,the windmill,2016,"Drama,Horror",4.9,5158
tt17663876,muzzle,2023,"Action,Crime,Drama",5.6,5152
tt10400028,i am zlatan,2021,"Biography,Drama,Sport",6.2,5149
tt4207112,score,2016,"Documentary,Music",7.5,5148
tt11087960,playground,2021,Drama,7.3,5148
tt30110854,the firing squad,2024,"Adventure,Biography,Drama",5.0,5146
tt2118648,handling the undead,2024,"Drama,Horror,Mystery",5.3,5140
tt8332802,amulet,2020,"Horror,Mystery",4.9,5139
tt2800340,on the milky road,2016,"Comedy,Drama,Fantasy",6.3,5138
tt15260176,despatch,2024,"Action,Drama,Thriller",4.4,5138
tt4526546,edge of winter,2016,"Drama,Thriller",5.4,5137
tt11994750,made you look a true story about fake art,2020,"Crime,Documentary",7.0,5136
tt36302733,dies irae,2025,"Horror,Thriller",6.9,5133
tt16915972,satans slaves 2 communion,2022,"Drama,Horror,Mystery",6.7,5133
tt13365876,pinball the man who saved the game,2022,"Biography,Comedy,Drama",7.0,5133
tt6722726,come as you are,2019,"Comedy,Drama",7.1,5131
tt8563452,crypto,2019,"Crime,Drama,Thriller",5.3,5129
tt7512624,oru nalla naal paathu solren,2018,Comedy,5.6,5126
tt5605076,andover,2017,"Comedy,Drama,Romance",5.3,5125
tt14318430,why did you kill me,2021,"Crime,Documentary",5.6,5125
tt6338476,lost in london,2017,"Comedy,Drama",6.1,5124
tt5737862,landline,2017,"Comedy,Drama",6.4,5123
tt18353064,chokehold,2023,"Drama,Thriller",5.7,5123
tt28630806,udaipur files kanhaiya lal tailor murder,2025,"Crime,Drama,Thriller",6.2,5123
tt33184067,thala,2025,Mystery,4.1,5122
tt6104206,jackals,2017,"Drama,Horror,Mystery",4.9,5121
tt2905082,alex  the list,2017,"Comedy,Romance",4.8,5121
tt9663168,the devil conspiracy,2022,"Horror,Sci-Fi,Thriller",4.6,5119
tt20198716,love divided,2024,"Comedy,Romance",6.0,5118
tt3979300,magic camp,2020,"Comedy,Family,Fantasy",6.3,5117
tt7846056,feast of the seven fishes,2019,"Comedy,Drama,Romance",7.0,5116
tt6083230,little forest,2018,Drama,7.3,5115
tt19783714,luxembourg luxembourg,2022,"Comedy,Drama",7.9,5114
tt28074691,eagle,2024,"Action,Thriller",5.9,5113
tt5773402,dominion,2018,Documentary,8.9,5111
tt18973958,new life,2023,"Horror,Thriller",5.6,5110
tt6014472,swat under siege,2017,"Action,Thriller",4.6,5110
tt26545708,aftermath,2024,"Action,Thriller",5.2,5107
tt36240772,ko,2025,"Action,Adventure,Drama",5.8,5103
tt8130904,the body,2019,"Crime,Drama,Mystery",5.4,5103
tt32259219,bloody beggar,2024,"Action,Comedy,Drama",6.2,5103
tt28182053,the constable,2025,Action,5.2,5101
tt19637278,the tutor,2023,"Mystery,Thriller",4.8,5100
tt5314118,journeyman,2017,"Drama,Sport",7.0,5100
tt4726636,slack bay,2016,"Comedy,Fantasy",6.0,5097
tt10761694,tadap,2021,"Action,Drama,Romance",5.1,5096
tt10482504,the trip to greece,2020,"Comedy,Drama",6.6,5090
tt15850662,the whole truth,2021,"Drama,Horror,Mystery",5.3,5087
tt11311958,mookuthi amman,2020,"Comedy,Drama,Fantasy",6.6,5087
tt29884526,alappuzha gymkhana,2025,"Action,Comedy,Drama",6.7,5085
tt2078718,sacrifice,2016,"Crime,Horror,Mystery",5.3,5084
tt5304996,the standoff at sparrow creek,2018,"Crime,Drama,Thriller",6.2,5084
tt4743226,air strike,2018,"Action,Adventure,Drama",3.2,5081
tt5267472,step sisters,2018,Comedy,5.5,5079
tt8359822,young ahmed,2019,Drama,6.6,5077
tt6212984,parava,2017,"Action,Comedy,Drama",8.0,5077
tt27139868,yo yo honey singh famous,2024,"Documentary,Drama",6.8,5073
tt10443846,yeh saali aashiqui,2019,"Drama,Romance,Thriller",7.8,5072
tt2597760,the outcasts,2017,Comedy,5.4,5069
tt15210256,stephen curry underrated,2023,"Biography,Documentary,Sport",7.3,5068
tt6662736,what they had,2018,Drama,6.7,5067
tt11586384,masking threshold,2021,"Drama,Fantasy,Horror",5.6,5065
tt8108164,ek ladki ko dekha toh aisa laga,2019,"Crime,Drama",5.6,5065
tt26546123,beautiful wedding,2024,"Comedy,Romance",4.1,5064
tt7068818,the houses october built 2,2017,Horror,4.6,5064
tt25470468,beyond utopia,2023,"Biography,Documentary,History",7.9,5063
tt4572820,for the love of spock,2016,"Biography,Documentary",7.6,5062
tt5698320,euphoria,2017,"Adventure,Drama,Mystery",5.7,5062
tt9418812,hello world,2019,"Animation,Comedy,Drama",6.7,5061
tt9248934,marjaavaan,2019,"Action,Drama,Romance",3.7,5060
tt3463938,haunting of the queen mary,2023,"Drama,Horror,Mystery",4.1,5058
tt6652708,gods not dead a light in darkness,2018,Drama,4.5,5058
tt8785038,fixed,2025,"Adventure,Animation,Comedy",5.2,5054
tt6958014,duck butter,2018,"Comedy,Drama,Romance",5.2,5053
tt13834480,diary of a wimpy kid,2021,"Animation,Comedy,Drama",5.1,5053
tt29214162,the dutchman,2025,"Drama,Thriller",5.2,5052
tt13391696,cold case,2021,"Horror,Mystery,Thriller",6.1,5052
tt30292390,the calendar killer,2024,"Crime,Thriller",5.5,5051
tt10935560,dark glasses,2022,"Horror,Mystery,Thriller",5.2,5051
tt14466284,gone running,2024,"Comedy,Romance",7.0,5050
tt8689290,the alpines,2021,"Drama,Horror,Mystery",4.4,5050
tt9410034,the last bus,2021,Drama,6.6,5049
tt7328154,holiday,2018,"Crime,Drama",5.7,5049
tt28073548,love is in the air,2023,"Comedy,Drama,Romance",5.6,5047
tt10101702,my little pony a new generation,2021,"Adventure,Animation,Comedy",6.8,5047
tt17632818,kooman,2022,"Drama,Mystery,Thriller",7.3,5045
tt4550420,my blind brother,2016,"Comedy,Drama,Romance",6.1,5044
tt7218732,cingöz recai,2017,"Action,Comedy,Crime",4.8,5043
tt2619512,the big take,2018,"Comedy,Thriller",5.2,5041
tt6547786,life like,2019,"Drama,Sci-Fi,Thriller",5.4,5039
tt10508838,double world,2020,"Action,Adventure,Fantasy",6.2,5038
tt5535942,küçük esnaf,2016,Comedy,5.6,5037
tt14986012,12th man,2022,"Crime,Drama,Mystery",6.8,5037
tt1330018,the book of love,2016,Drama,6.0,5035
tt4181158,hello goodbye and everything in between,2022,"Comedy,Drama,Romance",5.2,5034
tt3662308,belzebuth,2017,Horror,6.0,5033
tt1655461,wild oats,2016,"Action,Adventure,Comedy",5.7,5030
tt7439064,the rising hawk,2019,"Action,Drama,History",5.8,5030
tt13829262,rubikon,2022,"Drama,Sci-Fi,Thriller",5.0,5029
tt4917224,911,2017,Action,4.5,5029
tt9320140,the man with the answers,2021,"Drama,Romance",6.8,5022
tt33022710,ocean with david attenborough,2025,Documentary,8.4,5021
tt31188121,rifle club,2024,Action,7.0,5021
tt9426186,revenger,2018,"Action,Crime,Thriller",5.7,5020
tt8906844,one and the same,2021,"Drama,Sci-Fi",3.9,5018
tt21071620,pookkaalam,2023,"Comedy,Drama,Family",7.3,5017
tt7461372,the dawn,2019,"Drama,Horror,Thriller",3.3,5015
tt34621892,madly,2025,"Comedy,Romance",6.9,5015
tt4765240,astral,2018,"Drama,Horror,Sci-Fi",4.6,5013
tt5996202,the net,2016,Drama,7.4,5008
tt3960240,the after party,2018,"Comedy,Music",5.8,5008
tt24070754,all your faces,2023,Drama,7.5,4998
tt10715446,yakuza princess,2021,"Action,Crime,Thriller",4.8,4998
tt8015444,last and first men,2020,"Fantasy,Mystery,Sci-Fi",6.7,4998
tt13095604,the phenomenon,2020,Documentary,7.4,4996
tt4966046,awaken the shadowman,2017,"Horror,Thriller",3.6,4995
tt7581552,unda,2019,"Action,Comedy,Thriller",7.7,4995
tt4631532,our lovers,2016,"Comedy,Drama,Romance",6.7,4993
tt10413566,tolo tolo,2020,"Comedy,Family",5.7,4991
tt6982794,clickbait,2019,"Comedy,Horror,Thriller",3.9,4989
tt32887317,dominic and the ladies purse,2025,"Comedy,Thriller",6.6,4988
tt9685342,a writers odyssey,2021,"Action,Adventure,Fantasy",6.2,4987
tt14315584,operation hyacinth,2021,"Crime,Drama,Thriller",6.8,4987
tt3734580,ghoomketu,2020,Comedy,4.9,4987
tt26533869,the jester,2023,"Horror,Mystery,Thriller",3.9,4986
tt9680630,jade dynasty,2019,"Action,Fantasy,Romance",5.9,4986
tt13648228,how it ends,2021,"Comedy,Drama",5.4,4985
tt27724113,the arctic convoy,2023,"Action,Drama,History",6.5,4985
tt3544218,belgica,2016,Drama,6.7,4984
tt11358398,the man standing next,2020,Thriller,7.0,4983
tt6923462,manto,2018,"Biography,Drama",7.3,4980
tt11188624,seance,2021,"Horror,Mystery,Thriller",5.2,4979
tt6859418,family is family,2018,Comedy,5.8,4970
tt4538670,in full bloom,2019,"Action,Crime,Drama",5.5,4970
tt22543124,kuch khattaa ho jaay,2024,Comedy,5.0,4969
tt9789686,the blonde one,2019,"Drama,Romance",7.3,4966
tt10062614,guilty,2020,"Drama,Thriller",5.4,4961
tt10994688,the binge,2020,Comedy,5.3,4960
tt5779372,an interview with god,2018,"Drama,Mystery",5.8,4959
tt14656632,paradise city,2022,"Action,Thriller",3.7,4957
tt3705822,moontrap target earth,2017,"Action,Adventure,Horror",2.8,4957
tt6910006,end of sentence,2019,"Adventure,Drama",6.6,4954
tt27751957,el 47,2024,"Biography,Drama",7.2,4954
tt12887770,some like it rare,2021,"Comedy,Horror",6.6,4952
tt7025388,abigail,2019,"Action,Adventure,Family",4.8,4951
tt15116506,samara,2023,"Action,Adventure,Sci-Fi",4.6,4950
tt17521612,starve acre,2023,"Drama,Horror",5.5,4949
tt6688136,expedition happiness,2017,Documentary,5.9,4949
tt8269120,dark encounter,2019,"Mystery,Sci-Fi,Thriller",5.3,4949
tt11681282,the mad womens ball,2021,"Drama,Thriller",6.7,4948
tt23722792,i believe in santa,2022,"Comedy,Romance",4.6,4945
tt21908676,neeyat,2023,"Crime,Mystery,Thriller",5.3,4944
tt15412828,holes in the sky the sean miller story,2021,Horror,4.5,4942
tt21326658,noise,2023,"Drama,Mystery,Thriller",3.5,4942
tt14993352,consecration,2023,"Horror,Thriller",5.2,4941
tt14913282,i like movies,2022,"Comedy,Drama",6.8,4937
tt28153480,vedaa,2024,"Action,Drama,Thriller",6.0,4933
tt12801814,violation,2020,"Drama,Horror",5.3,4932
tt15654800,still time,2022,"Comedy,Drama,Fantasy",6.6,4932
tt7064498,return of the hero,2018,"Comedy,History",6.5,4931
tt12680508,minor premise,2020,"Drama,Sci-Fi,Thriller",5.1,4931
tt17202164,appendage,2023,"Drama,Horror",5.3,4931
tt6313158,olanlar oldu,2017,"Comedy,Romance",6.2,4928
tt5598110,in the shadow of iris,2016,"Drama,Thriller",6.1,4928
tt21187592,the threesome,2025,"Comedy,Drama,Romance",6.2,4926
tt28810493,the devil on trial,2023,"Crime,Documentary,Horror",5.6,4924
tt10405142,serial bad weddings 3,2021,Comedy,6.1,4922
tt14888860,demon slayer kimetsu no yaiba  siblings bond,2019,"Action,Animation,Fantasy",8.4,4917
tt3643544,glass jaw,2018,"Drama,Sport,Thriller",5.2,4917
tt13223248,amazon queen,2021,"Action,Drama",4.8,4915
tt15891388,miss shetty mr polishetty,2023,"Comedy,Drama,Romance",7.0,4915
tt10199974,pareeksha,2020,Drama,8.0,4914
tt8128276,ted k,2021,"Biography,Crime,Drama",6.0,4913
tt4365566,ghost house,2017,"Horror,Thriller",4.7,4911
tt10711648,comali,2019,Comedy,7.0,4908
tt5176252,holy camp,2017,Musical,6.2,4907
tt6015328,chasing the dragon,2017,"Action,Biography,Crime",6.7,4906
tt10944486,chick fight,2020,"Action,Comedy,Drama",4.8,4906
tt9786896,implanted,2021,"Sci-Fi,Thriller",4.5,4903
tt21268790,new years eve,2022,Comedy,5.8,4901
tt21440188,office invasion,2022,"Action,Comedy,Horror",4.5,4901
tt11818818,gods country,2022,Thriller,5.6,4900
tt30096221,ella mccay,2025,"Comedy,Drama",5.2,4900
tt14307536,a jazzmans blues,2022,"Drama,Mystery,Romance",6.8,4899
tt0427543,a million little pieces,2018,Drama,6.3,4898
tt20358284,the lesson,2023,Thriller,6.1,4897
tt8472964,chintu ka birthday,2020,"Comedy,Drama,War",7.6,4897
tt21434318,the underdoggs,2024,"Comedy,Sport",5.6,4896
tt6932818,the conductor,2018,"Biography,Drama,History",7.3,4896
tt11773456,naandhi,2021,"Crime,Drama,Thriller",7.8,4893
tt6463320,zana,2019,"Drama,Horror,Mystery",7.1,4888
tt5736696,raid special unit,2016,"Action,Comedy,Crime",5.6,4887
tt8722252,çakallarla dans 5,2018,Comedy,3.8,4887
tt4670016,wolves at the door,2016,"Horror,Mystery,Thriller",4.5,4886
tt11739498,30 rojullo preminchadam ela,2021,"Fantasy,Romance",8.2,4885
tt12390572,the twin,2022,"Drama,Horror,Mystery",5.1,4884
tt13918550,black site,2022,"Action,Thriller",4.5,4882
tt15275256,the infernal machine,2022,"Mystery,Thriller",5.5,4881
tt5648036,smart chase,2017,"Action,Thriller",4.5,4880
tt7598076,curiosa,2019,"Biography,Drama,History",5.4,4878
tt6213284,i am not a witch,2017,"Comedy,Drama",6.9,4877
tt22507524,1212 the day,2023,"Action,Drama,History",7.5,4875
tt10915060,the crimes that bind,2020,"Crime,Drama,Thriller",6.7,4873
tt9681686,last film show,2021,Drama,7.4,4870
tt6223974,the farthest,2017,"Documentary,History",8.1,4869
tt34852931,am ah,2025,Drama,6.0,4869
tt7264080,i love you daddy,2017,"Comedy,Drama",6.3,4867
tt5548032,oppam,2016,"Action,Thriller",7.3,4866
tt11468258,fir,2022,Thriller,6.9,4865
tt19864832,la cocina,2024,"Drama,Romance",7.0,4864
tt8396128,pataakha,2018,"Action,Comedy,Drama",7.2,4864
tt4779326,the water man,2020,"Adventure,Drama,Family",5.6,4863
tt22302170,this is christmas,2022,"Comedy,Drama,Romance",7.0,4863
tt11052808,kim jiyoung born 1982,2019,Drama,7.3,4862
tt10945288,the wolf and the lion,2021,"Adventure,Drama,Family",6.2,4862
tt6925902,more the merrier,2021,Comedy,5.5,4858
tt6854672,battle,2018,"Drama,Romance",5.9,4858
tt14700948,friendzone,2021,"Comedy,Romance",5.9,4857
tt6388082,my annoying brother,2016,"Comedy,Drama,Sport",7.3,4856
tt5994166,at first light,2018,"Drama,Sci-Fi,Thriller",5.6,4856
tt33600145,money electric the bitcoin mystery,2024,Documentary,6.8,4856
tt11173544,jfk revisited through the looking glass,2021,"Documentary,History",7.5,4854
tt10919132,love mocktail,2020,"Drama,Romance",8.2,4852
tt15128358,prison 77,2022,"Drama,History,Thriller",6.9,4851
tt10737918,shin ultraman,2022,"Action,Adventure,Drama",6.3,4851
tt9211804,quick,2019,"Crime,Drama,Thriller",6.7,4851
tt4211312,the white king,2016,"Drama,Sci-Fi",5.5,4850
tt15085784,memories of a murderer the nilsen tapes,2021,"Biography,Crime,Documentary",6.3,4849
tt9849004,happily,2021,"Comedy,Crime,Romance",5.3,4848
tt6852526,the god committee,2021,Drama,5.8,4846
tt6992978,the souvenir part ii,2021,"Drama,Romance",7.1,4845
tt27995587,sakshi,2023,Drama,6.4,4845
tt5685006,puppet master the littlest reich,2018,Horror,5.4,4842
tt5320514,action hero biju,2016,"Action,Comedy,Thriller",7.6,4842
tt5656994,project gemini,2022,"Adventure,Sci-Fi,Thriller",3.5,4841
tt5151716,tony robbins i am not your guru,2016,Documentary,6.6,4841
tt8005118,house party,2023,Comedy,4.4,4839
tt11219254,we made a beautiful bouquet,2021,"Drama,Romance",7.5,4839
tt8047208,taxiwala,2018,"Comedy,Horror,Thriller",6.8,4839
tt4661798,joshy,2016,"Comedy,Drama",5.9,4838
tt7392014,falling for figaro,2020,"Comedy,Romance",6.5,4838
tt26672512,my name is loh kiwan,2024,"Drama,Romance",6.7,4838
tt3722234,gosnell the trial of americas biggest serial killer,2018,"Biography,Crime,Drama",6.5,4837
tt21250176,remember,2022,"Drama,Horror,Mystery",5.2,4835
tt4067106,according to ben adams,2016,Drama,6.0,4835
tt5453522,alien code,2018,"Mystery,Sci-Fi,Thriller",5.7,4834
tt14682800,tuesday,2023,"Drama,Fantasy",6.3,4834
tt24146896,rotting in the sun,2023,"Comedy,Mystery,Thriller",6.8,4831
tt23558084,bad influence,2025,"Romance,Thriller",4.2,4830
tt2179231,the bromley boys,2018,Comedy,6.2,4829
tt3294746,the public,2018,Drama,6.7,4828
tt13131636,velle,2021,"Comedy,Crime,Drama",5.7,4827
tt8988748,seventeen,2019,Drama,7.2,4826
tt22964884,upon entry,2022,Drama,7.0,4823
tt9264336,driving licence,2019,"Action,Comedy,Drama",7.2,4822
tt5160154,the pass,2016,"Drama,Romance",6.5,4822
tt5628418,the ash lad in the hall of the mountain king,2017,"Adventure,Family,Fantasy",6.2,4821
tt15441472,the price we pay,2022,"Action,Horror,Thriller",4.9,4819
tt3520216,fair haven,2016,Drama,6.9,4818
tt11384004,love story,2021,Romance,6.8,4818
tt13781128,paachuvum albhuthavilakkum,2023,"Comedy,Drama",7.3,4817
tt31281659,merv,2025,"Comedy,Romance",5.5,4816
tt9316022,struggle the life and lost art of szukalski,2018,"Biography,Documentary",7.9,4815
tt9364684,debt fees,2019,Comedy,1.5,4814
tt12965390,perfect addiction,2023,"Action,Drama,Romance",5.5,4813
tt16300138,i used to be funny,2023,"Comedy,Drama,Mystery",6.5,4813
tt5855772,sunset,2018,"Drama,History",6.2,4811
tt9741310,slaxx,2020,"Comedy,Horror",5.4,4810
tt6834916,legacy of lies,2020,"Action,Thriller",5.1,4809
tt8490894,ee nagaraniki emaindi,2018,"Comedy,Drama",8.0,4808
tt13462900,the battle at lake changjin,2021,"Action,Drama,History",5.5,4806
tt8983168,commando 3,2019,"Action,Adventure,Thriller",5.9,4806
tt13857556,candy land,2022,"Horror,Thriller",5.3,4806
tt6340604,burn out,2017,"Action,Thriller",6.2,4806
tt15678738,david,2025,"Adventure,Animation,Drama",6.9,4805
tt27907811,thandel,2025,"Action,Adventure,Romance",6.5,4804
tt33081325,manyam dheerudu,2024,Biography,5.9,4803
tt18563148,silverton siege,2022,"Action,Crime,Drama",6.3,4803
tt3993886,all day and a night,2020,Drama,6.0,4803
tt11001074,rust,2024,"Drama,Western",5.7,4802
tt15352516,merry little batman,2023,"Animation,Comedy,Family",6.4,4800
tt21284358,close your eyes,2023,Drama,7.2,4799
tt10692788,after love,2020,Drama,7.3,4799
tt15481952,my son hunter,2022,"Biography,Comedy,Drama",4.4,4799
tt20202324,magpie,2024,Thriller,6.3,4799
tt35600079,a very jonas christmas movie,2025,"Comedy,Drama,Musical",5.7,4798
tt10047958,bad president,2021,"Comedy,Fantasy,Thriller",3.5,4797
tt0825283,maximum ride,2016,"Action,Adventure,Comedy",3.6,4797
tt4798836,bad hair,2020,"Comedy,Horror,Music",5.6,4796
tt2243900,trouble is my business,2018,"Action,Adventure,Crime",4.3,4794
tt8484160,black beauty,2020,"Drama,Family",6.4,4792
tt7681824,we the animals,2018,Drama,6.9,4791
tt22818604,kaathal  the core,2023,Drama,7.4,4790
tt9203190,skyfire,2019,"Action,Adventure,Drama",5.3,4790
tt5693136,the giant,2017,"Drama,History",6.6,4788
tt3903852,vigilante diaries,2016,"Action,Crime,Thriller",4.1,4788
tt6394430,for good old times,2018,"Comedy,Drama",5.5,4787
tt6087426,stillborn,2017,"Horror,Thriller",5.4,4787
tt18558306,the delinquents,2023,"Comedy,Crime,Drama",6.7,4786
tt14636214,sweethearts,2024,Comedy,5.5,4785
tt11581264,draupathi,2020,Drama,3.9,4785
tt25151410,demonte colony 2,2024,"Horror,Thriller",6.5,4784
tt10699362,moffie,2019,"Drama,Romance,War",6.8,4783
tt4702346,scott and sid,2021,"Comedy,Drama",6.0,4782
tt9688874,tiger nageswara rao,2023,"Action,Crime,Drama",6.0,4781
tt35882698,the twister caught in the storm,2025,Documentary,6.8,4776
tt5451690,american satan,2017,"Drama,Fantasy,Music",5.7,4775
tt4671002,american fable,2016,Thriller,5.8,4767
tt6126294,remo,2016,"Comedy,Romance",6.1,4766
tt10354106,stars at noon,2022,"Drama,Romance,Thriller",5.5,4766
tt19841734,the innocent,2022,"Comedy,Crime,Romance",6.6,4765
tt26547790,home for rent,2023,"Horror,Mystery,Thriller",6.6,4763
tt8201404,little white lies 2,2019,"Comedy,Drama,Family",6.5,4760
tt6053440,princess cyd,2017,"Drama,Romance",6.7,4759
tt7044076,the cleaning lady,2018,"Horror,Thriller",5.5,4759
tt30225680,hell camp teen nightmare,2023,"Crime,Documentary",6.1,4758
tt13269670,new gods nezha reborn,2021,"Action,Animation,Fantasy",6.8,4757
tt5089534,freak show,2017,"Comedy,Drama",6.5,4753
tt36464353,my mom jayne,2025,"Biography,Documentary,Family",8.3,4752
tt4974778,feral,2017,"Action,Drama,Horror",4.4,4751
tt3138698,kizumonogatari part 1 tekketsu,2016,"Action,Animation,Comedy",7.3,4749
tt4594836,darc,2018,"Action,Thriller",5.8,4748
tt8075202,a faithful man,2018,"Comedy,Drama,Romance",6.2,4743
tt15832148,afwaah,2023,"Drama,Thriller",5.7,4740
tt7397098,initiation,2020,"Crime,Drama,Horror",5.0,4737
tt5372466,irumugan,2016,"Action,Sci-Fi,Thriller",6.3,4737
tt26787296,burning betrayal,2023,"Drama,Mystery,Romance",4.2,4735
tt15451150,you cant run forever,2024,"Drama,Horror,Thriller",4.5,4734
tt4411618,in dubious battle,2016,"Crime,Drama,History",6.0,4731
tt1480285,abattoir,2016,"Horror,Mystery,Thriller",4.5,4731
tt35948720,another you,2025,"Comedy,Romance",7.0,4729
tt18394428,titanic 666,2022,"Horror,Thriller",3.3,4726
tt4763168,kindergarten cop 2,2016,"Action,Comedy",4.4,4725
tt6793280,the devils doorway,2018,Horror,5.3,4725
tt8338076,queen bees,2021,"Comedy,Drama,Romance",6.4,4725
tt30177031,curry  cyanide the jolly joseph case,2023,"Crime,Documentary",6.7,4724
tt6542108,patrick the pug,2018,"Comedy,Family,Romance",5.9,4723
tt7014430,betrayed,2018,"Action,Crime,Thriller",3.8,4721
tt11102314,tribhanga,2021,"Drama,Family",6.3,4719
tt1935089,blind,2016,"Drama,Mystery,Romance",5.8,4719
tt11527964,bayi toplantisi,2020,Comedy,4.7,4718
tt13316722,seobok,2021,"Action,Drama,Sci-Fi",6.1,4718
tt37846979,merah putih one for all,2025,"Adventure,Animation,Family",1.0,4716
tt21477618,mortal kombat legends snow blind,2022,"Action,Adventure,Animation",6.7,4714
tt9820352,villain,2020,"Action,Crime,Drama",5.9,4712
tt21113962,20000 species of bees,2023,Drama,7.0,4712
tt4254584,kicks,2016,"Adventure,Drama",6.4,4712
tt6021478,épousemoi mon pote,2017,"Comedy,Romance",6.1,4710
tt11394296,into the deep,2020,"Biography,Crime,Documentary",6.5,4708
tt8809652,10 minutes gone,2019,"Action,Crime,Mystery",3.7,4706
tt5339418,ryde,2017,"Crime,Horror,Thriller",4.8,4706
tt22099068,code name tiranga,2022,"Action,Thriller",3.5,4702
tt21955520,peter pans neverland nightmare,2025,"Horror,Mystery,Thriller",4.8,4701
tt6400166,my best friend,2018,"Drama,Romance",6.8,4699
tt7976208,the haunting of sharon tate,2019,"Drama,Horror,Thriller",2.9,4698
tt4216902,ares,2016,"Drama,Sci-Fi,Thriller",6.2,4698
tt15387182,akhanda 2  thaandavam,2025,"Action,Drama,Fantasy",5.5,4697
tt8610036,captors,2020,Thriller,3.7,4696
tt13651462,lurker,2025,"Crime,Drama,Music",6.8,4695
tt8733898,u turn,2018,"Crime,Horror,Mystery",6.9,4694
tt2990126,100 streets,2016,"Crime,Drama",5.8,4692
tt6142496,6 balloons,2018,Drama,5.9,4690
tt31179712,osiris,2025,"Action,Horror,Sci-Fi",4.7,4688
tt34548722,sore a wife from the future,2025,"Drama,Fantasy,Romance",7.6,4686
tt30784256,the second act,2024,Comedy,6.4,4684
tt5264838,crater,2023,"Adventure,Drama,Sci-Fi",5.4,4684
tt5290620,kyaa kool hain hum 3,2016,Comedy,2.0,4683
tt7876510,my thoughts are silent,2019,"Comedy,Drama",7.8,4682
tt6197494,malicious,2018,"Horror,Thriller",5.1,4682
tt23037488,one ranger,2023,"Action,Thriller",4.8,4681
tt8130518,dark cloud,2022,"Horror,Sci-Fi,Thriller",3.8,4676
tt15777864,hilda and the mountain king,2021,"Adventure,Animation,Comedy",7.7,4676
tt6613814,solo,2017,"Action,Drama,Musical",7.0,4675
tt14189076,declaration,2022,Drama,6.5,4675
tt8702938,centipede,2018,"Comedy,Drama,War",6.0,4675
tt9844322,kaamelott first installment,2021,"Adventure,Comedy,Fantasy",6.1,4674
tt34886821,grace,2025,Drama,7.3,4674
tt14898794,in good hands,2022,"Comedy,Drama,Romance",5.8,4673
tt21929356,a trip to infinity,2022,Documentary,7.0,4671
tt34977130,dont die the man who wants to live forever,2025,Documentary,6.1,4670
tt9010522,ravening,2019,"Drama,Fantasy,Horror",7.7,4668
tt26629652,loveable,2024,"Drama,Romance",7.5,4667
tt2392748,scorched earth,2018,"Action,Drama,Thriller",4.5,4667
tt6195756,wonderwell,2023,"Drama,Family,Fantasy",5.8,4667
tt7245176,paradox,2017,"Action,Adventure,Crime",6.5,4665
tt17595094,in the fire,2023,"Drama,Horror,Thriller",3.0,4660
tt21825858,call me chihiro,2023,Drama,7.0,4660
tt14673560,ride the eagle,2021,"Comedy,Drama",6.3,4657
tt6405126,simran,2017,"Crime,Drama,Thriller",5.2,4656
tt12443946,sweat,2020,Drama,6.5,4655
tt7638556,come from away,2021,"Comedy,Drama,Musical",8.5,4654
tt5265980,tabernacle 101,2019,"Drama,Fantasy,Horror",3.6,4653
tt10643926,the storied life of aj fikry,2022,"Comedy,Drama",6.7,4652
tt11640022,chakra,2021,Action,6.3,4650
tt6532374,swimming with men,2018,"Comedy,Drama,Sport",6.4,4649
tt7881550,har kisse ke hisse kaamyaab,2018,Drama,7.7,4649
tt10569922,bunty aur babli 2,2021,"Comedy,Crime,Romance",4.1,4646
tt3138122,into the ashes,2019,"Crime,Drama,Thriller",5.0,4644
tt35669009,ziam,2025,"Action,Horror,Sci-Fi",4.9,4643
tt5465370,akira,2016,"Action,Thriller",5.9,4642
tt31456973,alarum,2025,"Action,Crime,Thriller",3.3,4642
tt15614274,double xl,2022,"Comedy,Drama",4.6,4637
tt12163074,the resort,2021,Horror,3.1,4635
tt30176955,vadh 2,2025,"Crime,Thriller",7.6,4633
tt5700176,dark river,2017,"Drama,Mystery,Thriller",5.9,4629
tt5480782,good manners,2017,"Fantasy,Horror",6.7,4628
tt9815714,the hard way,2019,Action,4.8,4627
tt8458718,kanaa,2018,"Drama,Sport",7.6,4626
tt15309632,the ghost,2022,"Action,Crime,Thriller",5.1,4626
tt6423886,happy anniversary,2018,Comedy,5.7,4625
tt12738164,brother in love 2,2021,Comedy,6.5,4623
tt27816768,tarla,2023,"Biography,Comedy,Drama",6.8,4623
tt9633480,uppena,2021,"Drama,Romance",6.5,4623
tt10963926,two witches,2021,Horror,4.8,4621
tt9569096,sharp corner,2024,"Drama,Thriller",5.9,4620
tt11908982,jakobs wife,2021,Horror,5.5,4620
tt20365920,guardians of the formula,2023,"Biography,Drama,History",8.0,4616
tt3445580,boys in the trees,2016,"Drama,Horror,Thriller",6.3,4614
tt5927420,more,2017,"Crime,Drama",7.0,4614
tt32792934,the plague,2025,"Drama,Thriller",6.5,4613
tt7690016,never goin back,2018,"Comedy,Crime,Drama",6.0,4610
tt24076146,the persian version,2023,"Comedy,Drama,Romance",6.2,4608
tt4738174,bon cop bad cop 2,2017,"Action,Comedy,Crime",6.6,4608
tt30972054,manitous canoe,2025,"Comedy,Western",6.1,4607
tt10366574,prayers for the stolen,2021,Drama,7.3,4607
tt2197936,fatima,2020,"Drama,War",6.6,4606
tt11296058,the painter and the thief,2020,Documentary,7.5,4605
tt8361196,vinaya vidheya rama,2019,"Action,Drama",3.3,4605
tt5897288,i can quit whenever i want masterclass,2017,"Action,Comedy,Crime",6.8,4603
tt5114154,the keeping hours,2017,"Drama,Fantasy,Horror",6.4,4603
tt11127256,choke,2020,"Horror,Thriller",2.8,4602
tt27446495,your christmas or mine 2,2023,Comedy,5.8,4600
tt3758708,the hippopotamus,2017,Comedy,6.4,4599
tt29491918,david holmes the boy who lived,2023,Documentary,7.7,4596
tt5688868,primal rage,2018,"Action,Adventure,Horror",5.0,4595
tt5537140,the red maple leaf,2016,"Crime,Drama,Mystery",4.8,4594
tt32990818,dehset bey,2025,"Action,Drama,Romance",7.3,4591
tt6752848,bombshell the hedy lamarr story,2017,"Biography,Documentary,History",7.4,4591
tt26445355,vadakkupatti ramasamy,2024,"Comedy,Drama",8.1,4586
tt6272828,mubarakan,2017,"Comedy,Romance",5.6,4585
tt28658276,the 430 movie,2024,Comedy,6.0,4584
tt9381682,diabolik,2021,"Action,Crime,Mystery",5.9,4584
tt10515926,half brothers,2020,"Comedy,Drama",6.1,4584
tt26237514,bonhoeffer pastor spy assassin,2024,"Biography,Drama,History",6.2,4583
tt12655436,honk for jesus save your soul,2022,Comedy,5.3,4580
tt5468300,sound and fury,2016,"Drama,Mystery,Romance",6.3,4577
tt23063732,saving bikini bottom the sandy cheeks movie,2024,"Adventure,Animation,Comedy",3.6,4576
tt7231342,the fall of the american empire,2018,"Comedy,Crime,Drama",6.9,4576
tt4871980,the perfect match,2016,"Comedy,Romance",5.0,4575
tt34965515,mr nobody against putin,2025,Documentary,7.5,4574
tt6121444,mektoub my love canto uno,2017,"Comedy,Romance",6.5,4571
tt25289836,good burger 2,2023,"Comedy,Family",5.3,4571
tt15831978,cash,2021,"Comedy,Drama",6.5,4567
tt21965874,allen sunshine,2024,Drama,6.6,4564
tt12734800,the plot against the president,2020,Documentary,5.4,4562
tt4950110,im not ashamed,2016,"Biography,Drama",5.9,4562
tt6047298,the summit,2017,"Drama,Mystery,Thriller",6.0,4560
tt10816484,18 presents,2020,"Drama,Family,Fantasy",6.9,4557
tt29608104,turbo,2024,"Action,Comedy",5.9,4557
tt32089689,mandakini,2024,Comedy,6.0,4556
tt32560777,plankton the movie,2025,"Adventure,Animation,Comedy",5.3,4555
tt11385078,tuck jagadish,2021,"Action,Drama",5.6,4554
tt7320482,the soul collector,2019,Horror,5.2,4553
tt3278224,i dream in another language,2017,"Drama,Fantasy,Romance",7.4,4552
tt16227044,martha,2024,Documentary,7.2,4551
tt13648212,hive,2021,Drama,7.1,4550
tt9151704,burn the stage the movie,2018,"Documentary,Music",8.5,4548
tt31579702,cadi,2024,"Drama,Horror,Thriller",6.1,4547
tt7104984,gun city,2018,"Action,Adventure,Crime",6.4,4545
tt14954534,cassandro,2023,"Biography,Drama,Sport",6.5,4543
tt14137416,kidnapped the abduction of edgardo mortara,2023,"Drama,History",7.0,4543
tt6904272,the negotiation,2018,"Action,Crime,Thriller",6.7,4542
tt13774454,superwho,2021,"Action,Comedy",6.3,4541
tt3553378,sugar mountain,2016,"Drama,Thriller",5.5,4541
tt8886670,the father who moves mountains,2021,"Drama,Thriller",5.6,4539
tt14549270,the palace,2023,"Comedy,Drama",5.5,4539
tt6204018,ted  show me love,2018,"Biography,Drama,Music",7.0,4539
tt12981538,the goat and her three kids,2022,"Drama,Horror,Thriller",7.2,4537
tt15891690,raghu dakat,2025,Action,5.7,4535
tt3734688,cordelia,2019,"Drama,Horror,Thriller",4.6,4535
tt32245158,justice,2024,"Crime,Drama",6.3,4534
tt31392065,federer twelve final days,2024,"Biography,Documentary,Sport",7.3,4534
tt4269310,chronicle of a serial killer,2020,Thriller,3.5,4534
tt6981046,williams,2017,"Biography,Documentary,Sport",7.6,4533
tt4457678,blue world order,2017,"Action,Adventure,Fantasy",4.5,4529
tt4556370,altitude,2017,"Action,Crime,Thriller",3.9,4528
tt4638148,braid,2018,"Crime,Horror,Mystery",5.3,4528
tt31474455,bahumukham,2024,"Drama,Thriller",8.6,4527
tt27032708,survive,2024,"Action,Adventure,Horror",4.6,4526
tt3896102,tad the lost explorer and the secret of king midas,2017,"Adventure,Animation,Comedy",6.2,4525
tt15911108,120 bahadur,2025,"Action,Drama,History",7.1,4524
tt6747818,room for rent,2019,"Crime,Horror,Mystery",5.3,4523
tt5154896,the most beautiful day,2016,"Comedy,Drama",6.4,4522
tt2980152,abandoned,2022,"Drama,Horror,Mystery",3.8,4522
tt3340446,storm boy,2019,"Drama,Family",6.9,4521
tt5815492,1945,2017,Drama,7.1,4521
tt16228146,oru canadian diary,2021,Thriller,2.4,4519
tt7372916,fork in the road,2017,Drama,6.7,4518
tt21927594,girl you know its true,2023,"Biography,Drama,Music",7.1,4517
tt14483774,shortcomings,2023,"Comedy,Drama,Romance",6.4,4516
tt32308418,how to rob a bank,2024,"Action,Crime,Documentary",6.6,4514
tt1587420,mixtape,2021,"Comedy,Drama,Family",6.6,4513
tt4110388,superlopez,2018,"Action,Comedy,Sci-Fi",5.4,4513
tt4054952,fatestay night heavens feel i presage flower,2017,"Action,Adventure,Animation",7.4,4512
tt12882620,evil eye,2020,"Horror,Mystery,Thriller",4.8,4511
tt9760504,ninokuni,2019,"Action,Adventure,Animation",6.1,4511
tt5537228,everybody loves somebody,2017,"Comedy,Romance",6.4,4509
tt6830780,lucid dream,2017,"Sci-Fi,Thriller",6.1,4508
tt8076344,penguin highway,2018,"Adventure,Animation,Family",7.1,4507
tt8366502,corporate animals,2019,"Comedy,Horror",4.5,4506
tt4915672,7 guardians of the tomb,2018,"Action,Adventure,Fantasy",4.5,4503
tt5096628,paris 0559 théo  hugo,2016,"Drama,Romance",7.0,4503
tt6333064,nobody speak trials of the free press,2017,Documentary,6.4,4503
tt26439870,azaad,2025,"Adventure,Drama",4.9,4502
tt4940416,duck duck goose,2018,"Adventure,Animation,Comedy",5.8,4501
tt1266036,valley girl,2020,"Comedy,Music,Musical",5.5,4500
tt5193784,brotherhood,2016,"Crime,Drama,Thriller",6.0,4499
tt4008566,the influence,2019,Horror,4.6,4499
tt15690300,hot seat,2022,"Action,Thriller",4.3,4499
tt30504474,erdal and ece,2024,Comedy,4.4,4497
tt38121182,jujutsu kaisen execution,2025,"Action,Animation,Fantasy",6.5,4496
tt5228304,bees make honey,2017,"Comedy,Drama,Mystery",4.7,4496
tt35307139,the alabama solution,2025,Documentary,7.8,4496
tt24223982,gowri,2024,Family,6.5,4496
tt4959750,1992,2022,"Action,Drama,Thriller",5.7,4495
tt7221634,maayavan,2017,"Mystery,Sci-Fi,Thriller",7.2,4493
tt34996428,homo argentum,2025,Comedy,5.7,4493
tt17633184,war sailor,2022,"Drama,War",7.3,4492
tt15528292,the big 4,2022,"Action,Comedy,Crime",6.1,4492
tt13821562,ninjababy,2021,"Comedy,Drama",7.3,4491
tt7534054,sorry angel,2018,"Comedy,Drama,Romance",6.8,4491
tt33549683,love untangled,2025,"Comedy,Drama,Romance",7.1,4489
tt8955940,agent revelation,2021,"Action,Sci-Fi,Thriller",3.5,4487
tt5791536,my happy family,2017,Drama,7.4,4485
tt13919696,meppadiyan,2022,"Drama,Thriller",7.1,4484
tt5851786,gnome alone,2017,"Adventure,Animation,Comedy",5.6,4484
tt4029412,panama,2022,"Action,Thriller",3.6,4484
tt7528992,europa the last battle,2017,"Documentary,History,War",7.3,4483
tt6996016,ninnu kori,2017,"Comedy,Romance",7.5,4482
tt10949778,100 days to live,2019,"Crime,Thriller",5.2,4480
tt27487473,the wages of fear,2024,"Action,Adventure,Drama",4.6,4478
tt14260080,hello charlie,2021,Comedy,5.3,4476
tt0339736,the evil within,2017,Horror,5.6,4476
tt9817018,when the moon was full,2019,"Biography,Crime,Drama",6.8,4474
tt26234970,gandeevadhari arjuna,2023,"Action,Thriller",5.4,4474
tt6852178,benediction,2021,"Biography,Drama,History",6.6,4473
tt5770620,the lovers,2017,"Comedy,Drama,Romance",6.1,4473
tt20414228,manta manta legacy,2023,"Action,Comedy",3.5,4473
tt7938092,on your wedding day,2018,"Comedy,Drama,Romance",7.1,4472
tt4994736,my mothers wound,2016,"Drama,Mystery",7.3,4469
tt4158594,boar,2017,"Adventure,Horror,Thriller",5.1,4467
tt14995258,no limit,2022,"Drama,Romance,Sport",5.8,4466
tt11767722,sun children,2020,Drama,7.1,4465
tt14403632,hoodman,2021,"Crime,Horror,Thriller",3.5,4463
tt4762824,the legacy of a whitetail deer hunter,2018,"Comedy,Drama",5.5,4462
tt5788462,rocco,2016,Documentary,5.7,4462
tt32085997,misericordia,2024,"Comedy,Crime,Drama",6.7,4462
tt21388556,thats amor,2022,"Comedy,Romance",5.4,4462
tt6418918,little woods,2018,"Crime,Drama,Western",6.2,4460
tt11231440,doordarshan,2020,"Comedy,Drama",6.1,4459
tt27953589,hedda,2025,"Drama,Romance",5.8,4458
tt32627545,watchmen chapter ii,2024,"Action,Animation,Drama",7.1,4458
tt21275544,marmalade,2024,"Comedy,Crime,Drama",6.3,4457
tt5512872,be somebody,2016,"Comedy,Drama,Romance",5.6,4456
tt14428606,man in love,2021,"Drama,Romance",7.1,4455
tt11013434,my donkey my lover  i,2020,"Adventure,Comedy,Romance",6.5,4454
tt26745321,armand,2024,Drama,6.1,4454
tt15264532,ratnan prapancha,2021,"Comedy,Drama,Family",8.2,4454
tt28865980,american symphony,2023,"Biography,Documentary,Music",6.8,4453
tt6515342,knock,2017,Comedy,6.1,4453
tt5724358,ukraine on fire,2016,Documentary,6.2,4453
tt37443891,raat akeli hai the bansal murders,2025,Drama,6.6,4452
tt4155534,animal crackers,2017,"Adventure,Animation,Comedy",5.8,4451
tt10661180,the last shift,2020,"Comedy,Drama",5.8,4449
tt5377564,u turn,2016,"Crime,Horror,Mystery",7.4,4449
tt5684466,a aa,2016,"Comedy,Drama,Romance",6.8,4448
tt35529436,vash level 2,2025,"Horror,Thriller",7.2,4446
tt26258488,bihter,2023,"Drama,History",3.6,4444
tt16427718,all hail,2022,"Comedy,Drama",5.6,4443
tt6054058,khaidi no 150,2017,"Action,Drama,Romance",5.8,4443
tt9654108,the scary house,2020,"Drama,Horror,Mystery",5.4,4442
tt36833584,influencers,2025,"Horror,Thriller",5.9,4441
tt5157326,western,2017,Drama,7.0,4441
tt10092698,all fun and games,2023,"Horror,Thriller",4.3,4441
tt7078658,the day shall come,2019,"Comedy,Crime",5.9,4441
tt14369276,my fathers violin,2022,Drama,6.5,4441
tt30227076,black box diaries,2024,"Crime,Documentary",7.5,4439
tt5222768,white fang,2018,"Adventure,Animation,Drama",6.9,4438
tt14505430,ascension,2021,Documentary,7.0,4437
tt5314450,burden,2018,"Biography,Drama,History",6.7,4434
tt15010478,911 inside the presidents war room,2021,"Documentary,History",7.5,4432
tt7642500,parallel minds,2020,"Horror,Sci-Fi,Thriller",3.6,4431
tt13978520,spy kids armageddon,2023,"Action,Comedy,Family",4.3,4430
tt13439744,son of india,2022,"Action,Drama,History",2.7,4426
tt9176086,saina,2021,"Biography,Drama,Sport",4.5,4425
tt28756876,einstein and the bomb,2024,"Documentary,History",6.2,4424
tt6728390,kurokos basketball last game,2017,"Animation,Drama,Sport",7.7,4424
tt8302918,kaathu vaakula rendu kaadhal,2022,"Comedy,Drama,Romance",5.5,4422
tt5370828,the art of loving story of michalina wislocka,2017,"Biography,Comedy,Drama",7.0,4421
tt10307724,madame claude,2021,"Biography,Crime,Drama",5.5,4421
tt9448932,love sarah,2020,"Comedy,Drama,Romance",6.2,4421
tt9319874,maara,2021,"Adventure,Mystery,Romance",7.5,4421
tt27502426,four daughters,2023,Documentary,7.4,4417
tt7892066,ayalaan,2024,"Action,Adventure,Sci-Fi",5.9,4416
tt9845398,end of the century,2019,Drama,6.8,4416
tt8174412,funny pages,2022,Comedy,6.2,4415
tt7645334,landscape with invisible hand,2023,"Comedy,Drama,Sci-Fi",5.9,4414
tt7589670,chalo,2018,"Action,Comedy,Family",6.4,4413
tt6214468,the russian bride,2018,"Horror,Thriller",5.2,4410
tt4978274,priceless,2016,"Crime,Drama,Romance",6.1,4409
tt15560314,the monk and the gun,2023,"Comedy,Drama",7.1,4404
tt7217214,ronnie coleman the king,2018,Documentary,7.0,4403
tt6317962,fireworks,2017,"Animation,Drama,Fantasy",5.6,4402
tt14550346,last summer,2023,"Drama,Thriller",6.4,4402
tt15509266,spy,2023,"Action,Thriller",4.7,4400
tt5013688,shelley,2016,"Drama,Horror,Mystery",5.3,4400
tt7042838,semper fi,2019,"Action,Drama,Thriller",6.2,4399
tt14443888,summoning sylvia,2023,"Comedy,Horror,Thriller",5.4,4399
tt5526028,dou kyu sei classmates,2016,"Animation,Drama,Music",7.7,4398
tt14014068,book of love,2022,"Comedy,Romance",5.5,4398
tt11080676,next door,2021,"Comedy,Drama",6.8,4398
tt1725969,ethel  ernest,2016,"Animation,Drama,History",7.7,4397
tt4074364,the model,2016,Thriller,5.7,4397
tt10738906,the feast,2021,"Drama,Horror,Mystery",5.6,4396
tt9231140,a man called ahok,2018,"Biography,Drama",8.1,4396
tt21988182,tim,2023,"Horror,Sci-Fi,Thriller",5.5,4396
tt5837242,how viktor the garlic took alexey the stud to the nursing home,2017,"Crime,Drama",7.1,4395
tt21830836,house of spoils,2024,"Drama,Horror,Thriller",5.1,4394
tt6101602,madelines madeline,2018,Drama,6.3,4393
tt3882074,the eagle huntress,2016,"Adventure,Documentary,Sport",7.5,4389
tt33335602,maintenance required,2025,"Comedy,Romance",5.2,4389
tt22892896,ghislaine maxwell filthy rich,2022,"Crime,Documentary",6.1,4388
tt13729220,photocopier,2021,"Crime,Drama,Mystery",6.8,4384
tt11648514,narappa,2021,"Action,Drama",7.6,4382
tt6203570,mountain,2017,Documentary,7.2,4381
tt4685428,1 buck,2017,"Drama,Thriller",5.2,4381
tt4944658,the lighthouse of the whales,2016,"Biography,Drama,Romance",6.7,4380
tt10916102,bahut hua sammaan,2020,"Comedy,Crime,Drama",7.2,4379
tt6333056,city of ghosts,2017,"Documentary,War",7.4,4377
tt8743032,the silence of the marsh,2019,"Action,Drama,Mystery",5.0,4376
tt27539086,800,2023,"Biography,Sport",7.1,4375
tt22480126,berlin,2023,"Drama,Thriller",6.8,4375
tt5847286,shock wave,2017,"Action,Crime,Thriller",6.3,4373
tt8569206,little baby,2019,Family,3.6,4373
tt3732280,when angels sleep,2018,"Adventure,Drama,Horror",5.5,4372
tt11871074,girls to buy,2021,"Action,Crime,Drama",5.3,4371
tt30024043,the prosecutor,2024,"Action,Drama,Thriller",6.5,4370
tt28763074,dancing village the curse begins,2024,"Horror,Mystery,Thriller",5.7,4369
tt5980638,the transcendents,2018,"Music,Mystery,Thriller",6.4,4368
tt6218776,bridge of sleep,2016,"Crime,Drama",4.9,4367
tt5851904,the big bad fox and other tales,2017,"Adventure,Animation,Comedy",7.4,4367
tt25403492,1920 horrors of the heart,2023,"Drama,Horror",2.7,4366
tt7534068,the trouble with you,2018,"Comedy,Crime,Drama",6.2,4365
tt10964530,the furnace,2020,"Adventure,Drama,History",6.5,4365
tt9402676,door lock,2018,"Horror,Mystery,Thriller",6.4,4364
tt5309954,sadako vs kayako,2016,"Comedy,Horror",5.1,4361
tt1604560,clinton road,2019,"Horror,Mystery",3.0,4360
tt3424690,havenhurst,2016,"Horror,Mystery,Thriller",4.9,4360
tt6632018,the king tide,2023,Thriller,6.5,4360
tt9271408,uyare,2019,Drama,8.0,4356
tt11698800,enys men,2022,"Fantasy,Horror,Mystery",5.6,4352
tt15000314,green snake,2021,"Action,Adventure,Animation",6.8,4351
tt8748256,travel mates 2,2018,Comedy,5.8,4350
tt35684868,sirai,2025,Thriller,7.8,4350
tt6749318,speed kills,2018,"Action,Crime,Drama",4.4,4348
tt6772524,trouble,2019,"Adventure,Animation,Comedy",5.8,4345
tt7052270,arthur  merlin knights of camelot,2020,"Action,Adventure,History",3.3,4344
tt8484012,sword of trust,2019,"Comedy,Drama",6.3,4344
tt10126136,tribal get out alive,2020,"Action,Horror,Thriller",3.9,4344
tt10381014,the war below,2021,"Drama,History,War",6.5,4343
tt6197070,blood machines,2019,"Adventure,Music,Sci-Fi",6.1,4340
tt10934196,south wind 2 speed up,2021,"Crime,Drama,Thriller",6.3,4336
tt4211044,adult life skills,2016,"Comedy,Drama",6.3,4336
tt9392374,girl,2020,"Mystery,Thriller",4.9,4335
tt17677178,who invited them,2022,"Comedy,Horror",5.5,4334
tt7970348,the stand in,2020,"Comedy,Drama",4.7,4333
tt8951086,house of hummingbird,2018,Drama,7.4,4333
tt4262174,first girl i loved,2016,"Drama,Romance",6.1,4333
tt10805432,detention,2019,"Drama,Horror,Mystery",6.6,4331
tt9850064,children of the sea,2019,"Adventure,Animation,Fantasy",6.5,4329
tt19113292,missing the lucie blackman case,2023,"Crime,Documentary",6.4,4324
tt32828123,cloud,2024,"Action,Crime,Drama",6.5,4324
tt21378744,world war iii,2022,"Adventure,Crime,Drama",7.1,4324
tt3734354,the cleanse,2016,"Comedy,Drama,Fantasy",5.1,4324
tt34376523,subham,2025,"Comedy,Horror",7.2,4323
tt5843670,the stakelander,2016,"Drama,Horror",5.3,4323
tt7453418,nekrotronic,2018,"Action,Comedy,Drama",5.6,4322
tt29607491,hardcore never dies,2023,"Crime,Drama",6.8,4322
tt5873150,strong island,2017,"Crime,Documentary",6.4,4322
tt5608166,dashing through the snow,2023,"Comedy,Family,Fantasy",5.6,4321
tt15782570,you can live forever,2022,"Drama,Romance",6.8,4321
tt9110340,andhaghaaram,2020,"Horror,Mystery,Thriller",7.5,4321
tt8043306,teefa in trouble,2018,"Action,Comedy,Crime",7.0,4321
tt6318608,nightwatch demons are forever,2023,"Horror,Mystery,Thriller",5.8,4319
tt3182620,bitter harvest,2017,"Drama,History,Romance",6.0,4318
tt4467626,scare campaign,2016,Horror,5.9,4318
tt29274198,nunakuzhi,2024,"Comedy,Crime",6.8,4318
tt10521814,k12,2019,"Fantasy,Horror,Musical",6.5,4314
tt6224502,boarding school,2018,"Horror,Mystery,Thriller",5.9,4312
tt13483866,linoleum,2022,"Drama,Sci-Fi",6.5,4310
tt19315924,ranveer vs wild with bear grylls,2022,Documentary,6.5,4308
tt9305634,surge,2020,Thriller,6.2,4307
tt9617716,everybodys everything,2019,"Documentary,Music",7.5,4305
tt7843946,dilan 1990,2018,"Drama,Romance",7.1,4304
tt6344664,code geass lelouch of the resurrection,2019,"Action,Adventure,Animation",7.3,4304
tt14755038,lullaby,2022,Drama,7.1,4298
tt10319486,budapest heist,2020,"Action,Comedy",3.8,4298
tt4411234,slice,2018,"Comedy,Crime,Fantasy",4.6,4295
tt9648886,arab blues,2019,"Comedy,Drama",6.3,4295
tt5191238,dedemin fisi,2016,"Comedy,Family",5.5,4294
tt1553659,breath,2017,"Adventure,Drama,Romance",6.7,4294
tt5502766,phillauri,2017,"Comedy,Drama,Fantasy",6.1,4292
tt12404266,the last rifleman,2023,"Biography,Drama,War",6.8,4291
tt9845110,two of us,2019,"Drama,Romance",7.2,4287
tt6470924,berlin alexanderplatz,2020,"Crime,Drama,Thriller",6.9,4286
tt32206571,lorry chapter1,2024,"Action,Crime,Thriller",7.0,4286
tt23023596,malaikottai vaaliban,2024,"Action,Drama,Fantasy",5.9,4286
tt13438734,time is up,2021,"Drama,Romance",4.3,4286
tt13640946,malayankunju,2022,"Drama,Thriller",6.9,4285
tt11007444,tove,2020,"Biography,Drama",6.8,4282
tt9442842,in search of darkness a journey into iconic 80s horror,2019,"Documentary,History,Horror",8.0,4282
tt8884430,echo in the canyon,2018,"Documentary,Music",7.0,4282
tt4629266,born in china,2016,Documentary,7.2,4281
tt4523910,chicuarotes,2019,"Crime,Drama",6.8,4281
tt3302266,a perfect 14,2018,Documentary,5.8,4280
tt13363828,we need to do something,2021,"Horror,Mystery",4.5,4280
tt3923388,the call up,2016,"Action,Sci-Fi,Thriller",4.9,4279
tt11394318,the truffle hunters,2020,Documentary,7.3,4277
tt10492998,i hate summer,2020,Comedy,6.7,4277
tt14960854,swallowed,2022,"Horror,Thriller",5.3,4276
tt6301452,matriarch,2018,"Horror,Thriller",5.2,4276
tt28151876,yolo,2024,"Action,Comedy,Drama",6.9,4276
tt14032696,limbo,2021,"Crime,Drama,Thriller",7.1,4274
tt16156616,how to date billy walsh,2024,"Comedy,Romance",5.2,4274
tt10991188,world famous lover,2020,"Comedy,Drama,Romance",5.0,4274
tt6707906,odiyan,2018,"Action,Drama,Fantasy",5.2,4273
tt12969078,atkan chatkan,2020,"Drama,Musical",7.6,4271
tt5075584,lommbock,2017,Comedy,6.6,4271
tt7284204,summer 03,2018,"Comedy,Drama,Romance",5.5,4270
tt4898564,red devil,2019,"Comedy,Crime,Drama",3.6,4269
tt7313348,them that follow,2019,"Drama,Horror,Mystery",5.4,4268
tt30317302,bitconned,2024,Documentary,6.5,4267
tt30021427,ferry 2,2024,"Action,Crime,Drama",5.6,4267
tt10451312,the marco effect,2021,"Crime,Thriller",5.4,4267
tt7231194,rip,2018,"Comedy,Drama",8.2,4266
tt22058628,born to fly,2023,"Action,Drama",5.8,4265
tt32086034,holy cow,2024,"Comedy,Drama",7.0,4264
tt8758086,mercy black,2019,"Horror,Mystery,Thriller",4.9,4263
tt5039088,the transfiguration,2016,"Drama,Horror",6.1,4261
tt6118340,the basement,2018,Horror,4.0,4261
tt32214413,the wedding banquet,2025,"Comedy,Romance",6.3,4261
tt6009140,wedding unplanned,2017,"Comedy,Drama",6.1,4261
tt2275743,berlin i love you,2019,"Comedy,Drama,Romance",4.7,4259
tt11027288,beneath us all,2023,"Drama,Fantasy,Horror",3.6,4259
tt11316854,gabriels inferno part one,2020,Romance,5.8,4258
tt22497768,alkhallat,2022,"Comedy,Drama,Mystery",6.7,4257
tt8212958,fire will come,2019,"Crime,Drama",6.6,4257
tt35627915,being eddie,2025,"Biography,Documentary",6.9,4256
tt7530986,lady j,2018,"Drama,Romance",6.8,4256
tt19308034,jim henson idea man,2024,"Biography,Documentary",7.7,4255
tt19773302,jonah,2023,"Mystery,Sci-Fi,Thriller",5.7,4254
tt4351684,tar,2020,"Adventure,Horror,Thriller",3.8,4254
tt19783734,u are the universe,2024,"Comedy,Drama,Romance",7.9,4253
tt7584702,awake,2019,"Action,Adventure,Crime",5.0,4252
tt27110516,one more shot,2024,"Action,Thriller",5.4,4252
tt13380324,night shift,2023,"Horror,Thriller",5.5,4250
tt28970408,matti katha,2023,Family,6.4,4250
tt35520315,the age of disclosure,2025,Documentary,6.9,4249
tt32245043,inheritance,2024,"Comedy,Drama,Mystery",5.1,4247
tt7867360,abduction,2019,"Action,Horror,Sci-Fi",4.6,4246
tt10621032,lupin iii the first,2019,"Action,Adventure,Animation",6.9,4245
tt10375396,gods creatures,2022,Drama,6.0,4245
tt5084198,kizumonogatari part 3 reiketsu,2017,"Action,Animation,Drama",7.9,4242
tt14534796,mascarade,2022,"Comedy,Crime,Drama",6.4,4242
tt27480881,medal,2023,Action,7.5,4242
tt6163356,michael moore in trumpland,2016,"Comedy,Documentary",5.8,4240
tt4086018,charming,2018,"Adventure,Animation,Comedy",5.6,4239
tt13914000,republic,2021,"Action,Drama,Thriller",7.8,4238
tt16424988,your lucky day,2023,Thriller,5.9,4238
tt6053948,sundays illness,2018,Drama,6.9,4238
tt27590147,only the river flows,2023,"Crime,Drama,Mystery",6.6,4237
tt13242960,middle class melodies,2020,"Comedy,Drama,Romance",7.5,4237
tt13434562,a wounded fawn,2022,Horror,5.4,4232
tt5061360,promise at dawn,2017,"Biography,Drama,Romance",7.1,4232
tt21813994,fancy dance,2023,Drama,6.6,4231
tt4682136,the seagull,2018,"Comedy,Drama,Romance",5.8,4231
tt14404280,homunculus,2021,"Drama,Fantasy,Mystery",5.5,4231
tt10008784,bull,2019,Drama,6.3,4228
tt6438030,gangsta,2018,"Crime,Thriller",6.5,4222
tt13332610,kill plan,2021,Thriller,2.9,4222
tt11396226,mudhal nee mudivum nee,2022,"Drama,Fantasy,Romance",7.9,4219
tt11376010,people just do nothing big in japan,2021,"Comedy,Music",6.8,4218
tt30743549,the mouse trap,2024,"Comedy,Fantasy,Horror",2.4,4214
tt10883302,roberrt,2021,"Action,Comedy,Musical",5.9,4212
tt32411272,3bhk,2025,Drama,7.4,4212
tt15520020,four hours at the capitol,2021,"Crime,Documentary",7.5,4212
tt5200962,kadhalum kadandhu pogum,2016,"Comedy,Drama,Romance",7.5,4211
tt13067004,last summer,2021,"Drama,Romance",6.2,4210
tt5538704,bullyparade the movie,2017,Comedy,5.0,4210
tt7293920,the fare,2018,"Fantasy,Mystery,Romance",6.3,4209
tt9585676,body brokers,2021,"Drama,Thriller",6.3,4208
tt13245502,dj tillu,2022,"Action,Comedy,Romance",7.2,4208
tt20424130,mob land,2023,"Action,Crime,Thriller",5.4,4208
tt26763310,mangalavaaram,2023,"Action,Horror,Thriller",6.8,4204
tt4118606,the curse of sleeping beauty,2016,"Fantasy,Horror,Mystery",4.3,4204
tt9455468,pamfir,2022,"Action,Drama,Thriller",7.4,4203
tt9182964,the reckoning,2020,"Adventure,Drama,Horror",4.9,4201
tt13814704,dream,2023,"Comedy,Drama,Sport",6.5,4200
tt8880922,se upp för jönssonligan,2020,"Comedy,Crime",4.0,4199
tt14034614,nostalgia,2022,Drama,6.7,4195
tt3715152,shooting stars,2023,"Drama,Sport",6.5,4195
tt15411160,the year i started masturbating,2022,"Comedy,Drama",5.2,4195
tt12687276,kala,2021,"Action,Thriller",6.7,4195
tt14817952,older gods,2023,"Drama,Horror",4.8,4195
tt6054874,furious,2017,"Action,Drama,History",6.1,4194
tt28870064,tantiram,2023,"Fantasy,Horror,Mystery",6.8,4192
tt7435316,the glorias,2020,"Biography,Drama,History",6.1,4190
tt3625136,detours,2016,"Comedy,Drama",6.3,4190
tt8160262,el hijo,2019,"Drama,Mystery,Thriller",5.5,4190
tt6095984,point of no return,2018,"Action,Adventure,Thriller",5.3,4189
tt29482291,when fall is coming,2024,Drama,6.9,4185
tt10195452,american skin,2019,"Drama,Thriller",7.0,4182
tt11229780,infidel,2019,"Action,Thriller",5.6,4182
tt26743414,monsieur aznavour,2024,"Biography,Drama,Music",7.2,4178
tt7822440,kaali,2018,"Action,Drama",7.6,4176
tt7231546,kayamkulam kochunni,2018,"Action,Drama,History",6.8,4172
tt23988936,saali mohabbat,2024,"Drama,Thriller",7.2,4168
tt8737608,rams,2020,"Comedy,Drama",6.5,4164
tt5954088,commando 2,2017,"Action,Adventure,Thriller",5.5,4162
tt23476446,daaaaaali,2023,"Comedy,Drama",6.6,4162
tt11157934,modi ji ki beti,2022,"Comedy,Drama",6.5,4159
tt36741457,the big fake,2025,"Drama,History",6.6,4159
tt38466379,my father the btk killer,2025,"Crime,Documentary",6.2,4158
tt7628458,come on my son,2018,Drama,7.0,4157
tt21379574,running with the devil the wild world of john mcafee,2022,"Biography,Crime,Documentary",5.9,4156
tt27655241,heat is on,2023,Thriller,7.2,4156
tt9834506,post mortem,2020,"Horror,Mystery,Thriller",5.5,4155
tt13103212,irul,2021,"Horror,Mystery,Thriller",5.8,4154
tt5084196,kizumonogatari part 2 nekketsu,2016,"Action,Animation,Drama",7.6,4154
tt10345782,the catholic school,2021,Drama,5.6,4154
tt7510798,maari 2,2018,"Action,Comedy",5.7,4153
tt8591526,fremont,2023,Drama,6.9,4153
tt8431078,friendsgiving,2020,"Comedy,Drama",4.5,4151
tt6270640,the dare,2019,"Horror,Mystery,Thriller",5.1,4150
tt4058836,i spit on your grave deja vu,2019,"Horror,Thriller",2.4,4150
tt31951179,jongli,2025,"Action,Drama",7.0,4149
tt25808194,project silence,2023,"Action,Horror,Sci-Fi",5.4,4148
tt10247678,sensation,2021,"Mystery,Sci-Fi,Thriller",3.2,4148
tt5815944,tokyo ghoul,2017,"Action,Drama,Fantasy",5.7,4146
tt29343289,the bayou,2025,"Action,Horror,Thriller",4.1,4146
tt6175820,this crazy heart,2017,"Comedy,Drama",6.9,4144
tt4937114,rogue warrior robot fighter,2016,"Action,Sci-Fi",3.1,4144
tt6914542,the drug king,2018,"Action,Crime,Drama",6.2,4142
tt29704964,vidhi,2023,Crime,6.9,4140
tt9203832,fireball visitors from darker worlds,2020,Documentary,7.0,4139
tt7129926,like a cat on a highway,2017,Comedy,6.3,4135
tt8326824,madhuraraja,2019,"Action,Comedy,Drama",5.9,4135
tt2782844,billionaire ransom,2016,"Action,Adventure,Crime",5.5,4132
tt7546486,kayhan,2018,Comedy,2.2,4131
tt6613958,the bygone,2019,"Crime,Drama,Mystery",5.6,4131
tt6346162,newsies the broadway musical,2017,Musical,8.2,4130
tt13649700,crack cocaine corruption  conspiracy,2021,"Crime,Documentary,History",6.7,4129
tt11182994,zillion,2022,"Biography,Crime,Drama",7.2,4129
tt14813150,manodrome,2023,"Drama,Thriller",4.8,4128
tt7311164,cbi 5 the brain,2022,"Crime,Mystery,Thriller",5.6,4127
tt12839816,asalu em jarigindhante,2020,Drama,3.5,4125
tt12810902,the moderator,2022,"Action,Drama,Thriller",3.3,4124
tt9288748,my fathers dragon,2022,"Adventure,Animation,Comedy",6.5,4124
tt9204164,bigfoot family,2020,"Adventure,Animation,Family",5.8,4122
tt9421200,a perfect enemy,2020,"Drama,Thriller",5.5,4122
tt2155399,variações guardian angel,2019,"Biography,Drama,Music",7.1,4120
tt7755856,banana split,2018,Comedy,6.2,4118
tt4109242,terror eyes,2021,"Horror,Thriller",5.6,4118
tt29793197,a house on fire,2024,"Comedy,Drama",7.2,4116
tt8941422,the chaos class again,2019,Comedy,2.2,4115
tt12929738,london confidential,2020,"Crime,Drama,Thriller",5.9,4114
tt16211122,ayodhi,2023,"Action,Drama,Thriller",8.2,4114
tt6884200,a kid like jake,2018,Drama,5.6,4112
tt3037164,kills on wheels,2016,"Action,Comedy,Drama",7.1,4112
tt26315142,totem,2023,Drama,7.0,4110
tt7705790,tholiprema,2018,Romance,7.2,4109
tt14247286,four to dinner,2022,"Comedy,Romance",6.3,4109
tt13651858,safer at home,2021,"Crime,Drama,Horror",3.8,4107
tt11269026,mothers love,2022,Comedy,5.8,4105
tt11725680,most eligible bachelor,2021,"Drama,Romance",6.2,4104
tt3984356,only,2019,"Drama,Romance,Sci-Fi",5.1,4103
tt10311018,brothers keeper,2021,Drama,7.3,4102
tt10605812,the girl who killed her parents,2021,"Crime,Drama,Thriller",5.9,4100
tt8200742,silhouette,2019,"Drama,Horror,Thriller",4.0,4100
tt4680196,planetarium,2016,"Drama,Fantasy,Mystery",4.6,4100
tt6964076,pavarotti,2019,"Biography,Documentary,Music",7.5,4100
tt10342914,lair,2021,"Horror,Thriller",4.1,4099
tt31226981,sankrathiki vasthunam,2025,"Action,Comedy",6.1,4099
tt4372240,7852,2017,Documentary,7.3,4098
tt6467380,hind ka napak ko jawab,2017,"Action,Thriller",6.9,4097
tt8453986,the weasels tale,2019,"Comedy,Drama",7.2,4097
tt13702796,pacifiction,2022,"Drama,Thriller",6.3,4096
tt6679360,on vam ne dimon,2017,Documentary,8.7,4096
tt36499994,two worlds one wish,2025,"Drama,Romance",6.2,4095
tt32308382,purushothamudu,2024,Action,5.9,4093
tt15234108,networker baire,2021,"Adventure,Drama,Romance",7.9,4093
tt6046314,bel canto,2018,"Drama,Music,Romance",5.5,4093
tt8091892,fatestay night heavens feel ii lost butterfly,2019,"Action,Adventure,Animation",8.0,4093
tt5041296,muse,2017,"Fantasy,Horror,Mystery",5.4,4092
tt8945942,centigrade,2020,"Drama,Thriller",4.4,4092
tt29142525,tell them you love me,2023,Documentary,6.9,4092
tt7215388,the china hustle,2017,Documentary,7.1,4091
tt6009104,black tide,2018,"Crime,Drama,Mystery",6.3,4091
tt31624258,hijack 1971,2024,"Action,Crime,Thriller",6.8,4090
tt15485390,operation napoleon,2023,"Action,Adventure,Thriller",6.1,4090
tt4993964,full speed,2016,"Action,Comedy",5.8,4089
tt20672356,semmelweis,2023,"Biography,Drama,History",6.8,4087
tt27721490,tornado,2025,"Action,Drama,Thriller",5.5,4085
tt6262764,rip tide,2017,"Drama,Family",5.5,4083
tt5477194,iraivi,2016,"Crime,Drama",8.0,4083
tt8975028,american hangman,2019,"Crime,Mystery,Thriller",5.9,4082
tt2597804,dont make me go,2022,Drama,6.7,4081
tt1002563,the young messiah,2016,"Drama,Fantasy",5.7,4080
tt7531138,only you,2018,"Drama,Romance",6.7,4080
tt27550504,plainclothes,2025,"Drama,Romance,Thriller",7.1,4079
tt15181326,dead mans wire,2025,"Biography,Crime,Drama",6.6,4079
tt7610196,do women have a higher sex drive,2018,Documentary,5.6,4078
tt11102262,cadaver,2022,"Crime,Drama,Mystery",6.6,4078
tt2304637,flag day,2021,"Crime,Drama",5.5,4076
tt7336572,big brother,2018,"Action,Comedy,Drama",6.3,4075
tt13846542,squared love,2021,"Comedy,Romance",5.1,4074
tt7669768,a fathers diary,2021,Drama,5.8,4074
tt6978268,omerta,2017,"Action,Biography,Crime",7.1,4074
tt4725842,girls with balls,2018,"Comedy,Horror",4.0,4073
tt33949346,maargan,2025,"Crime,Thriller",6.8,4073
tt21257152,make me believe,2023,"Comedy,Romance",5.7,4073
tt5706370,three christs,2017,Drama,6.3,4071
tt4647900,i am bolt,2016,"Biography,Documentary,Sport",7.1,4071
tt22010586,capturing the killer nurse,2022,"Crime,Documentary",6.4,4070
tt2542852,downtown owl,2023,"Comedy,Drama",4.9,4069
tt27171776,yaathisai,2023,"Action,Drama,History",7.1,4069
tt17633634,bosco,2024,"Drama,Thriller",5.4,4066
tt7160176,the fortress,2017,"Action,Drama,History",6.8,4066
tt11143400,dikkiloona,2021,"Comedy,Romance,Sci-Fi",7.2,4065
tt26304178,odessa,2025,"Drama,Music,Musical",5.0,4063
tt4359330,cross the line,2020,"Drama,Thriller",6.2,4062
tt4459156,55 steps,2017,"Biography,Drama",7.0,4061
tt11176322,paydirt,2020,"Crime,Thriller",3.9,4061
tt14077696,maixabel,2021,"Biography,Drama",7.1,4059
tt33381920,you are the apple of my eye,2024,"Comedy,Drama,Romance",6.6,4058
tt7201846,cyrano my love,2018,"Comedy,Drama,History",7.3,4057
tt3717804,england is mine,2017,"Biography,Drama,Music",5.8,4057
tt34500787,dear krishna,2025,Drama,7.9,4055
tt33396241,100 crores,2024,Action,4.8,4054
tt8844062,tomorrows today,2021,"Comedy,Drama,Romance",5.5,4050
tt4365518,sand storm,2016,Drama,6.8,4049
tt13299052,khiladi,2022,"Action,Crime,Thriller",5.2,4047
tt30766582,screamboat,2025,"Comedy,Horror",4.1,4046
tt3958780,equity,2016,Drama,5.6,4045
tt27757546,diablo,2025,"Action,Thriller",5.7,4044
tt24082488,the eternal memory,2023,Documentary,7.4,4042
tt27611340,bachhala malli,2024,"Action,Drama,Romance",8.1,4042
tt13535920,both sides of the blade,2022,"Drama,Romance,Thriller",6.1,4042
tt10551608,thanneermathan dinangal,2019,"Comedy,Romance",7.8,4040
tt7720142,assassin club,2023,"Action,Thriller",4.7,4040
tt12032938,muddy,2021,"Action,Thriller",6.1,4039
tt5717194,disturbing the peace,2020,"Action,Thriller",3.4,4038
tt9109976,psycho,2020,"Crime,Thriller",6.2,4038
tt6220752,pledge,2018,"Horror,Mystery,Thriller",5.4,4038
tt14586118,driving madeleine,2022,"Comedy,Drama",7.2,4037
tt7130916,dicks the musical,2023,"Comedy,Musical",5.3,4036
tt6215910,görümce,2016,"Comedy,Romance",5.1,4035
tt0498396,the twits,2025,"Adventure,Animation,Comedy",4.7,4035
tt5843850,kings,2017,"Crime,Drama,Romance",5.1,4034
tt6539992,embattled,2020,"Action,Drama,Sport",6.5,4033
tt6671244,wij,2018,Drama,5.6,4033
tt9359344,te quiero imbécil,2020,Comedy,5.9,4032
tt7986222,kolamavu kokila,2018,"Comedy,Crime,Drama",7.3,4031
tt9522080,papicha,2019,Drama,7.1,4031
tt8806104,the dead center,2018,"Horror,Mystery,Thriller",5.8,4030
tt4273562,yugioh the dark side of dimensions,2016,"Adventure,Animation,Drama",6.8,4029
tt10559102,supercell,2023,"Action,Adventure,Drama",4.4,4029
tt16731908,a brighter tomorrow,2023,"Comedy,Drama",6.7,4028
tt5804948,with open arms,2017,Comedy,5.5,4027
tt11203022,sex appeal,2022,"Comedy,Drama,Romance",5.4,4027
tt26569323,the mill,2023,"Drama,Mystery,Sci-Fi",5.4,4027
tt13466166,saani kaayidham,2022,"Action,Crime,Drama",7.4,4020
tt3491962,outlaws and angels,2016,"Action,Drama,Thriller",5.4,4019
tt4205718,intersect,2020,"Horror,Sci-Fi,Thriller",3.5,4019
tt13055982,savage salvation,2022,"Action,Thriller",4.8,4019
tt6212496,mr roosevelt,2017,Comedy,6.2,4017
tt7535666,retrocausality,2019,"Drama,Romance",3.5,4016
tt5457722,brahmotsavam,2016,"Drama,Romance",4.0,4014
tt10314548,heart of champions,2021,"Drama,Sport",6.1,4009
tt7248248,lucky day,2019,"Action,Comedy,Crime",5.1,4008
tt3748918,to your last death,2019,"Action,Animation,Fantasy",5.8,4005
tt9434968,one love two lives,2019,"Drama,Romance",6.1,4005
tt1318523,the unhealer,2020,"Fantasy,Horror,Sci-Fi",5.3,4003
tt22042346,2073,2024,"Documentary,Sci-Fi,Thriller",5.1,4003
tt7479784,the bold the corrupt and the beautiful,2017,"Drama,Mystery,Thriller",7.3,4002
tt7052244,robin hood the rebellion,2018,"Action,Adventure,History",3.3,4002
tt4360094,a place in the caribbean,2017,"Drama,Romance",5.7,4001
tt14599938,sweet  sour,2021,"Comedy,Romance",6.6,4001
tt11350284,400 bullets,2021,Action,3.8,3999
tt3996396,yatra,2018,"Biography,Drama,History",7.6,3999
tt8027322,the joke thief,2018,Drama,5.6,3998
tt10735202,helen,2019,"Drama,Thriller",7.7,3998
tt32402578,pogumidam vegu thooramillai,2024,Mystery,7.3,3997
tt8902948,tigertail,2020,Drama,6.6,3996
tt5851014,savage dog,2017,"Action,Drama",5.0,3995
tt34442678,bhairavam,2025,Action,4.5,3995
tt12648266,accused,2023,Thriller,6.3,3994
tt32728672,kaalam raasina kathalu,2024,Drama,8.6,3994
tt3655972,the olive tree,2016,"Comedy,Drama",6.8,3993
tt22001978,odum kuthira chadum kuthira,2025,"Comedy,Romance",5.2,3993
tt11230868,kappela,2020,"Comedy,Drama,Romance",7.5,3993
tt11188154,wework or the making and breaking of a 47 billion unicorn,2021,Documentary,6.6,3992
tt21448540,baby ruby,2022,"Drama,Horror,Thriller",4.7,3992
tt5463510,lantouri,2016,"Action,Crime,Drama",6.4,3989
tt11697690,the woman who ran,2020,Drama,6.7,3987
tt8116640,go karts,2020,"Family,Sport",5.9,3985
tt27837387,unknown the lost pyramid,2023,"Documentary,History",6.7,3985
tt4537888,the monster project,2017,"Horror,Mystery,Thriller",4.5,3985
tt13701962,a california christmas city lights,2021,"Comedy,Drama,Romance",5.6,3984
tt11358166,some kind of heaven,2020,Documentary,7.2,3984
tt13562940,dial 100,2021,"Action,Thriller",5.9,3983
tt4881578,zappa,2020,"Biography,Documentary,History",7.5,3983
tt11040762,alice,2022,"Crime,Drama,Thriller",5.7,3981
tt4929038,the ornithologist,2016,"Adventure,Drama,Mystery",6.3,3981
tt5061162,the teacher,2016,"Comedy,Drama",7.2,3981
tt7027092,budapest,2018,Comedy,5.5,3978
tt18092672,gold run,2022,"Drama,Thriller,War",6.6,3976
tt3104956,the good house,2021,"Comedy,Drama",6.4,3975
tt8088944,the chase,2017,"Crime,Drama,Mystery",6.6,3974
tt5335314,one step behind the seraphim,2017,Drama,8.1,3973
tt15248702,catwoman hunted,2022,"Action,Animation,Crime",5.6,3973
tt5273624,journey to the west the demons strike back,2017,"Adventure,Comedy,Fantasy",5.5,3972
tt15446834,aseq,2022,"Drama,Horror",5.3,3968
tt35520290,the baltimorons,2025,"Comedy,Drama,Romance",6.9,3968
tt11086194,thankam,2023,"Crime,Drama",7.1,3966
tt30319830,skywalkers a love story,2024,Documentary,7.1,3966
tt4682708,we are the flesh,2016,"Drama,Fantasy,Horror",4.7,3965
tt30319516,good one,2024,Drama,6.7,3964
tt2420124,wendy,2020,"Drama,Fantasy,Thriller",5.7,3962
tt7434324,low tide,2019,"Drama,Thriller",6.3,3962
tt7711342,agnyaathavaasi prince in exile,2018,"Action,Drama",4.3,3962
tt26452781,marked men,2025,Romance,5.2,3962
tt9128686,the pool,2018,"Action,Drama,Horror",5.2,3961
tt9075008,effigy poison and the city,2019,"Crime,History",7.2,3960
tt11193002,the stranger by the beach,2020,"Animation,Drama,Romance",7.2,3958
tt11191356,dear future children,2021,"Biography,Documentary",7.4,3957
tt6668220,stoker hills,2020,"Crime,Horror,Mystery",4.2,3952
tt8367184,the wedding year,2019,"Comedy,Romance",5.6,3952
tt21156390,the starling girl,2023,"Drama,Romance",6.7,3952
tt9288726,mama weed,2020,"Comedy,Crime,Drama",6.3,3949
tt6255230,clown motel spirits arise,2019,Horror,2.9,3949
tt4335650,carnage park,2016,"Action,Crime,Horror",4.9,3949
tt27682129,prey,2024,"Action,Thriller",3.7,3947
tt4730224,an hour to kill,2018,"Action,Comedy,Horror",4.6,3947
tt6443294,blaze,2018,"Biography,Drama,Music",6.6,3946
tt21148018,full river red,2023,"Comedy,Drama,History",6.4,3945
tt14280066,the box,2021,"Drama,Music,Musical",6.6,3944
tt38457052,aileen queen of the serial killers,2025,"Crime,Documentary",6.1,3943
tt15329224,revoir paris,2022,Drama,6.9,3943
tt8974964,memory the origins of alien,2019,"Biography,Documentary,History",6.8,3941
tt6345894,run with the hunted,2019,"Crime,Drama,Thriller",5.2,3941
tt20424172,alibicom 2,2023,Comedy,6.5,3940
tt13349280,aadavaallu meeku johaarlu,2022,"Comedy,Drama,Family",6.1,3939
tt13209832,g  zombie,2021,"Action,Horror,Sci-Fi",3.4,3939
tt5434870,little sister,2016,"Comedy,Drama",6.3,3939
tt11448830,falcon lake,2022,"Drama,Mystery,Romance",7.0,3938
tt7314118,bros on the rocks,2018,Comedy,4.9,3938
tt5344794,sniper special ops,2016,"Action,Thriller,War",3.0,3938
tt6268882,family,2018,Comedy,6.4,3937
tt6175394,the last warrior,2017,"Adventure,Comedy,Family",6.4,3936
tt13940818,the contestant,2023,"Biography,Documentary",7.2,3935
tt9015168,river road,2022,"Drama,Thriller",6.3,3934
tt19381382,cocorico,2024,Comedy,5.9,3932
tt27853611,max,2024,Action,7.1,3932
tt30769141,jatt nuu chudail takri,2024,Comedy,4.9,3931
tt6984230,the serpent,2020,"Action,Thriller",2.9,3930
tt4035898,the evil in us,2016,Horror,4.7,3929
tt14452174,soundtrack to a coup detat,2024,"Documentary,Music",7.8,3926
tt5827212,let the corpses tan,2017,Thriller,6.2,3924
tt33245905,kahan shuru kahan khatam,2024,"Comedy,Romance",6.3,3924
tt7777196,thackeray,2019,"Biography,Drama",5.4,3923
tt8241000,extinct,2021,"Adventure,Animation,Comedy",5.5,3922
tt5271442,maalik,2016,"Action,Crime,Drama",7.9,3922
tt6869362,in family i trust,2019,"Comedy,Romance",6.2,3921
tt10656188,the queen of black magic,2019,"Drama,Horror,Mystery",6.5,3921
tt8081062,amazing china,2018,Documentary,1.8,3921
tt6256872,a moment in the reeds,2017,"Drama,Romance",6.8,3921
tt5039860,dalida,2016,"Biography,Drama,Music",6.9,3919
tt38077500,trikaali,2025,Drama,7.1,3918
tt32065993,marana mass,2025,Comedy,6.5,3918
tt5091014,jasper jones,2017,"Drama,Mystery,Thriller",6.5,3917
tt7915554,bomb a love story,2018,"Drama,Romance,War",6.5,3915
tt4228810,kalinka,2016,"Biography,Crime,Drama",7.1,3914
tt10766468,gintama the final,2021,"Action,Animation,Comedy",8.6,3914
tt5700182,starfish,2018,"Drama,Horror,Sci-Fi",5.2,3914
tt8009938,blood vessel,2019,"Fantasy,Horror",5.4,3912
tt8956872,valhalla the legend of thor,2019,"Adventure,Fantasy,Thriller",5.2,3912
tt5375324,anuraga karikkin vellam,2016,"Comedy,Family,Romance",7.3,3911
tt4537986,manhunt,2017,"Action,Crime,Thriller",5.3,3909
tt10151054,the quarry,2020,"Crime,Drama,Mystery",5.5,3908
tt10750020,pattas,2020,"Action,Drama",6.5,3908
tt2948078,lake eerie,2016,"Horror,Sci-Fi,Thriller",3.8,3908
tt21445686,batman the long halloween,2021,"Action,Animation,Crime",7.5,3907
tt29768333,last bullet,2025,"Action,Crime,Drama",6.3,3906
tt14858054,wyrmwood apocalypse,2021,"Action,Comedy,Horror",5.5,3906
tt11948256,lift,2021,"Drama,Horror,Mystery",6.5,3905
tt2854394,hot bot,2016,"Comedy,Sci-Fi",3.4,3904
tt4909506,godhi banna sadharana mykattu,2016,"Drama,Thriller",8.6,3903
tt29613587,mast mein rehne ka,2023,"Comedy,Drama",7.1,3902
tt5807330,tread,2019,"Crime,Documentary",7.2,3901
tt36722524,guru nanak jahaz,2025,History,8.6,3901
tt11531530,varane avashyamund,2020,"Comedy,Drama,Romance",6.9,3900
tt10549312,baba parasi,2020,Comedy,4.6,3900
tt30319854,sugarcane,2024,Documentary,7.0,3900
tt20215396,girl haunts boy,2024,"Comedy,Family,Fantasy",6.3,3899
tt21375602,love me,2024,"Drama,Romance,Sci-Fi",5.1,3898
tt5796838,roxanne roxanne,2017,"Biography,Drama,Music",6.2,3898
tt8638640,june,2019,"Drama,Family,Musical",7.4,3896
tt20840000,ardh,2022,"Drama,Romance",7.4,3894
tt6509058,nancy,2018,"Drama,Mystery,Thriller",6.2,3894
tt20258920,tin soldier,2025,"Action,Biography,Drama",3.3,3894
tt12982370,rise of the footsoldier origins,2021,"Action,Crime,Drama",5.8,3894
tt27689950,a wedding story,2024,Horror,6.4,3892
tt28248897,tyler perrys divorce in the black,2024,"Drama,Thriller",4.7,3891
tt6746304,pity,2018,Drama,6.7,3890
tt1881109,zeroville,2019,"Comedy,Drama,Mystery",4.6,3890
tt11964084,virgin bhanupriya,2020,"Comedy,Drama",2.5,3888
tt11274100,archenemy,2020,"Action,Adventure,Animation",5.0,3885
tt15536668,rheingold,2022,"Biography,Crime,Drama",6.7,3885
tt6293042,outrage coda,2017,"Action,Crime,Drama",6.4,3884
tt4516040,benji the dove,2018,"Adventure,Drama,Family",5.2,3884
tt12273762,overrun,2021,"Action,Comedy,Crime",4.2,3884
tt15021154,exodus,2023,Drama,6.8,3882
tt10734928,the legend of hei,2019,"Action,Adventure,Animation",7.3,3881
tt3212812,my mom is a character 2,2016,Comedy,6.7,3881
tt22688572,boudica queen of war,2023,"Action,Drama,History",4.3,3881
tt11410312,falimy,2023,"Comedy,Drama",7.3,3880
tt6229252,midday adventures,2017,"Action,Drama,History",6.7,3878
tt4998772,bedeviled,2016,"Horror,Mystery,Thriller",4.3,3878
tt6012244,all the devils men,2018,"Action,Thriller",5.1,3876
tt22022784,my dead friend zoe,2024,"Comedy,Drama,War",6.5,3874
tt10887902,i used to go here,2020,"Comedy,Drama,Romance",5.6,3872
tt7491144,amanda,2018,Drama,7.0,3872
tt27530836,mandya,2025,"Action,Crime,Drama",6.2,3871
tt32175880,kishkindhapuri,2025,"Horror,Mystery",6.9,3870
tt13656980,montana story,2021,Drama,6.5,3870
tt6134274,solis,2018,"Action,Adventure,Sci-Fi",4.4,3868
tt7286836,aquaslash,2019,"Comedy,Drama,Horror",3.6,3868
tt33057137,prisoner of war,2025,"Action,Thriller,War",5.7,3867
tt5767628,kill em all,2017,"Action,Crime,Mystery",4.3,3867
tt34984715,dhandoraa,2025,Drama,8.5,3866
tt2924392,higher power,2018,"Action,Adventure,Sci-Fi",4.5,3866
tt7716120,and tomorrow the entire world,2020,"Crime,Drama,Romance",6.0,3865
tt21816824,sr,2022,"Biography,Documentary",7.2,3865
tt13848804,journey to bethlehem,2023,"Adventure,Family,Musical",6.5,3864
tt3138344,baked in brooklyn,2016,"Comedy,Crime,Drama",5.4,3863
tt11127404,kaduva,2022,"Action,Drama,Thriller",6.1,3863
tt21434882,taximetristi,2023,"Comedy,Drama",7.0,3863
tt2474932,despite the falling snow,2016,"Drama,Mystery,Romance",5.8,3862
tt27546190,the sweet east,2023,"Comedy,Crime,Drama",6.4,3862
tt5843780,river runs red,2018,"Drama,Thriller",4.4,3860
tt33058713,jailbreak love on the run,2024,"Crime,Documentary",6.4,3859
tt29026239,cheena trophy,2023,Comedy,5.6,3858
tt5844488,ice,2018,"Drama,Romance,Sport",6.8,3858
tt7897348,lottery,2018,"Drama,Romance,Thriller",5.6,3857
tt2034176,redcon1,2018,"Action,Horror,Thriller",3.8,3855
tt1929297,last moment of clarity,2020,"Drama,Mystery,Thriller",5.2,3855
tt4866448,most beautiful island,2017,"Drama,Horror,Thriller",5.7,3854
tt5773986,studio 54,2018,"Documentary,History,Music",7.0,3854
tt5033790,banking on bitcoin,2016,"Documentary,History,News",6.6,3854
tt27987407,gold brick,2023,"Comedy,Drama",6.2,3854
tt5611648,joker,2016,"Comedy,Drama",8.3,3854
tt12492650,ek,2019,"Action,Drama",6.1,3853
tt5059782,the northlander,2016,"Drama,Fantasy,Sci-Fi",3.7,3852
tt3016748,jacobs ladder,2019,"Horror,Thriller",3.6,3851
tt11224358,pray away,2021,Documentary,6.5,3851
tt7485508,carmen  lola,2018,"Drama,Romance",7.1,3851
tt6193454,blue my mind,2017,"Drama,Fantasy,Mystery",6.1,3850
tt3917710,the baker,2022,"Action,Crime,Drama",5.9,3849
tt28690468,sound of falling,2025,"Drama,War",7.0,3848
tt12856788,dangerous,2022,"Action,Crime,Drama",6.6,3847
tt6555772,love surreal and odd,2017,"Comedy,Romance",5.6,3847
tt33014921,we girls,2025,"Crime,Drama",8.0,3847
tt12304596,unfit the psychology of donald trump,2020,"Biography,Documentary",6.9,3847
tt15716552,tatsama tadbhava,2023,"Crime,Thriller",7.4,3846
tt9183978,arctic void,2022,"Drama,Horror,Mystery",4.6,3845
tt13491834,sacramento,2024,Comedy,5.9,3845
tt14449392,slumber party massacre,2021,"Comedy,Horror",5.1,3845
tt16951452,anna nicole smith you dont know me,2023,"Biography,Documentary",6.4,3843
tt8655738,eternal code,2019,"Action,Crime,Thriller",3.3,3842
tt12703292,a man of action,2022,"Biography,Crime,Drama",6.4,3842
tt34691776,abandoned man,2025,Drama,5.8,3839
tt17079606,dead talents society,2024,"Comedy,Horror,Thriller",7.0,3837
tt6973386,valley of the wolves homeland,2017,"Action,Drama",3.9,3835
tt5478632,kaçma birader,2016,Comedy,6.8,3830
tt29461220,pani,2024,"Action,Crime,Drama",6.9,3830
tt29354040,renaissance a film by beyoncé,2023,"Documentary,Music",8.6,3828
tt13051724,limmensità,2022,"Drama,Music",6.4,3828
tt21045742,the last heist,2022,Crime,3.8,3828
tt5710042,mercy,2016,"Drama,Mystery,Thriller",4.2,3827
tt7722258,genius,2018,"Action,Thriller",5.1,3826
tt33343397,dan da dan first encounter,2024,"Action,Animation,Comedy",8.2,3826
tt14404596,backpackers,2022,"Comedy,Romance",5.8,3825
tt9165634,hanum  rangga,2018,"Drama,Romance",1.3,3823
tt8325442,438 days,2019,"Drama,Thriller",6.7,3823
tt3333870,antibirth,2016,"Comedy,Horror,Mystery",4.9,3822
tt1227183,swallows and amazons,2016,"Adventure,Drama,Family",6.2,3822
tt8400584,the perfect find,2023,"Comedy,Drama,Romance",5.2,3819
tt2936884,lost in paris,2016,Comedy,6.3,3819
tt8268916,90 ml,2019,Comedy,3.3,3819
tt27599713,the red virgin,2024,Drama,6.8,3817
tt32546023,dhoom dhaam,2024,Drama,6.5,3817
tt30324320,marching powder,2025,"Action,Comedy,Crime",5.3,3816
tt10702760,national theatre live fleabag,2019,Comedy,8.3,3814
tt20567314,oh belinda,2023,"Comedy,Drama",5.3,3812
tt33307516,kis kisko pyaar karoon 2,2025,Comedy,4.7,3812
tt28997111,aanandhapuram diaries,2024,Family,7.1,3812
tt14379088,shin kamen rider,2023,"Action,Adventure,Drama",6.1,3812
tt3671086,natural born pranksters,2016,Comedy,3.6,3809
tt8102806,the night,2020,"Horror,Mystery,Thriller",5.5,3808
tt6131450,asher,2018,"Drama,Thriller",5.5,3808
tt9318772,fukushima 50,2020,"Action,Drama,Thriller",6.1,3806
tt5342950,the wolf hour,2019,"Drama,Mystery,Thriller",5.0,3806
tt9178402,the pale door,2020,"Drama,Horror,Western",4.4,3803
tt23897324,lucky lakshman,2022,"Comedy,Drama,Family",6.1,3802
tt5698568,1898 our last men in the philippines,2016,"Drama,History,War",6.5,3802
tt34335405,soothravakyam,2025,Drama,7.4,3801
tt14035292,kid 90,2021,"Biography,Documentary",6.9,3800
tt8354218,fireheart,2022,"Adventure,Animation,Comedy",6.2,3800
tt28150132,omni loop,2024,"Drama,Sci-Fi",5.6,3799
tt23790924,vincent must die,2023,"Drama,Fantasy,Thriller",6.4,3797
tt10767426,text,2019,"Drama,Thriller",6.6,3797
tt33312131,mantis,2025,"Action,Thriller",5.3,3797
tt9106672,when hitler stole pink rabbit,2019,"Biography,Drama,History",7.0,3797
tt3778010,dead awake,2016,"Drama,Horror,Mystery",4.6,3795
tt11366674,lola,2022,"Sci-Fi,War",6.4,3795
tt21612768,snow and the bear,2022,Drama,6.5,3795
tt4262516,sanam re,2016,Drama,3.3,3794
tt6347150,the skin of the wolf,2017,Drama,5.8,3793
tt6137734,lora legale,2017,Comedy,6.4,3793
tt13456976,old man,2022,Thriller,4.9,3786
tt14873054,transfusion,2023,"Action,Crime,Drama",5.1,3784
tt8452344,sitting in bars with cake,2023,"Comedy,Drama,Romance",6.4,3784
tt32368060,dirty fellow,2024,"Action,Drama",6.5,3782
tt8434110,murina,2021,Drama,6.8,3781
tt4994718,kocan kadar konus dirilis,2016,"Comedy,Drama,Fantasy",5.7,3781
tt4985848,pitchfork,2016,Horror,3.0,3780
tt21989120,ugram,2023,"Action,Drama,Romance",6.5,3778
tt28076784,no more bets,2023,"Crime,Drama",6.8,3778
tt28129054,take cover,2024,"Action,Thriller",5.1,3778
tt22487338,the nature of love,2023,"Comedy,Drama,Romance",6.8,3777
tt5442308,a violent prosecutor,2016,"Action,Comedy,Crime",6.7,3777
tt7715070,horrible histories the movie  rotten romans,2019,"Comedy,Family,History",5.4,3777
tt10009030,snatchers,2019,"Comedy,Horror,Sci-Fi",5.8,3776
tt4146622,rampage president down,2016,"Action,Crime,Thriller",4.7,3775
tt24131660,bring him to me,2023,"Crime,Thriller",5.3,3775
tt4702826,birthmarked,2018,Comedy,5.7,3774
tt5925772,cia comrade in america,2017,"Action,Adventure,Romance",6.4,3774
tt28366692,janet planet,2023,Drama,6.1,3773
tt21226152,sermon to the fish,2022,"Drama,War",7.3,3773
tt12194006,wonderfully beautiful,2022,"Comedy,Drama,Romance",7.0,3772
tt27577888,rathnam,2024,Action,5.4,3771
tt5173166,four against the bank,2016,"Comedy,Crime",5.8,3769
tt9308390,margrete queen of the north,2021,"Biography,Drama,History",6.6,3769
tt32592802,bougainvillea,2024,"Action,Crime,Mystery",6.4,3768
tt12483708,doors,2021,Sci-Fi,3.6,3768
tt7470414,neerali,2018,"Action,Adventure,Drama",4.4,3768
tt8242160,4l,2019,"Comedy,Drama",5.9,3768
tt11887316,the teacher who promised the sea,2023,"Biography,Drama",7.5,3766
tt7476438,14 cameras,2018,"Crime,Horror,Thriller",4.7,3763
tt8665634,qismat,2018,"Drama,Romance",8.1,3762
tt5643380,taekwondo,2016,"Comedy,Drama,Romance",6.5,3762
tt38504137,babo the haftbefehl story,2025,"Documentary,Music",7.2,3761
tt8764358,butchers,2020,"Horror,Thriller",4.6,3761
tt24227018,kather basha endra muthuramalingam,2023,"Action,Crime,Drama",4.4,3761
tt19838620,nandor fodor and the talking mongoose,2023,"Comedy,Mystery,Thriller",5.4,3760
tt10545696,maigret,2022,"Crime,Drama,Mystery",5.9,3759
tt8748608,vlad the impaler,2018,"Action,History,War",5.0,3758
tt6029122,sijjin 3 love,2016,Horror,6.0,3756
tt17321230,prom pact,2023,"Comedy,Family,Romance",6.4,3755
tt5629524,beyond the edge,2018,"Action,Adventure,Fantasy",4.5,3755
tt15121860,forensic,2022,"Crime,Thriller",6.3,3754
tt13654122,yaanai,2022,"Action,Drama,Romance",6.1,3750
tt28327244,detective karthik,2023,"Crime,Mystery,Thriller",6.7,3750
tt7436642,the last note,2017,"Drama,History,War",7.6,3747
tt6705640,trauma,2017,"Crime,Drama,Horror",4.7,3746
tt33500164,kalamkaval,2025,"Crime,Drama",7.2,3745
tt28479285,narivetta,2025,"Action,Drama,Thriller",6.5,3744
tt11028768,the people upstairs,2020,Comedy,6.6,3743
tt9427166,father there is only one,2019,"Comedy,Family",6.0,3742
tt6851066,filmworker,2017,"Biography,Documentary",7.4,3742
tt35410222,murmur,2025,"Horror,Thriller",4.0,3741
tt12408808,clairevoyant,2021,"Comedy,Drama",5.6,3740
tt14168394,agent game,2022,"Action,Thriller",4.1,3739
tt4591310,the monkey king 2,2016,"Action,Adventure,Fantasy",5.9,3739
tt9340916,she will,2021,"Drama,Horror,Mystery",5.5,3739
tt6059074,jomons gospels,2017,"Comedy,Drama",6.6,3739
tt1785288,an ordinary man,2017,"Drama,Thriller,War",5.7,3738
tt26744208,kaatera,2023,Action,7.2,3738
tt9735462,aline,2020,"Biography,Comedy,Drama",6.3,3738
tt6071534,gringo the dangerous life of john mcafee,2016,"Crime,Documentary",6.7,3737
tt8072400,hello guru prema kosame,2018,"Comedy,Romance",7.1,3736
tt11737772,chal mera putt 2,2020,Drama,8.4,3735
tt6096884,njandukalude naattil oridavela,2017,"Comedy,Drama,Family",7.1,3735
tt9112712,breaking fast,2020,"Comedy,Drama,Romance",6.7,3735
tt7339792,unbroken path to redemption,2018,"Biography,Drama,History",5.8,3735
tt13162144,kaanekkaane,2021,"Drama,Thriller",7.5,3734
tt6776106,and breathe normally,2018,Drama,7.0,3734
tt5918028,asura,2016,"Action,Crime,Thriller",6.7,3734
tt5752606,maze,2017,"Biography,Crime,Drama",5.9,3733
tt5377604,pitbull new orders,2016,"Action,Crime,Drama",6.4,3732
tt8108034,nota,2018,Drama,6.2,3729
tt6816070,hello,2017,"Action,Romance",7.4,3729
tt11084432,my heart cant beat unless you tell it to,2020,"Drama,Horror",6.0,3728
tt9562694,alien warfare,2019,"Action,Mystery,Sci-Fi",2.6,3727
tt5096536,heal the living,2016,Drama,6.8,3727
tt4875960,1 interrogation,2020,Crime,3.6,3727
tt18235146,club zero,2023,"Comedy,Drama,Thriller",5.8,3725
tt11138912,vickida no varghodo,2022,"Comedy,Drama",8.0,3725
tt5752360,the female brain,2017,Comedy,5.8,3723
tt14766956,godspeed,2022,"Action,Drama,War",6.5,3722
tt7516778,mca middle class abbayi,2017,"Action,Comedy",6.1,3722
tt6887248,bros,2017,Comedy,5.8,3722
tt7703924,infamous,2020,"Crime,Drama,Romance",4.4,3721
tt14061008,last train to christmas,2021,"Comedy,Drama,Fantasy",6.1,3720
tt6413410,vip,2017,"Action,Crime,Thriller",6.6,3719
tt8855960,straight up,2019,"Comedy,Romance",6.9,3718
tt17079358,i cant breathe god forgive them,2022,Drama,4.4,3717
tt7127700,bonehill road,2017,"Horror,Thriller",4.0,3716
tt8060774,15 minutes of war,2019,"Action,Drama,History",6.4,3715
tt5556784,kodi,2016,"Action,Drama,Thriller",6.7,3713
tt9105014,notebook,2019,Romance,7.1,3713
tt21434430,katips,2021,"Crime,Drama,History",5.7,3713
tt10329566,ricos de amor,2020,"Comedy,Romance",6.0,3712
tt22507484,target,2023,"Crime,Mystery,Thriller",6.4,3712
tt17202326,matriarch,2022,Horror,4.6,3711
tt4433646,terra formars,2016,"Action,Horror,Sci-Fi",4.7,3709
tt6915596,mayaanadhi,2017,"Drama,Romance",7.6,3707
tt5897292,i can quit whenever i want ad honorem,2017,"Action,Comedy",6.8,3707
tt14986224,taanakkaran,2022,"Drama,Sport",8.1,3705
tt32176689,my hero academia youre next,2024,"Action,Adventure,Animation",7.0,3705
tt13648270,anbarivu,2022,Drama,7.2,3704
tt6654316,youth,2017,"Drama,Romance,War",7.0,3702
tt7050946,american traitor the trial of axis sally,2021,"Drama,History,War",5.7,3702
tt5345298,patient seven,2016,"Fantasy,Horror,Mystery",5.0,3698
tt13545522,chatrapathi,2023,"Action,Drama",4.0,3697
tt28821588,the soul eater,2024,"Crime,Horror,Mystery",5.8,3696
tt16529222,special delivery,2022,"Action,Crime,Thriller",6.4,3695
tt4682780,josie,2018,"Drama,Thriller",5.2,3694
tt27757690,zebra,2024,"Action,Crime,Thriller",7.1,3694
tt28225049,girls on film,2023,"Drama,Romance",5.2,3693
tt14828040,spermageddon,2024,"Animation,Comedy,Musical",5.4,3692
tt24131288,cash out,2024,"Action,Thriller",4.8,3691
tt1996226,darling nikki,2019,Drama,2.6,3690
tt12724622,anelka misunderstood,2020,"Documentary,Sport",6.4,3689
tt8299654,at the heart of gold inside the usa gymnastics scandal,2019,"Crime,Documentary,Sport",8.0,3688
tt14935966,i love my dad,2022,"Comedy,Drama,Romance",6.3,3685
tt10329842,hero,2019,"Action,Crime,Drama",4.7,3684
tt13356884,yakuza and the family,2020,"Crime,Drama",7.1,3683
tt10315050,dampyr,2022,"Fantasy,Horror",5.3,3680
tt5127398,planet single,2016,"Comedy,Romance",6.8,3680
tt20258974,life,2023,Drama,7.1,3680
tt11151336,broadcast signal intrusion,2021,"Crime,Drama,Horror",5.4,3679
tt13650540,if you were the last,2023,"Comedy,Romance,Sci-Fi",6.4,3679
tt8708304,i trapped the devil,2019,"Horror,Mystery,Thriller",4.8,3678
tt6730898,lazer team 2,2017,"Action,Comedy,Sci-Fi",6.3,3677
tt2936390,battle drone,2018,"Action,Sci-Fi",4.9,3675
tt4940336,risen,2021,"Drama,Sci-Fi,Thriller",3.6,3674
tt13484872,stealing raden saleh,2022,"Action,Crime,Drama",7.3,3672
tt4384088,rage,2016,"Drama,Mystery,Thriller",7.0,3672
tt28856462,agak laen,2024,Comedy,7.6,3671
tt13758760,a stand worthy of men,2021,"Comedy,Drama",7.1,3671
tt5923026,marlina the murderer in four acts,2017,"Drama,Thriller,Western",6.9,3671
tt6078840,let me eat your pancreas,2017,"Drama,Romance",7.1,3670
tt8348022,skin walker,2019,"Drama,Horror,Mystery",4.1,3670
tt11656548,mother,2020,"Drama,Thriller",6.8,3670
tt13598976,the soul,2021,"Drama,Horror,Mystery",6.6,3669
tt8106596,the legend of cocaine island,2018,Documentary,6.4,3668
tt5702566,stasis,2017,"Adventure,Sci-Fi",3.0,3668
tt21215388,remembering gene wilder,2023,"Biography,Documentary",7.8,3665
tt8665746,rx 100,2018,Action,6.9,3662
tt31316096,hack your health the secrets of your gut,2024,Documentary,6.6,3662
tt13349892,kompromat,2022,"Drama,Thriller",6.4,3661
tt7019812,velaiilla pattadhari 2,2017,"Action,Comedy",5.4,3660
tt11448936,you know him,2020,"Biography,Comedy,Drama",6.7,3659
tt6433832,the tree of blood,2018,Drama,6.4,3658
tt6777370,the merciless,2017,"Action,Crime,Drama",6.8,3657
tt2024521,my name is lenny,2017,"Biography,Drama,Sport",6.1,3656
tt9135854,take the ball pass the ball the making of the greatest team in the world,2018,"Documentary,Sport",7.9,3656
tt13364790,hi mom,2021,"Comedy,Drama,Fantasy",6.9,3655
tt15010292,flux gourmet,2022,"Comedy,Drama,Horror",5.8,3654
tt12444440,the big hit,2020,"Comedy,Drama",7.0,3654
tt4712076,the long dumb road,2018,Comedy,6.1,3653
tt10229982,my first summer,2020,"Drama,Romance",6.7,3653
tt13622204,wildcat,2022,Documentary,7.7,3652
tt10888824,teddy,2021,"Action,Adventure,Fantasy",6.3,3651
tt11935566,smyrna,2021,"Drama,History,War",6.8,3650
tt5842890,jupiters moon,2017,"Drama,Fantasy,Mystery",6.1,3650
tt6289452,bad boy,2017,Romance,2.0,3649
tt12747588,meka suri,2020,"Crime,Thriller",6.4,3649
tt6953076,sheikh jackson,2017,Drama,6.9,3648
tt26676104,hammarskjöld fight for peace,2023,"Biography,Drama,History",6.5,3647
tt22889928,the radleys,2024,"Comedy,Horror",5.1,3647
tt3917506,benny loves you,2019,"Comedy,Horror,Thriller",5.6,3647
tt22987820,tillu square,2024,"Action,Comedy,Crime",6.6,3644
tt12758600,comedy couple,2020,"Comedy,Romance",7.3,3642
tt33245951,interrogation,2025,Thriller,7.1,3641
tt11310004,the first temptation of christ,2019,Comedy,5.0,3640
tt6028620,charlatan,2020,"Biography,Drama,History",6.8,3640
tt7752454,detective chinatown 2,2018,"Action,Comedy,Crime",6.1,3639
tt31078761,drawing closer,2024,"Drama,Romance",7.7,3639
tt6471684,operation carwash a worldwide corruption scandal made in brazil,2017,"Action,Crime,Thriller",6.4,3639
tt19267924,choose love,2023,"Comedy,Romance",5.0,3639
tt3894312,the remains,2016,"Horror,Thriller",3.7,3637
tt29923681,pradhan,2023,Drama,5.9,3632
tt7692822,driven,2019,"Comedy,Horror,Thriller",5.0,3631
tt13846402,the passengers of the night,2022,Drama,6.9,3631
tt8783532,school life,2019,"Comedy,Drama",6.5,3631
tt10516086,vernost,2019,Drama,5.7,3630
tt5952266,the ivory game,2016,Documentary,7.8,3629
tt18556326,awareness,2023,"Mystery,Sci-Fi,Thriller",5.4,3629
tt5679554,coffin 2,2017,"Crime,Horror,Thriller",3.2,3628
tt8188610,f2 fun and frustration,2019,Comedy,6.1,3626
tt35300972,honeymoon crasher,2025,Comedy,5.6,3625
tt9005662,excursion,2018,"Mystery,Sci-Fi,Thriller",4.7,3625
tt3143606,timecrafters the treasure of pirates cove,2020,"Adventure,Family,Fantasy",4.8,3624
tt8396492,the great indian road movie,2019,"Adventure,Drama,Family",8.2,3624
tt11766802,dance with me,2019,"Comedy,Drama,Fantasy",6.8,3623
tt14077516,shirley,2024,"Biography,Drama,History",6.2,3623
tt21819994,christopher,2023,"Action,Crime,Drama",5.9,3619
tt14988886,u turn,2023,"Crime,Drama,Horror",6.2,3619
tt16103606,irugapatru,2023,Drama,8.1,3619
tt5375040,cameraperson,2016,"Biography,Documentary,History",7.5,3616
tt5862902,yardie,2018,"Crime,Drama,Thriller",5.8,3616
tt7749142,die känguruchroniken,2020,Comedy,5.3,3616
tt5942864,styx,2018,"Action,Crime,Drama",6.5,3615
tt9095324,coldplay a head full of dreams,2018,"Documentary,Music",7.9,3614
tt6194530,ava,2017,"Drama,Romance",6.6,3613
tt15393650,bordertown the mural murders,2021,"Crime,Drama,Mystery",6.3,3613
tt11863046,the edge of all we know,2020,Documentary,6.6,3610
tt27191250,mechanic rocky,2024,"Action,Drama",6.3,3609
tt22505214,brave citizen,2023,"Action,Comedy,Drama",6.6,3606
tt6727296,bhaagamathie,2018,"Horror,Thriller",6.9,3606
tt31241595,zombies 4 dawn of the vampires,2025,"Adventure,Comedy,Family",5.5,3606
tt30400277,kiss of the spider woman,2025,"Drama,Musical",5.7,3605
tt27433995,jumbo,2025,"Adventure,Animation,Comedy",7.9,3605
tt4327752,lady bloodfight,2016,"Action,Crime,Drama",5.6,3605
tt5068650,the dark tapes,2016,"Horror,Mystery,Sci-Fi",4.6,3604
tt18317064,tori and lokita,2022,Drama,7.1,3604
tt17492148,psycho therapy the shallow tale of a writer who decided to write about a serial killer,2024,"Crime,Horror,Mystery",6.2,3604
tt28696532,a dogs will 2,2024,"Comedy,Drama,Fantasy",6.1,3603
tt5058340,death note light up the new world,2016,"Crime,Drama,Horror",5.7,3603
tt36351149,oklahoma city bombing american terror,2025,"Crime,Documentary",6.8,3602
tt3746824,sheep  wolves,2016,"Animation,Comedy,Family",5.8,3601
tt27219434,mem famous,2023,"Comedy,Drama,Romance",7.1,3600
tt12412166,venicephrenia,2021,Horror,5.2,3600
tt35727678,ek deewane ki deewaniyat,2025,"Drama,Romance,Thriller",4.6,3600
tt13430782,janeman,2021,Comedy,7.8,3600
tt8286894,rafiki,2018,"Drama,Romance",6.8,3600
tt8976696,percy vs goliath,2020,"Biography,Drama",6.4,3599
tt39049795,evil influencer the jodi hildebrandt story,2025,"Crime,Documentary",6.1,3599
tt29425792,home sweet home rebirth,2025,"Action,Horror,Mystery",4.2,3599
tt7018010,santa  cie,2017,"Comedy,Family,Fantasy",6.3,3598
tt12636872,karen,2021,"Crime,Drama,Thriller",3.2,3598
tt4213806,toro,2016,"Action,Crime,Drama",5.9,3598
tt11378264,mucho mucho amor the legend of walter mercado,2020,"Biography,Documentary",7.3,3597
tt5491920,sethupathi,2016,"Action,Crime,Drama",7.1,3597
tt14174168,gasoline alley,2022,"Action,Thriller",3.9,3597
tt5154466,bizans oyunlari geym of bizans,2016,"Comedy,History",3.8,3597
tt5668054,generational sins,2017,Drama,5.5,3597
tt15238986,plan a plan b,2022,"Comedy,Romance",4.6,3595
tt16826430,night call,2024,"Action,Thriller",6.7,3594
tt12519802,war of the worlds the attack,2023,"Horror,Sci-Fi,Thriller",3.2,3594
tt7109900,kavaludaari,2019,"Crime,Drama,Mystery",7.9,3593
tt7895904,family blood,2018,"Drama,Horror,Thriller",4.2,3591
tt5866930,the adventurers,2017,"Action,Adventure,Crime",5.6,3591
tt29550683,whistle,2025,Horror,5.4,3590
tt23770418,kaguyasama love is war  the first kiss that never ends,2022,"Animation,Comedy,Drama",8.5,3588
tt6913168,belleville cop,2018,"Comedy,Crime",5.1,3584
tt13515090,joyride,2022,"Comedy,Drama",6.2,3584
tt7319496,out stealing horses,2019,"Drama,Mystery",6.5,3584
tt28989465,ala ninnu cheri,2023,"Action,Romance",6.3,3584
tt5240732,hepta elmohadarah elakhirah,2016,"Drama,Romance",7.6,3583
tt14883538,arco,2025,"Adventure,Animation,Fantasy",7.3,3582
tt8406738,advantages of travelling by train,2019,"Comedy,Mystery,Thriller",6.4,3582
tt13161356,love me instead,2021,Drama,7.0,3582
tt5068162,sometimes always never,2018,"Comedy,Drama,Mystery",6.3,3581
tt11460818,helmet,2021,"Comedy,Drama",6.5,3577
tt10380900,petrovs flu,2021,"Drama,Sci-Fi",6.6,3576
tt20414642,a day and a half,2023,"Action,Drama,Thriller",5.8,3574
tt6676028,in a relationship,2018,"Comedy,Drama",5.5,3573
tt15764854,fireworks,2023,"Drama,Romance",7.6,3573
tt10545704,farewell mr haffmann,2021,Drama,7.1,3571
tt30580186,the old bachelor,2024,"Drama,Thriller",7.4,3568
tt10229598,the pickup game,2019,Documentary,6.7,3568
tt32127524,takintilar,2024,Comedy,5.4,3567
tt30908405,the last rodeo,2025,Drama,6.3,3567
tt25376056,keedaa cola,2023,"Action,Comedy,Crime",7.3,3567
tt12619462,the man in my basement,2025,"Mystery,Thriller",4.6,3566
tt7105944,theres no place like home,2018,"Comedy,Drama,Romance",6.1,3566
tt14064760,the southern chronicles,2024,"Comedy,Drama,Romance",8.5,3566
tt27525239,rudrangi,2023,"Action,Drama,Thriller",4.7,3566
tt9206562,make us dream,2018,"Biography,Documentary,Sport",7.9,3566
tt4807272,ruin me,2017,"Horror,Mystery,Thriller",5.2,3566
tt15576578,prince,2022,"Action,Drama,Romance",4.5,3564
tt6133444,the fire inside,2024,"Biography,Drama,Sport",6.7,3563
tt9032888,good sam,2019,"Comedy,Drama,Romance",5.8,3562
tt27561663,garudan,2024,Action,7.1,3560
tt23752132,pune highway,2024,"Drama,Thriller",7.4,3559
tt31049718,they called him mostly harmless,2024,"Crime,Documentary,Mystery",5.9,3559
tt6102396,kaalakaandi,2018,"Comedy,Thriller",6.3,3558
tt11151916,avarice,2022,"Action,Thriller",4.9,3558
tt26235412,shubh nikah,2023,"Comedy,Drama,Family",6.9,3557
tt6175078,luckkey,2016,"Action,Comedy,Crime",6.9,3557
tt4401006,eat locals,2017,"Action,Comedy,Horror",5.5,3557
tt6561576,bad candy,2020,"Horror,Thriller",4.1,3557
tt21741272,prem geet 3,2022,"Action,Romance",7.4,3557
tt12132908,chandramukhi 2,2023,"Action,Comedy,Drama",2.6,3554
tt5335774,the yellow tie,2025,"Adventure,Biography,Drama",8.9,3554
tt13648220,misha and the wolves,2021,"Documentary,Drama",6.6,3552
tt8092118,fatestay night heavens feel iii spring song,2020,"Action,Adventure,Animation",8.0,3552
tt9911196,the marriage escape,2020,"Comedy,Drama",7.4,3550
tt15502162,hindutva,2022,Drama,4.7,3550
tt10420532,ask tesadüfleri sever 2,2020,"Drama,Romance",7.1,3549
tt15891396,tiku weds sheru,2023,"Comedy,Drama,Romance",3.4,3548
tt27510682,antony,2023,"Action,Drama,Family",6.5,3547
tt10370116,single slipper size  7,2019,Drama,8.3,3546
tt29456689,ni main sass kuttni 2,2024,Comedy,3.7,3545
tt18550220,junkyard dog,2023,"Comedy,Drama",7.0,3543
tt8406660,inmate zero,2020,Horror,4.3,3543
tt29313285,little amélie or the character of rain,2025,"Animation,Family",7.5,3542
tt5040202,last seen in idaho,2018,"Action,Crime,Thriller",4.6,3542
tt6343058,oh lucy,2017,"Comedy,Drama,Romance",6.8,3542
tt5957584,girl in the box,2016,"Crime,Drama,Horror",6.2,3542
tt30516366,chime,2024,"Horror,Thriller",6.4,3541
tt4675030,great grand masti,2016,"Comedy,Drama,Fantasy",3.7,3541
tt27004148,grave torture,2024,"Drama,Horror,Thriller",6.1,3541
tt28023652,mayapetika,2023,"Comedy,Drama",5.8,3540
tt6820324,timmy failure mistakes were made,2020,"Adventure,Comedy,Drama",6.0,3539
tt5282006,the duelist,2016,"Action,Drama,Thriller",6.3,3539
tt8997134,after she wakes,2019,"Horror,Thriller",3.8,3538
tt7822758,kaadan,2021,"Action,Drama,Fantasy",7.5,3537
tt11833408,the minute you wake up dead,2022,"Crime,Drama,Mystery",4.5,3536
tt6051260,cruel peter,2019,Horror,4.5,3534
tt5186236,afterimage,2016,"Biography,Drama,History",7.0,3534
tt8910924,the nomads,2019,"Drama,Sport",6.4,3533
tt27717667,pedro páramo,2024,"Drama,Fantasy,Horror",6.3,3532
tt15257116,palm trees and power lines,2022,Drama,6.5,3532
tt33299083,madeas destination wedding,2025,"Comedy,Drama,Romance",5.1,3532
tt15403712,other peoples children,2022,"Comedy,Drama,Romance",6.8,3531
tt6185286,saving capitalism,2017,Documentary,6.8,3531
tt23049206,just the two of us,2023,"Drama,Thriller",6.5,3530
tt35231039,kokuho,2025,Drama,7.7,3528
tt10756184,saloum,2021,"Action,Horror,Thriller",6.1,3527
tt14666592,milli vanilli,2023,"Biography,Documentary,Music",7.5,3527
tt9110904,three floors,2021,Drama,6.4,3526
tt8196692,soul hunters,2019,"Action,Thriller",3.4,3526
tt8018008,bros last call,2018,Comedy,3.5,3524
tt8024712,yowis ben,2018,"Comedy,Music,Romance",7.3,3523
tt7340766,timestalker,2024,"Comedy,Drama,Fantasy",5.5,3522
tt12151820,the yinyang master,2021,"Action,Adventure,Drama",6.4,3521
tt11161374,beyond the law,2019,"Action,Crime,Thriller",3.6,3520
tt15296186,mira,2022,"Adventure,Drama,Sci-Fi",5.8,3519
tt12532368,chickenhare and the hamster of darkness,2022,"Adventure,Animation,Comedy",6.3,3518
tt28219494,her chapter 1,2023,"Crime,Drama,Thriller",6.2,3518
tt12459520,the claus family,2020,"Comedy,Family,Fantasy",5.6,3517
tt10151260,sons of rizk 2,2019,"Action,Comedy,Crime",7.1,3517
tt5907748,iceman,2017,"Adventure,Drama,Thriller",6.4,3515
tt5792472,take the 10,2017,Comedy,4.8,3515
tt8223844,modest heroes,2018,"Adventure,Animation,Family",6.6,3514
tt20256412,hard feelings,2023,Comedy,4.8,3514
tt9759978,the dude in me,2019,"Action,Comedy,Fantasy",6.9,3513
tt11924738,the perfect family,2021,Comedy,5.4,3513
tt34762360,10 dance,2025,"Drama,Romance",7.0,3512
tt12706836,shell,2024,"Comedy,Horror,Thriller",4.9,3512
tt13328800,girl picture,2022,"Drama,Romance",6.9,3512
tt11552344,murder at yellowstone city,2022,"Crime,Drama,Mystery",5.4,3511
tt30444418,santosh,2024,"Crime,Drama,Thriller",7.1,3511
tt16970976,battleground melbourne,2022,Documentary,5.8,3510
tt5481404,dead rising endgame,2016,"Action,Horror",4.8,3507
tt20865078,one and only,2023,"Comedy,Drama,Sport",6.7,3507
tt5804314,let there be light,2017,Drama,4.7,3505
tt11055922,fat fiction,2020,Documentary,7.7,3504
tt8191502,microhabitat,2017,"Drama,Romance",7.4,3502
tt23173980,eagle eyes,2024,"Action,Crime,Thriller",4.7,3501
tt5463152,barcode,2016,"Comedy,Crime,Drama",5.8,3501
tt5078326,irreplaceable,2016,"Comedy,Drama",6.5,3501
tt11559472,ali  ava,2021,"Drama,Romance",6.7,3500
tt27722375,between the temples,2024,Comedy,6.2,3500
tt5663990,zg80,2016,"Action,Comedy,Sport",7.0,3499
tt18315204,phenomena,2023,"Comedy,Horror",5.4,3499
tt6110504,becoming bond,2017,"Biography,Comedy,Documentary",7.5,3499
tt7662752,you go to my head,2017,"Drama,Mystery,Romance",6.5,3498
tt13065386,totally under control,2020,Documentary,7.6,3497
tt13382698,trigger point,2021,"Action,Mystery,Thriller",5.1,3496
tt10941528,under the riccione sun,2020,"Comedy,Drama,Romance",5.6,3496
tt35715953,urchin,2025,Drama,6.8,3496
tt6054290,soulmate,2016,"Drama,Romance",7.3,3495
tt3910736,gun shy,2017,"Action,Comedy,Thriller",4.1,3494
tt1609497,quasi,2023,"Comedy,Drama",5.3,3493
tt14989778,oke oka jeevitham,2022,"Drama,Sci-Fi,Thriller",7.8,3492
tt10148118,behind the line escape to dunkirk,2020,"Action,Drama,Sport",4.7,3490
tt10645682,the jack in the box,2019,Horror,4.3,3490
tt12908508,john luther,2022,"Crime,Mystery,Thriller",6.8,3490
tt7392244,kaybedenler kulübü yolda,2018,Drama,5.6,3488
tt4671326,prisoners daughter,2022,Drama,6.4,3487
tt5156274,cardboard gangsters,2017,"Crime,Drama",6.4,3487
tt6156138,37 seconds,2019,Drama,7.4,3487
tt5743656,phobia,2016,"Drama,Mystery,Thriller",6.8,3486
tt9348296,oh baby,2019,"Comedy,Drama,Fantasy",7.3,3486
tt9102084,fried barry,2020,"Comedy,Horror,Sci-Fi",5.6,3484
tt11199310,miss india,2020,Drama,3.9,3483
tt7765778,american wisper,2020,"Crime,Thriller",3.9,3482
tt17081088,spaghetti,2023,"Drama,Thriller",3.3,3482
tt33550069,good news,2025,"Action,Comedy,Crime",6.6,3480
tt28306747,head to head,2023,"Comedy,Thriller",6.0,3480
tt8892900,the miracle 2 love,2019,"Drama,History",7.3,3479
tt20724796,kerosene,2022,"Action,Crime,Drama",7.4,3476
tt6494052,nenu local,2017,"Action,Comedy,Romance",6.5,3476
tt3234084,i do until i dont,2017,Comedy,4.4,3473
tt7701808,the steam engines of oz,2018,"Adventure,Animation,Family",3.8,3473
tt29468874,beast of war,2025,"Action,Biography,Drama",5.4,3473
tt17538632,hot milk,2025,Drama,5.6,3472
tt28495028,naalkane aayama,2024,Horror,7.4,3471
tt4471388,survival game,2016,"Action,Sci-Fi,Thriller",4.2,3469
tt10196368,nothing compares,2022,"Biography,Documentary,Music",7.6,3469
tt10981304,sreekaram,2021,Drama,7.2,3469
tt7221772,seized,2020,"Action,Adventure,Thriller",5.3,3469
tt9202550,the toll,2020,"Horror,Thriller",5.3,3468
tt7149916,edge of fear,2018,Thriller,4.5,3466
tt10127562,dragon quest your story,2019,"Action,Adventure,Animation",6.5,3466
tt7280786,tik tik tik,2018,"Action,Adventure,Sci-Fi",5.8,3465
tt3457508,damascus cover,2017,"Mystery,Thriller",5.3,3463
tt11267076,dayi bir adamin hikayesi,2021,"Action,Adventure,Drama",6.2,3463
tt31702438,hello mummy,2024,Comedy,5.5,3463
tt8246392,get in,2019,"Drama,Horror,Thriller",5.6,3462
tt6340640,the wild boys,2017,"Adventure,Comedy,Drama",6.8,3461
tt6485304,quién te cantará,2018,"Drama,Music,Mystery",6.9,3460
tt6409762,big legend,2018,"Action,Adventure,Horror",4.7,3460
tt3885422,the spine of night,2021,"Action,Adventure,Animation",6.4,3460
tt12192654,planet of the humans,2019,Documentary,6.9,3460
tt27727074,ehrengard the art of seduction,2023,"Comedy,Drama,Romance",5.8,3459
tt6104058,im a killer,2016,"Crime,Drama,Mystery",6.9,3458
tt34058121,the lost children,2024,Documentary,7.0,3457
tt14989988,devil,2023,"Action,Drama,Thriller",6.5,3456
tt9362492,restore point,2023,"Crime,Drama,Sci-Fi",6.1,3456
tt9415108,the auschwitz report,2021,"Drama,History,War",6.6,3456
tt9172840,motichoor chaknachoor,2019,"Comedy,Romance",5.8,3456
tt29609422,death whisperer,2023,"Horror,Thriller",5.9,3456
tt15721088,high heat,2022,"Action,Comedy,Crime",4.9,3455
tt24852002,10 days of a bad man,2023,"Crime,Drama,Mystery",6.1,3455
tt6714432,the loud house movie,2021,"Adventure,Animation,Comedy",6.0,3455
tt7133754,killer sofa,2018,"Comedy,Fantasy,Horror",3.7,3455
tt5545674,the constitution,2016,"Comedy,Drama",7.7,3455
tt10920190,righteous villains,2020,"Crime,Thriller",3.3,3453
tt32129665,she walks in darkness,2025,"Drama,History,Thriller",6.6,3453
tt6699860,solo,2018,"Adventure,Biography,Drama",5.0,3453
tt15335282,the festival of troubadours,2022,Drama,5.8,3453
tt12546872,this little love of mine,2021,"Drama,Romance",5.4,3452
tt6741368,remi nobodys boy,2018,"Adventure,Drama,Family",7.1,3450
tt11276598,pets united,2019,"Adventure,Animation,Comedy",3.7,3449
tt6076366,aandavan kattalai,2016,Drama,8.0,3449
tt10091530,holiday rush,2019,"Comedy,Drama,Family",5.0,3449
tt13275740,kotthu,2022,"Drama,Thriller",6.3,3448
tt13660916,code name emperor,2022,"Drama,Thriller",5.8,3448
tt11154906,out of my league,2020,"Comedy,Drama,Romance",6.2,3447
tt7215444,the final year,2017,Documentary,6.6,3446
tt31648020,the last dance,2024,Drama,7.6,3445
tt6438840,howard lovecraft  the undersea kingdom,2017,"Adventure,Animation,Family",4.8,3445
tt10973118,netrikann,2021,"Crime,Drama,Mystery",5.8,3444
tt9063106,paskal,2018,"Action,Adventure,Drama",6.5,3444
tt9271850,the inheritance,2024,"Horror,Thriller",4.7,3443
tt15737898,blue giant,2023,"Animation,Drama,Music",7.8,3443
tt8019518,dead shot,2023,"Action,Adventure,Thriller",5.5,3443
tt6777056,closeness,2017,Drama,6.8,3443
tt5076792,trash fire,2016,"Comedy,Drama,Horror",5.8,3442
tt13616368,amerikatsi,2022,Drama,7.3,3442
tt6642396,jattu engineer,2017,Comedy,6.1,3442
tt28753528,miami bici 2,2023,Comedy,4.7,3441
tt10532840,who killed garrett phillips,2019,"Crime,Documentary,Mystery",7.3,3441
tt2395339,mothers and daughters,2016,Drama,4.9,3441
tt9520140,portrait of beauty,2019,"Drama,Horror,Thriller",6.3,3440
tt14463514,are you,2023,"Comedy,Romance",5.7,3439
tt6348410,hala,2019,Drama,6.3,3439
tt16160622,the goldman case,2023,"Crime,Drama,History",6.9,3439
tt10975604,the boy who killed my parents,2021,"Crime,Drama,Thriller",6.0,3438
tt36856306,trainwreck mayor of mayhem,2025,Documentary,6.2,3437
tt36856496,trainwreck the real project x,2025,Documentary,5.8,3437
tt28455891,ut69,2023,Drama,4.5,3437
tt14598598,aloners,2021,Drama,6.9,3437
tt14803538,the extortion,2023,"Crime,Thriller",6.6,3436
tt28566478,lover,2024,Drama,7.1,3436
tt3827684,the hollow,2016,"Crime,Drama,Mystery",4.7,3435
tt11448076,cliff walkers,2021,"Crime,Drama,Thriller",6.5,3435
tt12443930,love affairs,2020,"Comedy,Drama,Romance",6.9,3434
tt4189494,ordinary world,2016,"Comedy,Drama,Music",5.5,3433
tt17221298,unhuman,2022,"Comedy,Horror,Thriller",4.5,3433
tt4653586,the drowning,2016,"Drama,Mystery,Thriller",4.5,3433
tt11529348,5gang,2019,"Action,Comedy",2.0,3432
tt34964205,2000 meters to andriivka,2025,"Documentary,War",8.4,3431
tt28221135,bastar the naxal story,2024,"Action,Crime,Drama",6.4,3430
tt3910814,all we had,2016,Drama,6.0,3429
tt5256722,he even has your eyes,2016,Comedy,6.2,3428
tt6315750,cook up a storm,2017,"Comedy,Drama",6.3,3427
tt32539176,pravinkoodu shappu,2025,Thriller,6.6,3427
tt5237980,from vegas to macau iii,2016,"Comedy,Drama",2.6,3426
tt35918041,pelli kaani prasad,2025,Drama,9.0,3424
tt14132588,arena wars,2024,"Action,Comedy,Sci-Fi",5.0,3424
tt10253466,badland,2019,"Drama,Western",5.6,3422
tt9737688,friend zone,2019,"Comedy,Romance",7.2,3422
tt28075055,toby,2023,"Crime,Drama,Thriller",7.2,3421
tt9892094,mogul mowgli,2020,"Drama,Music",6.6,3420
tt3611266,bank chor,2017,"Action,Comedy,Thriller",6.0,3419
tt8426854,jalebi,2018,"Drama,Romance",6.1,3418
tt6229852,deli ask,2017,"Comedy,Romance",5.4,3418
tt11137920,garuda,2022,Drama,7.7,3417
tt2492344,division 19,2017,"Action,Sci-Fi,Thriller",3.5,3415
tt7858616,luz,2018,"Horror,Mystery,Thriller",5.4,3413
tt8386898,instinct,2019,"Drama,Mystery,Thriller",6.0,3413
tt14292086,nix,2022,"Drama,Fantasy,Horror",3.7,3411
tt30467885,goebbels and the führer,2024,"Biography,Drama,History",6.7,3411
tt7875464,the heiresses,2018,Drama,6.6,3409
tt31897917,the mehta boys,2024,Drama,7.1,3407
tt11937680,the velvet queen,2021,Documentary,7.8,3407
tt31712109,maruthi nagar subramanyam,2024,Comedy,7.7,3404
tt8205028,the story of my wife,2021,"Drama,History,Romance",6.2,3403
tt10893170,bhoomi,2021,Drama,4.7,3402
tt15558152,the visitor,2022,"Drama,Horror,Mystery",4.3,3401
tt35628886,chaos the manson murders,2025,"Crime,Documentary",5.7,3401
tt9779658,master cheng,2019,"Comedy,Drama,Romance",6.9,3400
tt19319352,mayhem,2023,"Action,Thriller",6.3,3399
tt10925852,a mouthful of air,2021,Drama,6.1,3398
tt14770620,one true loves,2023,"Comedy,Drama,Romance",5.5,3398
tt36293840,taandob,2025,"Action,Thriller",7.7,3398
tt7542576,all about nina,2018,Drama,6.2,3397
tt27491225,things will be different,2024,"Horror,Sci-Fi,Thriller",5.2,3397
tt21093976,national theatre live prima facie,2022,Drama,9.1,3396
tt8562562,innocent witness,2019,"Crime,Drama,Mystery",7.5,3396
tt33014233,gezhi town,2025,"Drama,War",7.4,3395
tt10555668,a hard place,2025,"Action,Horror,Thriller",5.7,3393
tt13485172,gaali sampath,2021,"Comedy,Drama",6.4,3393
tt17507018,lost in the stars,2022,"Crime,Drama,Mystery",6.5,3393
tt8284860,the huntress rune of the dead,2019,"Action,Drama,Fantasy",4.4,3393
tt4960934,emerald green,2016,"Adventure,Family,Fantasy",5.9,3392
tt9428746,aristotle and dante discover the secrets of the universe,2022,Drama,7.2,3391
tt4466894,sahara,2017,"Adventure,Animation,Comedy",5.5,3391
tt4540434,paradox,2016,"Action,Drama,Sci-Fi",4.6,3390
tt13432484,zeros and ones,2021,"Action,Adventure,Mystery",3.3,3389
tt3547306,cut throat city,2020,"Action,Crime,Drama",4.9,3389
tt9844938,onoda 10000 nights in the jungle,2021,"Adventure,Drama,History",7.2,3387
tt6890376,a day,2017,"Drama,Mystery,Thriller",6.8,3385
tt18626656,lie with me,2022,"Drama,Romance",7.5,3383
tt6710826,the jurassic games,2018,"Action,Horror,Sci-Fi",3.9,3383
tt6170506,beast of burden,2018,"Action,Crime,Drama",3.6,3382
tt12664618,sinkhole,2021,"Comedy,Drama",6.2,3381
tt6864864,bobby robson more than a manager,2018,"Documentary,Sport",8.1,3380
tt5088794,dogs,2016,"Drama,Thriller",7.0,3379
tt15019036,where the devil cant go he sends a woman,2022,"Comedy,Drama",4.6,3379
tt11377298,castle falls,2021,"Action,Drama,Thriller",5.3,3377
tt19369162,the puppetman,2023,"Horror,Thriller",5.2,3376
tt8959680,one second,2020,"Comedy,Drama,History",7.1,3376
tt9358228,untouchable,2019,"Biography,Crime,Documentary",6.7,3376
tt11348164,iké boys,2021,"Action,Adventure,Fantasy",5.2,3374
tt7363336,tea with the dames,2018,Documentary,7.4,3369
tt5892746,ezra,2017,"Horror,Mystery,Thriller",6.6,3368
tt15143222,my fake boyfriend,2022,"Comedy,Romance",5.3,3367
tt8676426,the fable,2019,"Action,Comedy",6.6,3367
tt5788136,the institute,2017,Thriller,4.2,3367
tt5890000,survival family,2016,"Adventure,Comedy,Family",7.2,3366
tt37740754,joto kando kolkatatei,2025,"Adventure,Mystery",6.0,3366
tt9048840,charm city kings,2020,Drama,6.6,3365
tt20114976,the sacrifice game,2023,"Horror,Thriller",5.4,3365
tt4606770,well,2016,"Action,Adventure,Drama",6.2,3365
tt11394200,welcome to chechnya,2020,Documentary,7.9,3363
tt4874350,shadow fighter,2017,Drama,5.6,3363
tt10442352,thelma the unicorn,2024,"Adventure,Animation,Comedy",5.8,3360
tt6273998,çakallarla dans 4,2016,Comedy,4.1,3360
tt14252742,one small story,2021,"Comedy,Drama",7.1,3360
tt20420316,gladbeck the hostage crisis,2022,"Crime,Documentary",7.5,3360
tt10358022,nightlife,2020,"Comedy,Romance",5.7,3359
tt1925493,random acts of violence,2019,Horror,5.2,3359
tt31050620,inheritance,2025,Thriller,5.7,3359
tt10611372,my mom is a character 3,2019,Comedy,7.1,3358
tt12598606,gunner,2024,"Action,Adventure,Thriller",3.1,3358
tt26474783,dead mail,2024,"Crime,Drama,Horror",6.0,3358
tt21151212,cult killer,2024,"Adventure,Crime,Drama",4.8,3358
tt9072746,simmer,2020,"Crime,Drama,Thriller",5.1,3358
tt5112622,cold war 2,2016,"Action,Crime,Drama",6.6,3357
tt11023732,virata parvam,2022,"Action,Drama,Romance",6.6,3357
tt5203824,a plastic ocean,2016,Documentary,7.9,3357
tt11162260,grafted,2024,"Drama,Horror,Romance",5.6,3357
tt27867635,hidimbha,2023,"Action,Drama",6.3,3356
tt34433451,lefter the story of the ordinarius,2025,"Biography,Drama,History",6.5,3355
tt6594758,kuttram 23,2017,"Action,Thriller",7.3,3355
tt6557704,ultra low,2018,Drama,5.7,3354
tt13322726,captain volkonogov escaped,2021,"Drama,Thriller",7.3,3352
tt18277182,girls will be girls,2024,"Drama,Romance",7.0,3352
tt31411349,colours of time,2025,"Comedy,Drama,Romance",7.2,3352
tt12971802,lucy and desi,2022,"Biography,Comedy,Documentary",7.7,3350
tt8602654,sarkari hi pra shale kasaragodu koduge ramanna rai,2018,Drama,8.7,3350
tt33270263,the surrender,2025,"Drama,Horror,Thriller",5.4,3350
tt27675583,almost cops,2025,"Action,Comedy,Crime",5.0,3349
tt37962245,little hearts,2025,"Comedy,Romance",7.6,3349
tt4720596,curvature,2017,"Mystery,Sci-Fi,Thriller",4.7,3349
tt17345904,jackson bazaar youth,2023,"Comedy,Drama,Family",6.3,3348
tt8108230,pokémon the movie the power of us,2018,"Action,Adventure,Animation",6.3,3348
tt6155374,redbad,2018,"Action,Drama,History",5.5,3348
tt30825000,nimma vasthugalige neeve javaabdaararu,2025,"Crime,Drama,Thriller",6.6,3347
tt23047172,too much love,2023,Comedy,4.0,3346
tt5233558,the death and life of marsha p johnson,2017,"Biography,Documentary",7.2,3345
tt8332666,tonedeaf,2019,"Comedy,Horror,Thriller",4.9,3345
tt6334884,hickok,2017,"Drama,Western",4.6,3345
tt0995854,a journal for jordan,2021,"Drama,Romance,War",6.0,3344
tt6183834,carbon,2017,"Crime,Thriller",6.5,3344
tt14554338,cinema bandi,2021,"Comedy,Drama",7.8,3342
tt15721650,the quintessential quintuplets movie,2022,"Animation,Comedy,Drama",7.4,3341
tt9389916,digger,2020,Drama,7.3,3341
tt17069062,craving,2023,"Crime,Horror,Thriller",4.3,3341
tt16527824,warhorse one,2023,"Action,Drama,War",5.4,3340
tt12282598,intuition,2020,"Crime,Drama,Mystery",5.6,3339
tt7097772,resistance is life,2017,Documentary,7.4,3339
tt27714840,classified,2024,"Action,Mystery,Thriller",3.7,3337
tt7253506,joan didion the center will not hold,2017,"Biography,Documentary",7.5,3337
tt22001304,adagio,2023,"Action,Crime,Thriller",6.6,3336
tt30818546,hridayapoorvam,2025,"Drama,Romance",6.7,3335
tt23475032,joe,2023,"Drama,Romance",7.4,3331
tt11423784,the disciple,2020,"Drama,Music",7.1,3331
tt21195548,buba,2022,"Comedy,Crime,Drama",5.9,3331
tt10208194,family romance llc,2019,Drama,6.7,3330
tt4827922,the parts you lose,2019,"Crime,Drama,Thriller",5.8,3328
tt2606314,unthinkable,2019,"Mystery,Thriller",5.1,3328
tt12847812,everything went fine,2021,Drama,6.8,3328
tt14195192,puzhu,2022,"Drama,Thriller",6.2,3327
tt11165716,north hollywood,2021,"Comedy,Drama,Sport",5.9,3324
tt15816392,monster,2022,"Action,Adventure,Crime",4.4,3323
tt14031338,language lessons,2021,"Comedy,Drama",7.1,3323
tt11771006,birds of paradise,2021,Drama,5.9,3321
tt10627548,christmas on the square,2020,"Comedy,Family,Musical",5.2,3321
tt9598214,naked singularity,2021,"Comedy,Crime,Drama",4.9,3320
tt6522668,diamantino,2018,"Comedy,Drama,Fantasy",6.3,3319
tt3582020,jawbone,2017,"Action,Drama,Sport",6.5,3319
tt30454120,palayam pc,2024,"Drama,Family",7.4,3318
tt10264340,light from the tower,2020,"Comedy,Drama,Mystery",2.4,3318
tt27328206,skanda the attacker,2023,"Action,Drama,Romance",4.2,3318
tt29456979,little hearts,2024,"Comedy,Drama,Romance",5.9,3317
tt7175992,schools out,2018,"Drama,Mystery,Thriller",6.4,3315
tt8364138,stage mother,2020,"Comedy,Drama,Music",6.6,3314
tt11893676,lord of misrule,2023,Horror,5.3,3314
tt6039284,food choices,2016,Documentary,7.2,3313
tt6869538,detective dee the four heavenly kings,2018,"Action,Adventure,Drama",6.3,3313
tt10235718,love weddings  other disasters,2020,"Comedy,Romance",4.9,3313
tt10077034,twist,2021,"Action,Drama,Thriller",4.2,3312
tt12264966,notredame on fire,2022,"Drama,Thriller",6.4,3310
tt3014910,finding altamira,2016,"Biography,Drama,History",6.0,3310
tt28313478,the vourdalak,2023,"Drama,Fantasy,Horror",6.5,3310
tt10132196,zenek,2020,"Biography,Music",2.7,3310
tt4444438,as you are,2016,"Drama,Mystery",6.6,3309
tt10713340,held,2020,"Horror,Mystery,Thriller",5.3,3308
tt6854248,perfect bid the contestant who knew too much,2017,"Documentary,History",6.5,3308
tt5818818,the divine order,2017,"Comedy,Drama",7.1,3306
tt7871636,deliha 2,2018,Comedy,4.7,3303
tt11426546,ides idem,2019,"Adventure,Comedy",3.4,3302
tt27837488,unknown cosmic time machine,2023,Documentary,7.2,3302
tt5097070,dancer,2016,"Biography,Documentary",7.8,3302
tt6238896,earth one amazing day,2017,"Documentary,Family",7.8,3301
tt15292474,rudra thandavam,2021,"Action,Drama",5.5,3300
tt11433906,winner,2024,"Adventure,Biography,Comedy",6.5,3300
tt6275154,11m terror in madrid,2022,Documentary,7.0,3298
tt14849038,vendetta,2022,"Action,Thriller",3.8,3298
tt17717416,bad genius,2024,"Crime,Drama,Thriller",6.3,3297
tt12482898,attica,2021,"Documentary,History",7.5,3295
tt5497458,the watcher,2016,"Horror,Thriller",5.4,3292
tt15516546,ela veezha poonchira,2022,"Crime,Mystery,Thriller",7.3,3292
tt31189901,the truth vs alex jones,2024,"Biography,Crime,Documentary",7.4,3289
tt22075376,milk  serial,2024,"Horror,Thriller",6.6,3289
tt9048802,father,2020,Drama,7.6,3288
tt5959700,thodari,2016,"Action,Adventure,Comedy",6.0,3288
tt10375094,pada,2022,"Crime,Drama,Thriller",7.8,3288
tt10563420,the deeper you dig,2019,"Drama,Horror",5.7,3287
tt3268850,unrest,2017,"Documentary,Drama,History",7.5,3287
tt3226786,bigger,2018,"Biography,Drama,Sport",6.4,3287
tt32378300,summer of 69,2025,"Comedy,Drama",5.8,3286
tt6909846,the originals,2017,"Drama,Mystery,Thriller",6.9,3286
tt5224012,kiss and cry,2017,"Biography,Drama,Music",6.7,3286
tt6157626,legend of the demon cat,2017,"Adventure,Drama,Family",6.2,3285
tt4410000,luis and the aliens,2018,"Adventure,Animation,Comedy",6.0,3285
tt10692888,ponmagal vandhal,2020,"Drama,Thriller",6.7,3285
tt4693612,mr stein goes online,2017,"Comedy,Romance",6.3,3285
tt15203944,behind someone,2022,"Crime,Thriller",7.5,3283
tt11136276,azor,2021,"Drama,Thriller",6.5,3283
tt6164762,the delinquent season,2018,"Drama,Romance",6.4,3282
tt4632316,gleason,2016,"Biography,Documentary",8.3,3282
tt15119154,life of crime 19842020,2021,"Biography,Crime,Documentary",8.4,3282
tt6918220,the shiny shrimps,2019,"Comedy,Drama,Sport",6.5,3280
tt9733388,sublet,2020,"Comedy,Drama,Romance",7.0,3280
tt35955855,con mum,2025,"Crime,Documentary",6.6,3278
tt5012320,out of my mind,2024,Drama,7.4,3277
tt8829128,torpedo,2019,"Action,Adventure,History",5.9,3276
tt32743167,carved,2024,"Comedy,Horror",4.4,3273
tt31015216,dahomey,2024,Documentary,6.7,3272
tt9050898,murder to mercy the cyntoia brown story,2020,Documentary,6.4,3270
tt9663702,the secret men club,2019,Comedy,6.5,3270
tt8106576,the bleeding edge,2018,Documentary,7.6,3270
tt30810787,dreams,2024,"Comedy,Drama,Romance",7.2,3268
tt4060866,code of honor,2016,"Action,Crime,Thriller",4.1,3268
tt3006472,edge of the world,2021,"Adventure,Drama",5.4,3268
tt9597838,shock wave 2,2020,"Action,Crime,Thriller",6.5,3268
tt12862042,jogira sara ra ra,2023,"Comedy,Drama,Family",6.5,3268
tt2370230,all summers end,2017,"Drama,Romance",6.1,3267
tt5740852,all creatures here below,2018,"Crime,Drama,Romance",5.9,3266
tt11398346,strawberry mansion,2021,"Adventure,Fantasy,Romance",6.5,3264
tt29429288,neethone nenu,2023,"Drama,Mystery,Romance",5.7,3261
tt9558468,ismart shankar,2019,"Action,Sci-Fi",5.4,3261
tt9135260,dark light,2019,"Horror,Mystery,Sci-Fi",4.5,3261
tt11941800,mascarpone,2021,"Comedy,Drama,Romance",6.8,3261
tt9253618,zebra girl,2021,"Mystery,Thriller",4.9,3261
tt15768294,banaras,2022,Romance,6.2,3260
tt5521550,dirty 30,2016,Comedy,5.5,3258
tt15395702,yemaipothaney,2022,Drama,7.7,3258
tt4686862,almost adults,2016,"Comedy,Drama",5.6,3257
tt13615386,ariana grande excuse me i love you,2020,"Documentary,Music",6.4,3257
tt21391242,confidential informant,2023,"Action,Crime,Drama",3.8,3257
tt15163636,veeran,2023,"Action,Drama,Fantasy",7.2,3256
tt10623524,chal mera putt,2019,"Comedy,Drama",7.5,3256
tt4250566,fog in august,2016,"Drama,History,War",7.3,3253
tt14895216,ghost mansion,2021,"Horror,Mystery,Thriller",6.0,3252
tt5974388,in between,2016,Drama,7.3,3250
tt4627352,shepherds and butchers,2016,"Crime,Drama,Mystery",6.8,3250
tt10204940,spread your wings,2019,"Adventure,Drama,Family",7.3,3249
tt21059394,lover,2022,"Drama,Romance",6.9,3247
tt11915042,18 pages,2022,Romance,7.1,3246
tt27687877,marakkuma nenjam,2024,Drama,5.2,3244
tt10189536,barbarians,2021,"Crime,Horror,Thriller",4.7,3244
tt6672082,requiem for a fighter,2018,Drama,4.2,3243
tt32220386,faye,2024,"Biography,Documentary",7.1,3243
tt32553846,miss you,2024,Romance,6.1,3242
tt14696284,better nate than ever,2022,"Comedy,Drama,Family",6.4,3239
tt15310188,jetty,2022,"Action,Drama,Family",6.3,3236
tt16453244,how i fell in love with a gangster,2022,"Crime,Drama",6.1,3236
tt3893280,the ticket,2016,Drama,5.4,3235
tt10731748,airplane mode,2020,"Comedy,Drama,Family",5.2,3235
tt6685476,moon rock for monday,2020,"Adventure,Drama",6.5,3235
tt9392248,the best years,2020,Drama,6.7,3234
tt5749596,the image book,2018,"Documentary,Drama,Horror",6.2,3233
tt6892206,naples in veils,2017,"Drama,Mystery,Romance",5.8,3232
tt10430850,rushed,2021,"Crime,Drama,Mystery",5.7,3232
tt8548792,the dawnseeker,2018,"Action,Fantasy,Sci-Fi",2.9,3228
tt9185316,i am woman,2019,"Biography,Drama,Music",6.6,3228
tt6708044,the tribe,2018,"Comedy,Music",5.8,3227
tt5748380,sen benim herseyimsin,2016,Comedy,6.2,3226
tt7897102,og,2018,Drama,6.2,3225
tt8023734,kadaikutty singam,2018,"Action,Drama",6.8,3224
tt21296906,achena uttam,2022,"Biography,Drama",8.3,3224
tt15715122,dybbuk the curse is real,2021,"Drama,Horror",5.1,3222
tt13273728,colors of love,2021,"Drama,Romance",5.6,3221
tt5328602,hell trip,2018,"Horror,Thriller",4.0,3221
tt15895490,black lotus,2023,"Action,Drama,Thriller",4.4,3221
tt27651767,leader amie bangladesh,2023,"Action,Drama",7.7,3221
tt6690004,the freshmen,2018,"Comedy,Drama",6.6,3220
tt3726012,mastizaade,2016,Comedy,2.5,3220
tt6444140,time share,2018,"Drama,Mystery,Thriller",5.9,3219
tt11250720,one,2021,"Drama,Thriller",6.2,3216
tt5826432,burning sands,2017,Drama,6.0,3215
tt29031019,love reset,2023,"Comedy,Romance",6.7,3215
tt5966602,the factory,2018,"Crime,Drama,Thriller",6.7,3214
tt5452210,moby doc,2021,"Biography,Documentary,Music",6.6,3213
tt10589914,the forest of love,2019,"Crime,Drama,Horror",6.2,3213
tt5033290,trench 11,2017,"Horror,Thriller,War",5.4,3213
tt8561690,4x4,2019,"Crime,Thriller",5.7,3211
tt15551346,the end,2024,"Drama,Fantasy,Musical",5.4,3211
tt6211538,the patrol 2,2017,"Comedy,Drama",4.6,3210
tt17067574,cold meat,2023,Thriller,5.3,3210
tt6405208,mufti,2017,"Action,Drama,Thriller",7.8,3210
tt5719786,never hike alone,2017,"Horror,Thriller",6.8,3209
tt15477042,waitress the musical,2023,"Comedy,Drama,Musical",7.8,3208
tt8651780,project dorothy,2024,"Horror,Sci-Fi,Thriller",3.8,3208
tt2249081,the forgiven,2017,"Drama,Thriller",6.0,3207
tt33298502,black,2024,"Horror,Mystery,Sci-Fi",7.1,3207
tt10196142,rahman 1400,2019,"Comedy,Drama",4.5,3205
tt10312668,tell no one,2019,Documentary,8.2,3204
tt20201212,alienoid the return to the future,2024,"Action,Fantasy,Sci-Fi",6.5,3203
tt5723056,capital in the twentyfirst century,2019,Documentary,7.3,3203
tt31958285,kudumbasthan,2025,"Comedy,Drama",7.3,3202
tt23644098,cheppalani undhi,2022,"Action,Comedy,Drama",5.4,3202
tt5376232,jacobs kingdom of heaven,2016,"Biography,Drama,Family",7.7,3202
tt5943306,freaky ali,2016,"Comedy,Sport",5.0,3202
tt23146644,latency,2024,"Action,Horror,Sci-Fi",4.2,3202
tt25869142,disquiet,2023,"Horror,Mystery,Thriller",3.8,3201
tt11802992,given,2020,"Animation,Drama,Music",7.7,3201
tt6895746,bomb scared,2017,Comedy,5.7,3201
tt11464016,gunda,2020,Documentary,7.1,3200
tt15022184,royalteen,2022,"Drama,Romance",5.3,3200
tt4373956,clair obscur,2016,Drama,6.4,3200
tt5348236,the midwife,2017,Drama,6.7,3199
tt6095090,the bride,2017,"Drama,Horror,Mystery",4.6,3199
tt10147580,three wishes for cinderella,2021,"Family,Fantasy,Romance",5.8,3198
tt6340500,inuyashiki,2018,"Action,Drama,Mystery",6.6,3197
tt27411270,a part of you,2024,Drama,5.8,3197
tt3230660,cardboard boxer,2016,Drama,6.4,3196
tt27078772,lewis capaldi how im feeling now,2023,"Documentary,Music",7.3,3196
tt7798644,judy  punch,2019,"Comedy,Crime,Drama",6.1,3196
tt5378092,the stolen princess,2018,"Animation,Comedy,Family",6.0,3195
tt33541739,casatoria,2024,Comedy,6.3,3194
tt23490586,amigos,2023,"Action,Crime,Thriller",5.9,3194
tt8992946,cargo,2019,"Drama,Fantasy,Sci-Fi",5.6,3194
tt13889602,last survivors,2021,"Crime,Thriller",5.0,3194
tt4441150,salt and fire,2016,"Action,Adventure,Drama",4.2,3194
tt8696440,sibel,2018,Drama,6.8,3194
tt29603375,uppercut,2025,"Drama,Thriller",5.1,3194
tt8769032,the hows of us,2018,"Comedy,Drama,Romance",6.9,3193
tt3135556,jimmy vestvood amerikan hero,2016,Comedy,5.1,3193
tt35340614,the blue trail,2025,"Drama,Sci-Fi",7.1,3192
tt14141184,yesterdays past,2021,Drama,7.7,3192
tt30149921,lohusa,2024,Comedy,5.4,3190
tt3334418,living among us,2018,"Comedy,Fantasy,Horror",5.3,3189
tt9495690,pagalpanti,2019,"Action,Comedy",3.4,3188
tt10735686,toxikoma,2021,"Biography,Drama",7.0,3188
tt11225756,the lost leonardo,2021,"Documentary,Mystery",7.5,3187
tt8148018,the accountant of auschwitz,2018,"Biography,Crime,Documentary",7.3,3187
tt4225012,a little white lie,2023,Comedy,5.9,3187
tt32089590,bhale unnade,2024,Comedy,9.0,3185
tt0493076,nina,2016,"Biography,Drama,Music",5.4,3185
tt17660740,the pez outlaw,2022,"Comedy,Documentary,Family",6.9,3185
tt7046974,swing kids,2018,"Drama,Musical,War",7.5,3185
tt11390442,betrayed,2020,"Drama,History,War",7.1,3184
tt5697870,lucknow central,2017,"Action,Drama,Music",6.2,3182
tt2312184,all about the money,2017,"Action,Adventure,Comedy",5.1,3181
tt16375952,dangerous game the legacy murders,2022,"Horror,Mystery,Thriller",4.5,3180
tt5340882,zoombies,2016,"Action,Adventure,Comedy",3.4,3179
tt13067292,rogue hostage,2021,"Action,Thriller",3.5,3178
tt5610626,dragonheart battle for the heartfire,2017,"Action,Adventure,Drama",5.3,3178
tt11952606,easter sunday,2022,Comedy,5.3,3178
tt38745413,thadai athai udai,2025,Drama,6.7,3177
tt5599818,ember,2016,Drama,6.4,3177
tt21042588,ginna,2022,"Comedy,Drama,Thriller",4.6,3177
tt3767278,bayou caviar,2018,"Crime,Mystery,Thriller",4.6,3176
tt10241772,dakota,2022,"Drama,Family",5.3,3175
tt11166002,stanley stanton,2019,Drama,3.9,3174
tt6527586,close enemies,2018,"Drama,Thriller",6.4,3174
tt4687464,transpecos,2016,Thriller,5.8,3173
tt28252641,krishnam pranaya sakhi,2024,Comedy,7.3,3173
tt12857614,love life  pakodi,2021,Romance,5.4,3172
tt21352380,a difficult year,2023,Comedy,6.0,3170
tt5457840,krishna gaadi veera prema gaadha,2016,"Comedy,Romance,Thriller",7.4,3170
tt4715356,money,2016,"Crime,Mystery,Thriller",5.5,3170
tt17348060,diabolic,2025,Horror,5.6,3168
tt28351127,swag,2024,"Comedy,Drama",7.3,3168
tt7161122,meesaya murukku,2017,"Biography,Comedy,Drama",7.6,3168
tt27708700,air force one down,2024,"Action,Thriller",4.5,3167
tt8186932,mom mothers of monsters,2020,"Drama,Horror,Thriller",5.8,3166
tt6612946,changeland,2019,"Comedy,Drama",5.7,3166
tt9144672,kafalar karisik,2018,Comedy,3.0,3166
tt27548083,poisoned the dirty truth about your food,2023,Documentary,6.8,3165
tt4949112,touch me not,2018,Drama,5.5,3165
tt6937368,the lift boy,2019,"Comedy,Drama",7.2,3164
tt8335880,loro 2,2018,Biography,7.0,3164
tt37660887,coverup,2025,Documentary,7.5,3164
tt9248110,blood and money,2020,"Drama,Thriller",5.3,3164
tt5238240,the stronghold,2017,"Adventure,Fantasy",6.3,3163
tt5431600,the black room,2017,"Comedy,Horror",3.4,3163
tt27369902,dagr,2024,"Horror,Thriller",4.3,3163
tt13975458,cube,2021,"Horror,Mystery,Sci-Fi",4.5,3162
tt20413120,suraapanam,2022,Drama,7.1,3161
tt7231572,not cinderellas type,2018,"Drama,Romance",6.2,3161
tt9430780,bell bottom,2019,"Comedy,Drama,Thriller",8.1,3160
tt9411866,the roads not taken,2020,Drama,5.2,3160
tt29625386,kapkapiii,2025,"Comedy,Horror",6.0,3159
tt7588752,the problem with apu,2017,Documentary,3.8,3157
tt29959142,committee kurrollu,2024,Drama,8.0,3157
tt13086130,soulmate,2023,"Drama,Romance",7.4,3156
tt36856482,trainwreck the cult of american apparel,2025,Documentary,6.1,3156
tt6078866,soni,2018,"Crime,Drama",7.1,3155
tt6802896,a ciambra,2017,"Crime,Drama",6.9,3154
tt23319892,french girl,2024,"Comedy,Romance",5.5,3153
tt10540510,inuoh,2021,"Animation,Drama,Fantasy",7.1,3152
tt8236366,the shed,2019,"Drama,Horror",4.9,3152
tt8485772,porno,2019,"Comedy,Horror",5.1,3151
tt36575995,kadukka,2025,Comedy,7.2,3149
tt18077924,poolman,2023,"Comedy,Mystery",4.0,3149
tt10545076,bring the soul the movie,2019,"Documentary,Music",8.4,3148
tt27208639,ek kori prem katha,2024,Drama,6.0,3148
tt9217296,donnys bar mitzvah,2021,"Comedy,Drama",5.7,3147
tt15829724,the locksmith,2023,"Action,Crime,Mystery",4.9,3146
tt31032711,squad 36,2025,"Crime,Drama,Thriller",5.5,3145
tt10443252,ecco,2019,"Crime,Drama,Thriller",4.4,3145
tt22203026,the angel maker,2023,"Crime,Horror,Thriller",5.3,3144
tt27695005,river,2023,"Comedy,Fantasy,Sci-Fi",6.8,3144
tt8458202,pihu,2016,"Drama,Thriller",6.7,3143
tt15388610,zoeys extraordinary christmas,2021,"Comedy,Drama,Fantasy",7.1,3143
tt13686748,sin,2021,Horror,2.6,3142
tt4662396,sable,2017,"Crime,Drama,Mystery",3.8,3141
tt16301164,this time next year,2024,"Comedy,Romance",5.6,3141
tt5481184,league of gods,2016,"Action,Fantasy",4.5,3140
tt5239942,heal,2017,Documentary,7.0,3140
tt35519455,it ends,2025,"Fantasy,Horror,Sci-Fi",5.7,3139
tt8260226,an impossible love,2018,"Biography,Drama,Romance",7.0,3139
tt28743776,parakramam,2024,Drama,5.8,3138
tt8108208,why cheat india,2019,"Comedy,Crime,Drama",6.1,3137
tt4269118,seven in heaven,2018,"Drama,Horror,Mystery",5.4,3136
tt6401004,dead shack,2017,"Action,Comedy,Horror",5.5,3136
tt7535964,hot sweet sour,2017,"Drama,Romance",6.0,3135
tt11328762,wild men,2021,"Adventure,Comedy,Crime",6.4,3135
tt11486994,incision,2020,"Horror,Thriller",3.8,3133
tt26674818,tatami,2023,"Action,Drama,Sport",7.4,3133
tt35157624,vaaradhi,2024,Drama,8.8,3132
tt31308201,tinsel town,2025,Comedy,5.3,3132
tt10518176,padavettu,2022,"Action,Drama,Thriller",6.8,3131
tt34057707,gandhi tatha chettu,2025,Drama,9.0,3131
tt8529186,hello mr billionaire,2018,Comedy,6.2,3130
tt8479346,hinsdale house,2019,Horror,2.9,3130
tt5131906,fender bender,2016,"Horror,Thriller",4.9,3129
tt7868082,charming the hearts of men,2021,"Drama,History,Romance",6.3,3129
tt12907978,two types of people,2020,Drama,6.9,3129
tt6838918,vault,2019,"Action,Crime,Drama",5.5,3129
tt21108804,phule,2025,Biography,8.1,3128
tt20853816,the mean one,2022,"Comedy,Horror",4.0,3128
tt10945274,vicky and her mystery,2021,"Adventure,Drama,Family",6.3,3126
tt7133554,silent night,2017,"Comedy,Drama",7.2,3126
tt6776462,a man of integrity,2017,Drama,7.2,3125
tt5785116,begum jaan,2017,"Action,Drama,History",5.6,3124
tt37671707,not all movies are the same dual,2025,"Horror,Mystery,Sci-Fi",8.2,3123
tt27721079,voy voy voy,2023,"Comedy,Drama,Sport",7.5,3122
tt22257924,stormskerry maja,2024,Drama,7.6,3122
tt6718730,born a king,2019,"Drama,History",7.3,3122
tt34000241,mannu kya karegga,2025,"Drama,Romance",9.5,3122
tt28671146,blue lock episode nagi,2024,"Animation,Drama,Sport",6.6,3121
tt27411198,garudan,2023,"Crime,Thriller",7.3,3121
tt3986420,trust,2021,"Drama,Romance,Thriller",5.3,3120
tt7233828,the system,2018,"Drama,Mystery,Thriller",4.4,3120
tt6053472,the toybox,2018,Horror,3.8,3120
tt11905514,kubrick by kubrick,2020,Documentary,7.1,3119
tt8822402,remember us,2018,Drama,7.3,3119
tt28306789,raju gari ammayi naidu gari abbayi,2024,"Action,Romance,Thriller",8.2,3118
tt4557208,armed response,2017,"Action,Horror,Thriller",3.7,3118
tt3072732,jim button and luke the engine driver,2018,"Adventure,Family,Fantasy",6.3,3118
tt13372992,bingo hell,2021,"Comedy,Horror",4.3,3117
tt36598036,dead to rights,2025,"Drama,History,War",7.7,3117
tt7537738,mamangam history of the brave,2019,"Action,Drama,History",5.2,3115
tt13298992,nizhal,2021,"Drama,Mystery,Thriller",6.3,3113
tt5848416,walk ride rodeo,2019,"Biography,Drama,Sport",6.5,3112
tt8364418,adanga maru,2018,"Action,Crime,Drama",7.1,3112
tt5686062,boundaries,2018,"Comedy,Drama",5.8,3111
tt35076553,inspector zende,2025,"Comedy,Crime",5.8,3111
tt5716380,thumper,2017,"Crime,Drama,Thriller",5.8,3109
tt11316824,happy old year,2019,"Drama,Romance",7.2,3109
tt38984577,murder in monaco,2025,"Crime,Documentary",6.5,3109
tt7029854,the mansion,2017,"Comedy,Horror",4.6,3108
tt3268340,crown heights,2017,"Biography,Crime,Drama",6.7,3108
tt27726727,harom hara,2024,"Action,Crime,Drama",6.6,3108
tt7329642,the banishing,2020,"Horror,Mystery,Thriller",4.5,3107
tt35694565,single,2025,Romance,6.2,3105
tt5740806,coin heist,2017,"Crime,Drama,Romance",4.8,3104
tt14090476,sarsenapati hambirrao,2022,"Action,Drama,History",8.9,3104
tt8814500,cryo,2022,"Mystery,Sci-Fi,Thriller",4.1,3104
tt9489598,our ladies,2019,"Comedy,Drama",6.7,3103
tt32080090,sarangadhariya,2024,Action,8.3,3103
tt14490618,ba pass 3,2021,"Drama,Romance",4.7,3102
tt11056910,the stylist,2020,"Drama,Horror",5.6,3102
tt15538570,johnny,2022,"Biography,Drama",7.1,3102
tt6497898,in syria,2017,"Drama,War",7.1,3102
tt13623880,night at the museum kahmunrah rises again,2022,"Adventure,Animation,Comedy",5.0,3101
tt15567704,salaam venky,2022,Drama,6.7,3099
tt5999530,before we vanish,2017,"Drama,Sci-Fi",6.2,3098
tt5613018,darkgame,2024,"Horror,Thriller",4.6,3098
tt9564270,a christmas gift from bob,2020,"Drama,Family",6.4,3097
tt11535358,family camp,2022,"Comedy,Family",4.8,3097
tt12757372,red,2022,Horror,2.8,3097
tt11101698,dancing with the birds,2019,Documentary,8.2,3096
tt11454320,offseason,2021,"Drama,Fantasy,Horror",4.9,3095
tt4545630,sardaar gabbar singh,2016,"Action,Comedy",4.6,3094
tt13904644,spiderman lotus,2023,"Drama,Sci-Fi",3.1,3094
tt8750702,rewind,2019,"Biography,Documentary",7.9,3094
tt8399658,daliland,2022,"Biography,Drama",5.9,3093
tt6221000,godha,2017,"Comedy,Drama,Sport",7.5,3093
tt6333074,last men in aleppo,2017,"Documentary,War",7.4,3093
tt22037984,silver and the book of dreams,2023,"Drama,Fantasy,Romance",5.5,3092
tt11394276,assassins,2020,"Biography,Documentary",7.5,3092
tt4374286,monstrum,2018,"Action,Fantasy,Horror",6.1,3090
tt4042994,if cats disappeared from the world,2016,"Drama,Fantasy",6.8,3089
tt5182856,harmonium,2016,Drama,6.9,3088
tt15699148,pyali,2022,"Comedy,Drama,Family",7.1,3088
tt15559582,bezos,2023,"Biography,Drama,History",4.4,3087
tt21288778,gandhada gudi,2022,"Adventure,Documentary,Family",8.9,3087
tt10556320,sator,2019,Horror,5.1,3087
tt2677064,vishwaroopam 2,2018,"Action,Thriller",5.8,3086
tt7523010,koode,2018,"Drama,Fantasy",7.6,3086
tt15502716,richie gadi pelli,2023,"Comedy,Drama,Musical",7.3,3085
tt21935200,siren,2024,"Action,Crime,Thriller",6.4,3085
tt7870102,critical thinking,2020,Drama,6.5,3084
tt12595378,in the heart of the machine,2022,"Drama,Thriller",7.2,3084
tt5598160,jeune femme,2017,"Comedy,Drama",6.5,3082
tt7607940,namaste england,2018,"Comedy,Drama,Romance",2.1,3082
tt6168298,one day,2016,"Drama,Romance",7.7,3081
tt12192190,one night in bangkok,2020,"Action,Crime,Drama",5.2,3080
tt6566768,native son,2019,Drama,5.7,3079
tt13316790,off track,2022,"Comedy,Drama,Romance",6.2,3079
tt32106143,love mocktail 2,2024,"Drama,Romance",8.8,3079
tt32566980,the birthday boy,2024,"Drama,Mystery,Thriller",8.0,3078
tt28070202,queen of the ring,2024,"Action,Biography,Drama",6.4,3077
tt11773484,ballad of a white cow,2020,Drama,7.1,3077
tt24075716,imbam,2023,"Family,Romance",7.1,3077
tt20452218,the deep dark,2023,"Adventure,Horror",5.6,3076
tt5463378,a dragon arrives,2016,"Drama,Horror,Mystery",6.6,3076
tt31914240,trisha on the rocks,2024,"Comedy,Romance",5.3,3075
tt33986138,beatles 64,2024,"Documentary,Music",7.2,3075
tt7282370,who,2018,"Mystery,Sci-Fi",5.1,3075
tt27496775,sons,2024,"Crime,Drama,Thriller",6.4,3075
tt7178226,the cave,2019,"Documentary,War",7.5,3074
tt8485548,clownado,2019,"Comedy,Horror",3.3,3074
tt6333090,oklahoma city,2017,"Crime,Documentary,History",7.4,3073
tt7248144,an affair,2018,"Drama,Thriller",5.4,3071
tt20247888,emmanuelle,2024,"Drama,Romance",4.1,3070
tt31151548,namo,2024,Comedy,8.0,3070
tt10217550,vinci da,2019,"Crime,Mystery,Thriller",7.3,3070
tt28434143,aaryan,2025,"Action,Crime,Thriller",6.3,3069
tt8132778,night of the kings,2020,"Drama,Fantasy",6.5,3069
tt10092752,earth and blood,2020,"Action,Drama,Thriller",5.2,3068
tt12605348,a fathers fight,2021,"Action,Drama,Family",4.7,3068
tt15552494,dungeon,2023,"Crime,Drama,Horror",4.7,3068
tt11727052,the closet,2020,"Horror,Mystery",5.7,3068
tt31691389,universal language,2024,"Comedy,Drama",6.9,3067
tt31711525,shivam bhaje,2024,"Crime,Drama",7.4,3065
tt5357556,the prime minister,2016,Thriller,6.2,3064
tt27828550,frewaka,2024,Horror,6.1,3063
tt33984333,how to make a killing,2024,"Comedy,Crime,Thriller",6.5,3063
tt15964308,sherdil,2022,"Comedy,Drama",6.5,3062
tt23793170,coup,2023,"Comedy,Thriller",6.1,3062
tt29173745,cheater,2023,"Romance,Thriller",6.9,3062
tt6527456,asphalt burning,2020,"Action,Comedy",5.2,3060
tt22494914,the apology,2022,"Crime,Drama",5.2,3059
tt4205896,night walk,2019,"Action,Crime,Drama",3.7,3059
tt10370822,detective chinatown 3,2021,"Action,Adventure,Comedy",5.6,3059
tt10256570,the goddess of fortune,2019,Drama,6.7,3059
tt1507571,the tribes of palos verdes,2017,Drama,5.9,3058
tt11701774,lucky,2020,"Drama,Fantasy,Horror",4.9,3058
tt24973142,all india rank,2023,"Comedy,Drama",6.1,3057
tt5815940,gentleman,2016,"Mystery,Romance,Thriller",7.1,3056
tt5379294,the killer,2017,"Drama,Western",6.0,3056
tt5466576,boboiboy the movie,2016,"Action,Adventure,Animation",6.8,3056
tt4102722,the night watchmen,2017,"Action,Comedy,Horror",5.4,3056
tt13863334,endangered species,2021,"Action,Thriller",4.7,3055
tt10516196,the getaway king,2021,"Action,Biography,Comedy",6.5,3054
tt37403476,so long valley,2025,Crime,7.4,3054
tt15791574,wanted man,2024,"Action,Crime,Drama",4.9,3054
tt28820189,mad,2023,Comedy,7.3,3054
tt4291700,prey,2016,"Comedy,Horror,Thriller",5.3,3052
tt10622972,jhimma,2021,"Comedy,Drama",7.4,3052
tt4956984,børning 2,2016,"Action,Comedy",5.9,3049
tt10955148,rising free,2019,"Drama,History",4.7,3049
tt10483152,unicorn wars,2022,"Action,Animation,Comedy",6.9,3048
tt26754354,the well,2023,"Horror,Thriller",5.0,3048
tt28239363,tyler perrys duplicity,2025,"Drama,Mystery",4.7,3047
tt8265174,happy new year,2018,"Comedy,Drama",7.0,3047
tt13387604,checkered ninja 2,2021,"Action,Adventure,Animation",6.8,3047
tt28656365,kelce,2023,"Documentary,Sport",8.1,3046
tt10927554,klovn the final,2020,Comedy,6.5,3046
tt7759362,comrade drakulich,2019,"Comedy,Fantasy,Horror",6.4,3045
tt5952382,abacus small enough to jail,2016,Documentary,7.1,3044
tt9812614,hope,2019,"Drama,Romance",7.3,3044
tt18573650,the blue angels,2024,Documentary,7.3,3044
tt36856514,trainwreck balloon boy,2025,Documentary,5.5,3044
tt12986942,tiki taka,2020,"Comedy,Sport",6.9,3044
tt5658296,sperm whale 2,2017,"Comedy,Drama,Music",5.3,3043
tt9322884,aakashavaani,2021,Drama,6.9,3043
tt9355200,kokodi kokoda,2019,"Drama,Fantasy,Horror",5.8,3043
tt7533878,sen kiminle dans ediyorsun,2017,Comedy,5.6,3042
tt5598578,baa baaa black sheep,2018,"Action,Comedy,Crime",4.5,3041
tt15176374,unpaarvayil,2025,Thriller,6.5,3041
tt12299714,thittam irandu,2021,"Crime,Drama,Mystery",7.1,3040
tt5830022,shikari,2016,"Action,Crime,Drama",7.1,3039
tt27075304,chantal in fairyland,2024,"Comedy,Fantasy",4.6,3039
tt16227002,war pony,2022,Drama,6.8,3038
tt6704880,girls of the sun,2018,"Drama,War",6.5,3038
tt25363184,stan lee,2023,"Biography,Documentary",6.9,3038
tt1662500,everlasting,2016,"Crime,Drama,Mystery",5.0,3038
tt10734864,honeydew,2020,Horror,4.4,3038
tt31451148,we love bad boys,2024,Comedy,1.2,3037
tt13845660,beautiful beings,2022,Drama,7.3,3037
tt21338696,vinaro bhagyamu vishnu katha,2023,"Comedy,Drama,Romance",6.6,3037
tt27598854,kirkkan,2023,"Crime,Drama,Thriller",6.6,3037
tt21688772,to kill a tiger,2022,Documentary,7.6,3036
tt32126803,august,2024,Documentary,8.5,3035
tt22767628,blackwater lane,2024,"Crime,Drama,Horror",4.6,3035
tt31254554,wonderland,2024,"Drama,Sci-Fi",6.2,3035
tt7251666,siccin 4,2017,Horror,5.7,3035
tt11426538,coffee wars,2023,Comedy,4.5,3033
tt13635702,the inhabitant,2022,"Horror,Thriller",4.4,3031
tt6053938,the laws of thermodynamics,2018,Comedy,6.0,3031
tt16446556,nenevaru,2022,"Action,Romance,Thriller",3.8,3031
tt5259966,no manches frida,2016,"Comedy,Romance",5.5,3029
tt13149356,99 moons,2022,Drama,4.8,3029
tt30151706,kalasa the symbol of abundance,2023,Thriller,8.0,3028
tt11013610,kkn di desa penari,2022,"Horror,Mystery,Thriller",5.9,3028
tt8903840,alice and the mayor,2019,"Comedy,Drama",6.4,3027
tt21238288,palthu janwar,2022,"Comedy,Drama",6.7,3026
tt7689958,jane fonda in five acts,2018,"Biography,Documentary",7.9,3026
tt6208104,my brother khosrow,2016,Drama,6.8,3026
tt6755366,bad poems,2018,"Comedy,Drama",7.5,3025
tt6363436,1971 beyond borders,2017,"Action,War",5.0,3024
tt6712026,kavan,2017,"Action,Thriller",7.1,3024
tt9537346,ardaas karaan,2019,Drama,7.3,3023
tt11612890,night night,2021,"Horror,Thriller",3.9,3023
tt32060445,sister midnight,2024,"Comedy,Drama",5.7,3023
tt9448332,ishq,2019,"Drama,Romance,Thriller",7.5,3021
tt31137117,the carman family deaths,2025,"Crime,Documentary,Thriller",6.2,3020
tt12109842,trump card,2020,Documentary,4.6,3019
tt26699529,marguerites theorem,2023,"Comedy,Drama,Mystery",6.8,3018
tt12444424,gagarine,2020,"Drama,Fantasy",6.7,3018
tt5687040,ismaels ghosts,2017,"Drama,Mystery,Romance",5.5,3017
tt15732890,the book of solutions,2023,"Comedy,Drama",6.1,3017
tt4711924,monolith,2016,"Drama,Horror,Thriller",4.7,3017
tt4303202,american wrestler the wizard,2016,"Drama,Sport",7.1,3017
tt7089878,liz and the blue bird,2018,"Animation,Drama,Fantasy",7.2,3016
tt7400974,turned out,2018,"Crime,Drama,Mystery",6.1,3016
tt4464394,the gracefield incident,2017,"Horror,Mystery,Sci-Fi",4.2,3014
tt11698662,sounds like love,2021,"Comedy,Music,Romance",5.4,3014
tt6514010,long live brij mohan,2017,"Comedy,Crime,Drama",6.5,3014
tt15393652,eismayer,2022,"Biography,Drama,History",7.0,3014
tt19316094,an egypt affair,2023,"Adventure,Drama",6.3,3013
tt12564514,preparations to be together for an unknown period of time,2020,"Drama,Romance",6.5,3012
tt5460522,jt leroy,2018,"Biography,Drama",5.5,3011
tt7188978,lifechanger,2018,"Drama,Fantasy,Horror",5.4,3008
tt7871054,marudhar express,2019,"Drama,Romance",4.8,3008
tt22036922,mr king,2023,"Drama,Romance,Thriller",5.0,3008
tt14827150,the last breath,2024,"Horror,Thriller",4.7,3008
tt19869662,irenas vow,2023,"Biography,Drama,War",6.8,3008
tt19396786,ataturk ii 18811919,2024,"Biography,Drama,History",8.8,3007
tt37034643,utshob,2025,"Comedy,Drama,Family",8.4,3005
tt8723216,eerie,2018,"Horror,Mystery,Thriller",4.7,3005
tt18184122,redrum,2022,"Mystery,Thriller",8.1,3003
tt16246218,bluff,2022,"Crime,Drama,Thriller",5.7,3003
tt26451068,escape,2023,Thriller,4.9,3003
tt19394770,ataturk i 18811919,2023,"Biography,Drama,History",8.7,3003
tt14398454,tara vs bilal,2022,"Comedy,Drama,Romance",5.9,3002
tt14164234,ride or die,2021,"Crime,Drama,Romance",5.6,3002
tt21745356,mirciulica,2022,Comedy,6.0,3001
tt21154574,year 10,2024,"Horror,Sci-Fi",5.4,3001
tt7942746,body at brighton rock,2019,"Comedy,Drama,Fantasy",4.7,3001
tt13671922,madhuram,2021,"Drama,Romance",7.6,2999
tt5458566,small town killers,2017,"Comedy,Crime,Drama",5.3,2999
tt5091538,max  leon,2016,"Adventure,Comedy,War",6.2,2999
tt11695654,uncle peckerhead,2020,"Comedy,Horror,Music",5.9,2998
tt8368394,the sunlit night,2019,"Drama,Romance",6.1,2998
tt10004108,sacrifice,2020,"Horror,Mystery,Thriller",4.7,2998
tt6365796,the grizzlies,2018,"Biography,Drama,Sport",7.5,2997
tt14033342,the quest for tom sawyers gold,2023,"Adventure,Family",4.7,2997
tt23058594,focus,2022,"Action,Crime,Mystery",7.6,2997
tt15467380,that time i got reincarnated as a slime the movie scarlet bond,2022,"Action,Adventure,Animation",6.9,2996
tt4269746,the matchbreaker,2016,"Comedy,Romance",5.6,2994
tt2967226,killing hasselhoff,2017,Comedy,4.5,2994
tt7471004,aval,2017,Horror,6.7,2994
tt8010064,bunker,2022,"Horror,Mystery,Thriller",4.0,2993
tt14394620,crawlspace,2022,Thriller,4.7,2993
tt12887208,pippa,2023,"Action,Drama,History",6.2,2992
tt6522398,katamarayudu,2017,"Action,Comedy",5.5,2991
tt19719904,plan 75,2022,"Drama,Sci-Fi",6.6,2991
tt19864958,maja ma,2022,"Comedy,Drama",6.2,2991
tt8110246,dark web cicada 3301,2021,"Action,Comedy,Thriller",5.0,2991
tt21308698,love tactics 2,2023,"Comedy,Romance",5.0,2991
tt5523174,pichaikkaran,2016,"Action,Drama",7.6,2991
tt14257662,moviepass moviecrash,2024,"Comedy,Crime,Documentary",6.7,2990
tt5752346,belushi,2020,"Biography,Documentary",7.2,2990
tt10726604,the bad guys the movie,2019,"Action,Crime,Thriller",6.2,2990
tt15341044,laththi,2022,"Action,Crime,Drama",6.4,2990
tt8661814,devadas,2018,"Action,Comedy,Drama",6.6,2990
tt15301000,biosphere,2022,"Comedy,Drama,Fantasy",5.5,2989
tt5376196,wild mouse,2017,"Comedy,Crime,Drama",6.7,2989
tt5189770,happy hunting,2017,"Drama,Horror,Western",5.1,2987
tt27789180,the hypnosis,2023,"Comedy,Drama",6.5,2987
tt10468636,thambi,2019,"Action,Drama,Thriller",6.7,2987
tt3437892,malibu crush,2022,Comedy,7.3,2986
tt6375308,david bowie the last five years,2017,"Documentary,Music",7.5,2986
tt14270848,robbing mussolini,2022,"Action,Comedy,Crime",5.5,2986
tt5031332,mclaren,2017,"Biography,Documentary,Drama",7.3,2984
tt35630700,our times,2025,"Drama,Sci-Fi",5.4,2983
tt6690234,sonsuz ask,2017,"Drama,Romance",6.1,2983
tt21617996,gatta kusthi,2022,"Comedy,Drama,Romance",6.5,2982
tt15560132,lovely dark and deep,2023,Horror,4.9,2982
tt5699928,prey,2019,"Adventure,Horror,Mystery",4.6,2981
tt11737936,walnut tree,2020,"Drama,History,War",7.5,2981
tt6014904,the strange ones,2017,"Crime,Drama,Mystery",5.2,2980
tt28231777,kill the jockey,2024,"Crime,Drama,Sport",6.3,2980
tt3962184,hebbuli,2017,"Action,Drama,Thriller",6.7,2979
tt6126346,thi mai rumbo a vietnam,2017,"Comedy,Family",6.0,2978
tt4505208,one man and his cow,2016,"Adventure,Comedy,Drama",6.7,2978
tt20024428,dangerous waters,2023,Thriller,5.3,2978
tt23875342,mukhachitram,2022,"Romance,Thriller",6.3,2977
tt6243370,the demented,2021,"Horror,Mystery,Thriller",2.9,2976
tt11540272,lapsis,2020,"Drama,Mystery,Sci-Fi",6.2,2976
tt17569526,acid,2023,"Drama,Sci-Fi",5.1,2976
tt11320192,the evil next door,2020,"Horror,Mystery,Thriller",5.2,2975
tt11946138,rebel,2022,"Action,Drama,Thriller",7.3,2975
tt6982104,put grandma in the freezer,2018,Comedy,6.1,2975
tt17097088,return to dust,2022,Drama,7.6,2975
tt13680520,9 bullets,2022,"Action,Crime,Thriller",4.2,2974
tt23136186,sewu dino,2023,"Horror,Thriller",6.0,2973
tt26443107,the adults,2023,"Comedy,Drama",5.7,2973
tt10743534,the oak room,2020,"Mystery,Thriller",5.6,2973
tt11536262,mosagallu,2021,"Crime,Drama,Thriller",4.5,2972
tt10498588,revealing ukraine,2019,Documentary,6.6,2972
tt10749786,atlantis,2019,"Drama,War",6.9,2972
tt9286908,high ground,2020,"Action,Drama,Thriller",6.6,2971
tt7343740,days of the bagnold summer,2019,"Comedy,Drama,Music",6.6,2971
tt12406160,the last regret,2020,Comedy,4.3,2970
tt9077038,monster,2019,"Comedy,Drama,Family",6.7,2969
tt34794166,nishaanchi,2025,"Action,Crime,Drama",6.7,2969
tt5258074,crossbreed,2019,"Action,Comedy,Sci-Fi",3.1,2968
tt34930449,mangla,2025,Drama,6.5,2968
tt9352780,cold case hammarskjöld,2019,"Documentary,History",7.5,2968
tt27917467,siddharth roy,2024,"Drama,Romance",6.2,2967
tt9526784,never gonna snow again,2020,"Comedy,Drama,Mystery",6.4,2966
tt7844166,the scythian,2018,"Action,Drama,Fantasy",6.2,2965
tt6452332,lu over the wall,2017,"Adventure,Animation,Comedy",6.8,2965
tt27002406,come out in jesus name,2023,Documentary,5.2,2964
tt6832210,the first day of my life,2023,"Comedy,Drama,Fantasy",6.7,2964
tt2184233,1 mile to you,2017,"Drama,Romance,Sport",6.3,2962
tt29994753,oh canada,2024,Drama,5.6,2962
tt7012864,lowlife,2017,"Comedy,Crime,Drama",6.2,2961
tt31064317,fear,2024,"Drama,Family,Thriller",7.6,2960
tt8363914,no safe spaces,2019,"Documentary,News,War",7.1,2959
tt11191344,red,2021,"Crime,Drama,Mystery",6.4,2959
tt31313835,stans,2025,Documentary,6.8,2958
tt6599742,saras notebook,2018,"Adventure,Drama,Mystery",5.9,2958
tt5255524,traded,2016,"Action,Drama,Western",4.8,2958
tt6136778,double date,2017,"Comedy,Horror,Thriller",5.9,2957
tt4695098,nails,2017,"Horror,Mystery",4.7,2957
tt36474012,our girls,2025,"Drama,Thriller",7.4,2955
tt2572212,surrounded,2023,"Drama,Western",6.2,2953
tt2967856,another day of life,2018,"Animation,Biography",7.3,2952
tt10778840,dwitiyo purush,2020,"Drama,Mystery,Thriller",6.1,2952
tt5471480,magnus,2016,"Biography,Documentary,Sport",7.1,2951
tt7897478,damascus under fire,2018,"Action,Drama,Thriller",5.4,2951
tt13617604,world cup heist,2020,"Crime,Drama,Sport",2.9,2950
tt10834986,gumnaami,2019,"Action,Drama,History",7.8,2949
tt7284202,trespassers,2018,"Crime,Horror,Thriller",4.9,2949
tt27179628,solvent,2024,"Drama,Horror,Mystery",4.8,2949
tt5810000,i timon,2017,"Drama,Thriller",7.0,2949
tt5973364,lemon,2017,"Comedy,Drama",4.8,2948
tt8956390,rojo,2018,"Drama,Mystery,Thriller",6.4,2946
tt17274522,sher shivraj,2022,"Action,Drama,History",8.2,2946
tt5805470,gintama live action the movie,2017,"Action,Adventure,Comedy",6.1,2946
tt19724192,mothers day,2023,"Action,Drama,Thriller",5.3,2946
tt8811382,meeting gorbachev,2018,"Biography,Documentary,History",7.2,2945
tt21825416,truth  treason,2025,"Drama,History,Thriller",7.1,2945
tt30515931,mission cross,2024,"Action,Comedy,Crime",6.1,2945
tt17595262,the last client,2022,"Crime,Drama,Mystery",6.4,2944
tt3296156,while the wolfs away,2017,"Drama,Mystery,Thriller",6.4,2944
tt15181360,rez ball,2024,"Drama,Sport",6.4,2943
tt3122390,beacon point,2016,Thriller,4.6,2942
tt4632440,the dancer,2016,"Biography,Drama,History",6.5,2942
tt7534102,the swallows of kabul,2019,"Animation,Drama",7.5,2941
tt9766294,fauji calling,2021,Drama,5.3,2940
tt11385336,memories of my father,2020,"Drama,History",7.2,2939
tt23640230,smoke sauna sisterhood,2023,Documentary,7.1,2939
tt33349807,sugar mill,2025,"Horror,Thriller",5.9,2939
tt11819890,pokémon the movie secrets of the jungle,2020,"Action,Adventure,Animation",6.4,2939
tt16374352,the blind,2023,Drama,6.3,2938
tt10601552,slapface,2021,"Horror,Thriller",5.1,2938
tt27195023,holiday in the vineyards,2023,Romance,6.2,2937
tt7512492,36 husbands,2019,Comedy,3.7,2937
tt38504130,godday godday chaa 2,2025,Comedy,7.5,2937
tt8215480,greatland,2020,"Fantasy,Sci-Fi",4.5,2936
tt8449154,the family tree,2020,Drama,4.8,2936
tt5735464,master,2016,"Action,Crime",6.6,2935
tt14158346,sharp stick,2022,Comedy,4.9,2935
tt6776572,beauty and the dogs,2017,"Crime,Drama,Thriller",7.1,2935
tt14812496,the challenge,2023,Drama,6.7,2934
tt1773389,einsteins god model,2016,"Drama,Sci-Fi,Thriller",5.2,2934
tt21618750,premadesam,2023,"Comedy,Drama",6.7,2933
tt7689310,the goldfish,2019,Comedy,6.6,2933
tt10218912,as i am,2020,"Drama,Fantasy,Romance",4.7,2932
tt15977250,under therapy,2023,"Comedy,Drama",6.8,2932
tt5473090,swinging safari,2018,"Comedy,Drama",5.6,2932
tt10540242,the main event,2020,"Action,Comedy,Family",4.8,2930
tt4156972,opening night,2016,"Comedy,Musical",5.9,2930
tt7336182,outback,2019,"Drama,Horror,Thriller",5.0,2930
tt15422244,saudi vellakka,2022,Drama,8.0,2929
tt32039267,perumani,2024,Comedy,6.7,2929
tt5333612,actor in law,2016,"Comedy,Drama,Romance",7.5,2925
tt4768656,howard lovecraft and the frozen kingdom,2016,"Adventure,Animation,Family",4.5,2925
tt4470288,abnormal attraction,2018,"Adventure,Comedy,Fantasy",4.2,2925
tt20221690,woody woodpecker goes to camp,2024,"Adventure,Animation,Comedy",4.5,2924
tt14462452,deliver us,2023,"Drama,Horror,Thriller",4.8,2923
tt8277246,his only son,2023,"Drama,History",5.9,2923
tt12397078,little big women,2020,"Drama,Family",7.2,2923
tt7476524,the drone,2019,"Comedy,Horror,Sci-Fi",4.0,2922
tt14461690,enna solla pogirai,2022,"Drama,Romance",4.7,2922
tt7543930,in safe hands,2018,Drama,7.2,2922
tt14336174,peter von kant,2022,Drama,6.3,2921
tt7604948,gutterbug,2019,"Crime,Drama",6.2,2921
tt31510396,the bloody hundredth,2024,Documentary,7.5,2921
tt32334452,patang,2025,"Comedy,Sport",7.0,2920
tt12484724,mere desh ki dharti,2022,"Comedy,Drama",6.8,2919
tt6415416,mug,2018,"Comedy,Drama",6.4,2918
tt9765144,zombie for sale,2019,"Comedy,Horror,Sci-Fi",6.7,2917
tt3823098,edie,2017,"Adventure,Drama",6.6,2916
tt27369385,pavi caretaker,2024,Comedy,5.0,2916
tt13845652,rose,2022,"Comedy,Drama",7.5,2915
tt35674559,gentlewoman,2025,Drama,5.5,2914
tt12299824,jje,2021,"Drama,Romance",5.4,2913
tt11394170,coded bias,2020,Documentary,6.8,2913
tt33298461,yagna,2024,"Horror,Thriller",7.2,2913
tt19704612,gangs of lagos,2023,"Crime,Thriller",5.8,2912
tt10434142,schoolgirls,2020,Drama,6.4,2912
tt9169036,white lie,2019,Drama,6.6,2911
tt35048826,broke,2025,"Drama,Western",6.1,2910
tt27328373,level cross,2024,Drama,6.8,2909
tt14369286,ufo,2022,Drama,5.1,2909
tt4801232,in search of fellini,2017,"Adventure,Biography,Drama",6.2,2909
tt15173952,825 forest road,2025,Horror,5.0,2908
tt7942936,ibiza,2019,Comedy,5.1,2908
tt4241904,the way we werent,2019,Comedy,5.3,2906
tt11668320,crazy not insane,2020,"Biography,Crime,Documentary",6.9,2906
tt6688022,after everything,2018,"Comedy,Drama,Romance",6.5,2905
tt31112509,jane austen wrecked my life,2024,"Comedy,Romance",6.2,2904
tt19759618,golden kamuy,2024,"Action,Adventure,Drama",6.4,2904
tt5836706,head full of honey,2018,"Comedy,Drama",5.6,2904
tt3229488,boone the bounty hunter,2017,"Action,Drama",5.0,2903
tt5238824,despair,2017,"Drama,Thriller",4.1,2903
tt8367084,then came you,2020,"Comedy,Drama,Romance",5.9,2902
tt5158522,the levelling,2016,Drama,6.4,2902
tt7689906,monsters and men,2018,"Crime,Drama,Thriller",6.1,2902
tt5271772,the red thread,2016,"Drama,Romance",5.5,2901
tt9165332,chitralahari,2019,"Comedy,Drama,Romance",7.1,2901
tt14946978,raging grace,2023,"Drama,Horror,Mystery",5.8,2900
tt5938950,mystify michael hutchence,2019,"Biography,Documentary,Music",7.3,2900
tt8459250,shéhérazade,2018,"Drama,Romance,Thriller",7.1,2899
tt15665274,the channel,2023,"Action,Crime,Thriller",5.7,2899
tt5168832,after porn ends 2,2017,Documentary,5.5,2899
tt4173170,the eternal road,2017,"Drama,History",7.1,2899
tt7265634,english dogs,2020,"Action,Crime,Thriller",3.6,2898
tt6573444,human flow,2017,Documentary,7.2,2898
tt13884444,american dreamer,2022,Comedy,6.0,2896
tt6598072,the ranger,2018,Horror,5.1,2896
tt21202916,walden,2023,Thriller,6.0,2896
tt2256055,witchboard,2024,"Drama,Horror,Mystery",5.1,2896
tt4741412,uriyadi,2016,"Action,Crime,Drama",7.9,2893
tt7764650,the thinning new world order,2018,"Action,Drama,Horror",4.2,2893
tt3449006,found footage 3d,2016,Horror,5.3,2893
tt14592044,down low,2023,Comedy,5.6,2893
tt5069074,a billion lives,2016,Documentary,7.9,2892
tt6628322,shanghai fortress,2019,Sci-Fi,4.4,2891
tt8196068,twisted pair,2018,"Action,Drama,Sci-Fi",4.7,2891
tt32065103,secrets of the neanderthals,2024,Documentary,6.4,2891
tt31039829,182 beyond youthful days,2024,"Drama,Romance",7.5,2890
tt7387300,oru adaar love,2019,"Comedy,Romance",4.5,2889
tt8304386,the zoya factor,2019,"Comedy,Drama,Romance",4.4,2889
tt6211580,the good the bad the corny,2017,"Action,Comedy,Thriller",5.1,2888
tt3503068,deadtectives,2018,"Comedy,Horror",5.9,2888
tt33295741,redux redux,2025,"Action,Adventure,Crime",6.3,2888
tt15422240,eraser reborn,2022,"Action,Crime,Thriller",4.6,2887
tt30028158,trevor noah where was i,2023,"Comedy,Documentary",6.7,2886
tt7519174,of fathers and sons,2017,"Documentary,War",7.3,2885
tt13788842,2025  the world enslaved by a virus,2021,"Adventure,Sci-Fi",1.0,2885
tt7738048,jo pilho the dawning rage,2019,"Action,Crime,Drama",6.4,2884
tt10273738,the abandon,2022,"Horror,Sci-Fi,Thriller",4.3,2883
tt7986672,the nightshifter,2018,"Horror,Mystery,Thriller",6.2,2881
tt4417510,nenu sailaja,2016,"Action,Comedy,Romance",6.9,2881
tt20452494,haraa,2024,Action,5.2,2880
tt27788968,explanation for everything,2023,Drama,7.3,2880
tt22297570,4 years,2022,Romance,5.2,2880
tt8106570,the rachel divide,2018,Documentary,6.3,2879
tt30807200,lesson learned,2024,Drama,7.6,2879
tt5617312,the bay of silence,2020,"Adventure,Drama,Mystery",4.5,2879
tt4797436,jack goes home,2016,"Drama,Horror,Mystery",5.1,2878
tt6057032,gook,2017,Drama,7.0,2878
tt13377488,in for a murder,2021,"Comedy,Thriller",5.5,2877
tt11177804,jiang ziya,2020,"Action,Adventure,Animation",6.6,2877
tt26750774,the wailing,2024,"Drama,Horror",6.0,2877
tt26445683,nadanna sambhavam,2024,"Drama,Family,Thriller",6.0,2875
tt31189868,the antisocial network memes to mayhem,2024,Documentary,6.4,2875
tt5066056,the wilde wedding,2017,"Comedy,Romance",5.2,2874
tt10283902,feral state,2020,Thriller,4.7,2874
tt27521477,detective conan black iron submarine,2023,"Action,Adventure,Animation",7.2,2874
tt2953762,i olga hepnarova,2016,"Biography,Crime,Drama",6.6,2873
tt8405810,an unexpected love,2018,"Comedy,Romance",6.7,2873
tt28240284,to end all war oppenheimer  the atomic bomb,2023,"Biography,Documentary,History",7.4,2872
tt9126944,override,2020,"Crime,Sci-Fi,Thriller",3.9,2871
tt2495980,its a fairy,2016,"Comedy,Family,Fantasy",2.3,2871
tt3823392,love sonia,2018,Drama,7.4,2871
tt8434380,hidden man,2018,"Action,Crime,Drama",6.4,2871
tt9234450,mother,2019,"Drama,Thriller",6.6,2870
tt32525026,sunday special,2024,"Comedy,Drama",6.9,2870
tt31852716,apollo 13 survival,2024,"Documentary,History",7.4,2870
tt9686154,you will die at 20,2019,Drama,7.0,2869
tt10017956,gone kesh,2019,"Comedy,Drama",6.8,2869
tt6244196,elvis presley the searcher,2018,"Biography,Documentary,Music",7.7,2866
tt14402316,onyx the fortuitous and the talisman of souls,2023,"Comedy,Horror",6.2,2866
tt10756374,a night of horror nightmare radio,2019,"Horror,Mystery",5.0,2866
tt31723041,jimmy carr natural born killer,2024,"Comedy,Documentary",6.7,2865
tt11730914,maaran,2022,"Action,Thriller",4.4,2865
tt12359080,zero contact,2022,Thriller,4.0,2865
tt16027944,beyond the universe,2022,"Comedy,Drama,Romance",6.6,2865
tt16431882,brooklyn 45,2023,"Drama,History,Horror",5.8,2864
tt21216870,one more time,2023,"Comedy,Drama,Romance",5.8,2864
tt6155194,best friends volume 1,2017,"Comedy,Drama,Mystery",5.2,2864
tt10011228,hunted,2020,"Action,Horror,Thriller",5.4,2862
tt8560172,the very excellent mr dundee,2020,Comedy,5.0,2862
tt6461318,lorelei,2020,"Drama,Romance",6.4,2862
tt6286796,a horrible woman,2017,"Drama,Romance",6.6,2862
tt7600704,boys vs girls,2019,Comedy,5.0,2862
tt13049760,the last matinee,2020,"Horror,Thriller",5.8,2862
tt15331186,good mourning,2022,Comedy,3.2,2862
tt15767726,ram asur,2021,Action,3.9,2861
tt5989220,claires camera,2017,Drama,6.4,2860
tt9248340,a regular woman,2019,"Crime,Drama",7.6,2859
tt7230422,the occupant,2025,"Drama,Mystery,Sci-Fi",4.8,2859
tt10731386,audrey,2020,"Biography,Documentary,History",7.1,2856
tt8774798,100 wolf,2020,"Adventure,Animation,Comedy",5.7,2855
tt8865562,the witness,2018,"Crime,Mystery,Thriller",6.5,2854
tt3914332,dean,2016,"Comedy,Drama,Romance",6.3,2854
tt5031998,collector,2016,"Drama,Thriller",6.8,2854
tt7427856,the carmilla movie,2017,"Comedy,Romance,Thriller",6.2,2854
tt8368294,brothers by blood,2020,"Action,Crime,Drama",5.0,2852
tt32743685,jaws  50 the definitive inside story,2025,Documentary,7.6,2851
tt5770430,ozzy,2016,"Adventure,Animation,Comedy",5.2,2851
tt5314190,sgt stubby an american hero,2018,"Adventure,Animation,Family",6.9,2849
tt15816336,nadikar,2024,Comedy,5.2,2846
tt5672286,indian horse,2017,"Drama,Sport",7.3,2845
tt11449072,kartoffelsalat 3  das musical,2020,Musical,4.1,2844
tt9597190,pegasus,2019,"Comedy,Sport",6.3,2843
tt30400822,rajkumar,2024,"Drama,Family,Romance",7.3,2843
tt10054316,guest house,2020,Comedy,4.4,2843
tt26694732,janata bar,2025,"Action,Drama",8.9,2842
tt5226512,feed,2017,Drama,6.0,2842
tt10508258,the red ghost,2020,"Action,Horror,Thriller",6.2,2842
tt2939912,traffic,2016,"Action,Adventure,Drama",6.7,2841
tt19383190,the fire within a requiem for katia and maurice krafft,2022,"Documentary,History",7.6,2840
tt31216055,ajay gadu,2024,Action,7.8,2840
tt15460742,filip,2022,"Drama,History,War",6.9,2840
tt14398312,lsd 2 love sex aur dhokha 2,2024,"Comedy,Crime,Drama",3.8,2840
tt21308736,in your dreams,2023,"Comedy,Drama,Romance",5.9,2839
tt12338246,death count,2022,Horror,4.4,2838
tt23458804,jsk  janaki v vs state of kerala,2025,"Action,Drama,Thriller",5.8,2837
tt6302164,game of death,2017,"Horror,Thriller",5.0,2836
tt6285672,breaking  exiting,2018,"Comedy,Crime,Drama",5.7,2834
tt5832544,gautamiputra satakarni,2017,"Action,Drama,History",6.3,2834
tt5231916,the eavesdropper,2016,"Action,Mystery,Thriller",6.2,2833
tt1366338,lowriders,2016,"Adventure,Crime,Drama",5.7,2833
tt9543062,hosts,2020,Horror,4.4,2832
tt6912566,the renata road,2022,"Mystery,Thriller",4.7,2832
tt19121700,you do you,2023,"Comedy,Romance",5.0,2832
tt30956852,popeye the slayer man,2025,Horror,3.6,2832
tt9805504,break,2019,"Adventure,Drama,Horror",4.6,2832
tt7176054,cosmoball,2020,"Action,Sci-Fi,Sport",4.7,2831
tt26659737,cheddy gang tamasha,2023,"Action,Comedy,Crime",7.5,2831
tt26331750,vash,2023,"Horror,Mystery,Thriller",7.8,2831
tt13017204,the fable the killer who doesnt kill,2021,"Action,Comedy,Mystery",6.8,2831
tt4024814,fucking berlin,2016,"Drama,Romance",5.2,2829
tt10088984,between two worlds,2021,Drama,6.9,2828
tt8852558,mitron,2018,Comedy,6.9,2827
tt6548966,fairy tail dragon cry,2017,"Action,Adventure,Animation",6.9,2827
tt5129510,the death of louis xiv,2016,"Biography,Drama,History",6.8,2826
tt13496236,american siege,2021,"Action,Thriller",3.4,2826
tt3397160,stefan zweig farewell to europe,2016,"Biography,Drama,History",6.7,2823
tt8795582,consequences,2018,Drama,6.8,2823
tt13893190,the bunker game,2022,"Horror,Mystery,Thriller",3.3,2822
tt3758852,blood money,2017,"Action,Adventure,Crime",4.5,2821
tt7618604,patrick,2019,"Comedy,Drama,Mystery",6.7,2820
tt6097918,munthirivallikal thalirkkumbol,2017,"Comedy,Romance",6.9,2820
tt14935892,maboroshi,2023,"Animation,Drama,Fantasy",6.4,2819
tt4682810,stolen girl,2025,"Action,Adventure,Drama",5.3,2818
tt10545214,aliya basu gayab hai,2024,Drama,5.8,2817
tt6296236,running shaadi,2017,"Comedy,Romance",6.4,2817
tt14980972,hard hit,2021,"Action,Crime,Drama",6.3,2816
tt21222462,the good mother,2023,"Crime,Drama,Mystery",4.7,2815
tt10740926,rob peace,2024,"Biography,Drama",6.6,2815
tt13026738,boon,2022,"Action,Crime,Drama",4.9,2814
tt14369296,doom of love,2022,"Drama,Romance",4.9,2814
tt23864864,joram,2023,"Action,Adventure,Crime",6.5,2813
tt5745450,chef,2017,"Comedy,Drama,Family",5.7,2813
tt11073148,boomika,2021,Horror,5.0,2812
tt12283738,quarantine girl,2020,"Horror,Thriller",3.0,2812
tt7642878,maidenin altin günü,2017,Comedy,3.7,2811
tt21308718,ashes,2024,"Drama,Romance",4.3,2811
tt15115102,another world,2021,Drama,7.0,2809
tt2235372,son of the south,2020,"Biography,Drama",6.3,2809
tt9056192,zombi child,2019,"Drama,Fantasy,Horror",5.9,2809
tt7275830,lara,2019,"Drama,Music",6.9,2805
tt6173484,standing up falling down,2019,"Comedy,Drama",6.6,2805
tt3295734,colossal youth,2018,"Comedy,Drama,Romance",5.2,2805
tt6660112,nabab,2017,"Comedy,Romance,Thriller",7.5,2804
tt11068166,all hands on deck,2020,"Comedy,Drama",7.0,2802
tt6113122,hurricane bianca from russia with hate,2018,Comedy,4.8,2802
tt21451264,moment of contact,2022,Documentary,7.1,2801
tt14637756,rooney,2022,"Biography,Documentary,Sport",6.8,2801
tt16266336,missing home,2022,"Comedy,Drama",8.0,2800
tt11851430,ballad for a pierced heart,2020,"Comedy,Crime,Drama",6.8,2800
tt10709114,immediate family,2022,"Documentary,Music",8.5,2799
tt15314640,cobalt blue,2022,"Drama,Romance",6.6,2799
tt21946058,hunt,2023,"Action,Crime,Thriller",5.3,2798
tt8489384,hollywoodcon,2021,"Action,Adventure,Comedy",3.2,2797
tt7587604,dynasty warriors,2021,"Action,Adventure,Fantasy",4.8,2797
tt7879442,butt boy,2019,"Comedy,Crime,Fantasy",5.6,2796
tt13445076,the ambush,2021,"Action,Drama,War",6.1,2796
tt23785128,founders day,2023,"Comedy,Horror,Mystery",4.4,2795
tt9646240,the man without gravity,2019,"Comedy,Drama,Fantasy",5.8,2795
tt37024060,grenfell uncovered,2025,Documentary,7.4,2795
tt3891538,undercover grandpa,2017,"Action,Comedy,Family",5.3,2795
tt5597198,punjab nahi jaungi,2017,"Comedy,Romance",6.9,2794
tt16103578,mother may i,2023,"Horror,Thriller",5.0,2794
tt10218664,the captain,2019,"Action,Adventure,Drama",6.3,2794
tt14636186,the venture bros radiant is the blood of the baboon heart,2023,"Action,Adventure,Animation",7.9,2794
tt8976832,who would you take to a deserted island,2019,Drama,5.3,2794
tt8092888,roll red roll,2018,"Crime,Documentary",7.1,2792
tt15353450,within seconds,2023,War,3.3,2792
tt8119680,dark figure of crime,2018,"Crime,Drama,Thriller",6.7,2792
tt6684976,black garden,2019,Sci-Fi,3.5,2791
tt27811009,monster on a plane,2024,"Comedy,Horror",4.8,2791
tt26637593,devaki nandana vasudeva,2024,Action,6.5,2790
tt7052494,trading paint,2019,"Action,Drama,Sport",4.5,2790
tt5322004,three months,2022,"Comedy,Drama",6.8,2789
tt10553210,dreamkatcher,2020,"Horror,Thriller",3.8,2789
tt6411590,1985,2018,Drama,7.2,2788
tt7455076,benjamin,2018,"Comedy,Drama,Romance",6.5,2788
tt34819091,the testament of ann lee,2025,"Biography,Drama,History",7.0,2787
tt31948043,pottel,2024,"Action,Drama,Thriller",8.0,2786
tt27146069,the ruse,2024,"Horror,Mystery,Thriller",5.5,2784
tt3274690,nathans kingdom,2020,"Adventure,Drama,Sci-Fi",4.7,2784
tt8956284,rimini,2022,"Comedy,Drama,Music",6.9,2784
tt23157384,sew torn,2024,"Comedy,Thriller",6.0,2783
tt3350996,voodoo,2017,Horror,3.6,2783
tt27837467,unknown cave of bones,2023,Documentary,6.7,2783
tt5933560,permanent,2017,Comedy,5.7,2783
tt5701718,heartthrob,2017,"Drama,Romance,Thriller",5.4,2782
tt7263040,mark of the devil,2020,Horror,3.2,2781
tt30012657,apocalypse in the tropics,2024,"Documentary,History",7.5,2781
tt8235296,the trump prophecy,2018,"Biography,Drama",1.6,2780
tt10370932,magamuni,2019,"Crime,Drama,Thriller",7.6,2780
tt22778346,the seeding,2023,"Horror,Thriller",5.0,2779
tt14540892,the invisible thread,2022,"Comedy,Drama,Family",6.8,2779
tt16088568,anonymously yours,2021,"Drama,Romance",5.8,2778
tt10443808,the passage,2019,"Action,Biography,Drama",7.0,2778
tt22185848,que viva méxico,2023,Comedy,5.6,2777
tt8130558,one day justice delivered,2019,"Action,Crime,Thriller",5.1,2775
tt7863198,i am losing weight,2018,"Comedy,Drama,Romance",6.4,2775
tt11052678,the silent twins,2022,"Biography,Crime,Drama",5.7,2774
tt30253266,the painter,2024,Thriller,4.8,2774
tt38350059,buen camino,2025,Comedy,6.4,2773
tt32827713,thalaivan thalaivii,2025,"Action,Comedy,Drama",5.7,2773
tt25052668,christmas eve in millers point,2024,"Comedy,Drama",5.5,2773
tt5889462,guppy,2016,"Comedy,Drama",8.1,2772
tt11394282,identifying features,2020,Drama,7.3,2772
tt5105734,the kingmaker,2019,"Biography,Documentary,History",7.6,2772
tt4697290,the emigrants,2021,"Drama,History",6.6,2771
tt5608972,bir baba hindu,2016,Comedy,2.6,2771
tt5790492,its for your own good,2017,Comedy,5.5,2771
tt5758802,literally right before aaron,2017,"Comedy,Drama",4.6,2771
tt6104268,ramaleela,2017,"Drama,Thriller",7.3,2771
tt4743562,the last heist,2016,"Action,Horror,Thriller",3.6,2769
tt10644282,shylock,2020,"Action,Drama,Thriller",5.1,2768
tt15816190,ravanasura,2023,"Action,Crime,Drama",5.7,2767
tt15399372,the kings of the world,2022,"Adventure,Drama",7.0,2767
tt27477888,test,2025,"Drama,Sport",5.1,2766
tt19984386,american star,2024,"Drama,Mystery,Thriller",5.5,2766
tt29708137,river of blood,2024,"Action,Adventure,Horror",4.6,2766
tt22334258,someone like you,2024,Romance,5.9,2766
tt6058226,ekvtime man of god,2018,"Biography,Drama,History",7.3,2766
tt23218054,a true gentleman,2024,"Drama,Romance",4.5,2765
tt6981702,empowered,2018,Comedy,5.7,2764
tt38428591,vattakhanal,2025,"Mystery,Thriller",6.4,2763
tt6883152,the devil and father amorth,2017,Horror,4.6,2763
tt14866710,blasted,2022,"Action,Comedy,Sci-Fi",4.8,2762
tt8359840,oh mercy,2019,"Crime,Drama,Thriller",6.3,2762
tt6373362,nasha jurm aur gangsters,2024,"Action,Crime,Drama",6.3,2762
tt4428762,down by love,2016,"Biography,Drama,Romance",5.9,2761
tt2965408,lost on a mountain in maine,2024,"Adventure,Family",6.1,2761
tt6422938,destruction los angeles,2017,"Action,Adventure,Thriller",3.8,2760
tt7938336,tagaru,2018,"Action,Crime",7.9,2758
tt4729896,apostasy,2017,Drama,6.9,2756
tt6333086,menashe,2017,Drama,6.6,2756
tt25434854,deep sea,2023,"Adventure,Animation,Drama",6.8,2756
tt10426916,simply black,2020,Comedy,6.4,2756
tt21653744,romance in style,2022,"Comedy,Romance",6.4,2756
tt5187886,abracadabra,2017,"Comedy,Drama,Fantasy",5.7,2755
tt8482492,city of salt,2020,"Drama,Mystery",3.2,2755
tt14972766,dominique,2024,"Action,Thriller",5.3,2754
tt8370274,behind the trees,2019,"Horror,Mystery,Thriller",3.7,2752
tt8391976,bungo stray dogs dead apple,2018,"Animation,Mystery",7.3,2751
tt13920920,subtraction,2022,"Drama,Mystery",6.5,2750
tt13491620,unpaused,2020,"Drama,Romance",7.0,2750
tt6213362,the guardians,2017,"Drama,War",6.7,2749
tt1724597,london town,2016,"Drama,Music",6.4,2748
tt6616800,villain,2017,"Action,Crime,Thriller",6.1,2748
tt14039086,run  gun,2022,"Action,Thriller",5.1,2748
tt5269396,sword master,2016,"Action,Drama",6.0,2747
tt5691226,pashupati prasad,2016,"Comedy,Drama,Romance",8.6,2746
tt27713772,bank of dave 2 the loan ranger,2025,"Biography,Comedy,Drama",6.3,2746
tt11304504,catch the fair one,2021,"Crime,Thriller",6.3,2745
tt18184012,love mocktail 2,2022,"Drama,Romance",7.4,2745
tt4499228,gehenna where death lives,2016,"Horror,Mystery,Thriller",4.9,2744
tt31898445,escape,2024,"Action,Adventure,Thriller",6.4,2744
tt12449586,the seed,2021,"Comedy,Horror,Sci-Fi",4.8,2743
tt6720618,ramen shop,2018,Drama,6.8,2743
tt6263490,getaway,2020,"Crime,Fantasy,Horror",4.3,2742
tt5322168,snapshots,2018,Drama,7.1,2742
tt21222434,sniper rogue mission,2022,"Action,Thriller",4.7,2740
tt32843331,janaka aithe ganaka,2024,Drama,7.5,2740
tt28684462,kaagaz 2,2024,Drama,5.8,2740
tt5538670,jailbreak pact,2020,"Drama,Thriller",7.0,2739
tt5934894,dharma durai,2016,Drama,7.5,2739
tt32161562,ikinci raunt,2024,Documentary,8.0,2738
tt6736198,ready to mingle,2019,Comedy,5.9,2737
tt11548822,cow,2021,Documentary,7.1,2736
tt7857374,hostage radio,2019,"Action,Adventure,Horror",5.6,2736
tt7527912,wasted talent,2018,Documentary,5.5,2736
tt12865416,30 years and 15 minutes,2020,"Animation,Documentary",8.4,2734
tt7897306,the lost strait,2018,"Action,Drama,History",6.5,2734
tt3212608,algorithm bliss,2020,"Drama,Horror,Romance",4.2,2734
tt6915100,pope francis a man of his word,2018,"Biography,Documentary",6.7,2734
tt7766886,the girl with a bracelet,2019,"Crime,Drama",6.6,2733
tt4379800,trivisa,2016,"Crime,Drama",6.9,2732
tt4979082,jai gangaajal,2016,"Action,Crime,Drama",5.8,2732
tt7952000,the accused,2018,"Crime,Drama,Thriller",6.0,2732
tt22488024,sakra,2023,"Action,Adventure",5.7,2730
tt10981012,veerame vaagai soodum,2022,"Action,Thriller",6.3,2730
tt27510137,brahmavaram ps paridilo,2024,Thriller,8.5,2729
tt11561866,masameer the movie,2020,"Animation,Comedy",5.9,2729
tt6755892,the neighborhood,2017,Drama,5.9,2728
tt5665452,sun dogs,2017,"Comedy,Drama",6.3,2727
tt11024580,rang de,2021,"Comedy,Drama,Romance",6.2,2727
tt13323092,murder by the coast,2021,"Crime,Documentary,History",6.5,2726
tt21818816,while we watched,2022,"Biography,Documentary,News",8.5,2726
tt4227282,driver from hell,2016,"Action,Horror,Thriller",3.4,2725
tt7252000,maktub,2017,"Comedy,Drama",7.2,2724
tt6173826,guest iin london,2017,Comedy,5.4,2724
tt30425872,london calling,2025,"Action,Comedy,Drama",5.7,2724
tt33305581,shiver me timbers,2025,"Comedy,Horror",4.3,2724
tt5736592,sam was here,2016,"Horror,Mystery,Thriller",4.8,2723
tt1690967,come sunday,2018,"Biography,Drama",6.0,2723
tt5791098,tel aviv on fire,2018,"Comedy,Drama,Romance",6.7,2723
tt8879946,maiden,2018,"Biography,Documentary,Sport",7.8,2722
tt26315566,the final attack on wembley,2024,"Crime,Documentary,Sport",6.3,2722
tt6688354,the field guide to evil,2018,Horror,4.8,2721
tt28213147,checkmate,2024,Thriller,6.3,2721
tt9534808,acceleration,2019,"Action,Thriller",3.5,2720
tt32275943,alpha,2025,"Drama,Horror",5.9,2720
tt6175486,demons,2017,Horror,3.8,2719
tt11261830,the retaliators,2021,"Horror,Thriller",5.3,2719
tt11388416,ida red,2021,"Drama,Thriller,Western",5.6,2719
tt9646548,the adventures of açela,2020,"Adventure,Animation,Comedy",2.6,2719
tt6537508,behen hogi teri,2017,Comedy,5.6,2718
tt5842624,call of heroes,2016,"Action,Adventure,Crime",6.4,2716
tt8054608,gospod postoi imeto i e petrunija,2019,Drama,6.8,2716
tt32387554,american sweatshop,2025,"Drama,Mystery,Thriller",5.3,2716
tt13885642,sabhaapathy,2021,"Comedy,Drama",5.7,2716
tt6711660,babumoshai bandookbaaz,2017,"Action,Comedy,Crime",6.8,2715
tt13440294,jayanti,2021,Drama,8.2,2715
tt13645322,f3 fun and frustration,2022,"Comedy,Family,Romance",4.7,2715
tt13362890,the surprise visit,2022,Thriller,4.1,2714
tt6089700,the hatred,2017,"Drama,Horror,Mystery",3.6,2713
tt7913934,the matchmakers playbook,2018,"Comedy,Romance",6.2,2713
tt8169552,monica and friends bonds,2019,"Adventure,Family",7.1,2713
tt2401585,achcham yenbadhu madamaiyada,2016,"Action,Romance,Thriller",6.3,2713
tt3224288,beyond the clouds,2017,"Drama,Family",6.9,2713
tt5644740,the king,2017,"Action,Crime,Drama",6.8,2712
tt23472210,bookworm,2024,"Adventure,Comedy,Drama",6.0,2712
tt7820846,love will take over,2018,"Comedy,Drama,Music",3.5,2711
tt22695428,god forbid,2022,Documentary,6.8,2711
tt6462506,the day after,2017,"Drama,Romance",6.9,2711
tt5181260,the unbreakable boy,2025,Drama,6.1,2711
tt4954660,detective conan the darkest nightmare,2016,"Action,Adventure,Animation",7.0,2710
tt4547938,katie says goodbye,2016,Drama,6.7,2710
tt12306964,on the fringe,2022,Drama,6.6,2710
tt28075450,kutra,2023,"Crime,Horror,Mystery",7.0,2709
tt6212346,pitbull tough women,2016,"Action,Crime,Drama",5.6,2708
tt27458904,tufang,2023,"Action,Drama,Thriller",5.6,2707
tt6155456,juanita,2019,Drama,6.1,2706
tt12444572,beginning,2020,Drama,6.6,2705
tt12038672,money back guarantee,2023,"Action,Comedy,Thriller",4.7,2704
tt6076226,rise of the footsoldier 3,2017,"Action,Comedy,Crime",5.8,2704
tt13004806,a ranjith cinema,2023,Thriller,4.9,2704
tt27744719,thirumanickam,2024,Thriller,8.0,2704
tt21833376,dovbush,2023,"Action,Adventure,Drama",7.3,2704
tt32907397,inside the mind of a dog,2024,Documentary,7.2,2703
tt28608358,motel destino,2024,"Drama,Thriller",6.5,2701
tt30789086,control freak,2025,Horror,4.5,2700
tt14388612,gunfight at rio bravo,2023,"Action,Drama,Western",4.0,2699
tt4118932,loop,2016,"Crime,Sci-Fi,Thriller",6.4,2698
tt25434258,apurva,2023,"Drama,Thriller",6.2,2698
tt26657977,adulthood,2025,"Comedy,Crime,Drama",5.5,2698
tt7692434,gangs of 18,2018,"Action,Drama,Thriller",5.8,2698
tt8329148,terra willy,2019,"Adventure,Animation,Comedy",6.6,2697
tt7473716,the gallows act ii,2019,"Horror,Mystery,Thriller",4.2,2697
tt4687856,siberia,2020,"Drama,Fantasy,Horror",4.8,2697
tt10015286,the ringmaster,2019,Documentary,6.5,2696
tt5534122,alameti kiyamet,2016,Horror,4.8,2696
tt5231812,staying vertical,2016,"Comedy,Drama",5.9,2696
tt6498644,eric clapton life in 12 bars,2017,"Biography,Documentary,Music",7.4,2696
tt15548032,dangerous liaisons,2022,"Drama,Romance",4.2,2694
tt3567194,red dog true blue,2016,"Comedy,Drama,Family",6.4,2694
tt12939812,nail bomber manhunt,2021,"Crime,Documentary,History",6.3,2693
tt14056670,paappan,2022,"Crime,Drama,Mystery",6.7,2693
tt8237272,marionette,2020,"Mystery,Thriller",5.9,2692
tt16491414,the naughty nine,2023,"Adventure,Comedy,Crime",5.4,2692
tt8511466,aporia,2023,"Drama,Sci-Fi",5.6,2692
tt8758548,the great buster,2018,"Biography,Comedy,Documentary",7.5,2692
tt11116374,dont kill me,2021,"Fantasy,Horror,Romance",4.3,2689
tt27180099,grand tour,2024,"Drama,History,Romance",6.5,2689
tt31986077,mercy killing,2024,"Action,Drama,Romance",8.7,2689
tt7243686,the swindlers,2017,"Action,Crime",6.6,2689
tt12747570,diary,2022,"Crime,Drama,Thriller",7.2,2689
tt8439934,black ops,2019,"Action,Horror,Sci-Fi",3.9,2688
tt10896398,boogie,2021,"Drama,Sport",5.2,2687
tt9471660,fever dream,2021,"Drama,Horror,Mystery",5.4,2687
tt5998104,aanandam,2016,"Adventure,Comedy,Drama",7.3,2687
tt13557082,mahaveeryar,2022,"Action,Comedy,Drama",6.1,2686
tt7594584,maria,2019,"Action,Drama,Thriller",5.0,2686
tt21221386,secret mall apartment,2024,Documentary,7.0,2686
tt7335796,behind you,2020,Horror,4.2,2684
tt11323316,penguin,2020,"Drama,Mystery,Thriller",4.5,2684
tt6020428,the pagan king the battle of death,2018,"Action,Drama,History",6.0,2681
tt27766538,the forbidden city,2025,"Action,Romance",6.8,2681
tt7087210,donnybrook,2018,"Action,Drama,Thriller",5.4,2680
tt17291716,heatwave,2022,Thriller,5.0,2680
tt6213036,öteki taraf,2017,"Drama,Thriller",6.0,2679
tt28244549,grand theft hamlet,2024,"Animation,Documentary",6.9,2678
tt5784350,praktan,2016,"Comedy,Drama",7.7,2678
tt6061074,first match,2018,"Drama,Sport",6.4,2677
tt4902904,the resurrection of gavin stone,2017,"Comedy,Drama,Family",6.3,2677
tt6209470,subdued,2017,"Drama,Romance",6.1,2676
tt9284430,the best is yet to come,2019,"Comedy,Drama",6.7,2676
tt7205208,angels wear white,2017,Drama,7.1,2675
tt10395866,executive order,2020,"Drama,Sci-Fi",6.6,2674
tt4778500,her love boils bathwater,2016,Drama,7.4,2674
tt12226872,the scary of sixtyfirst,2021,"Comedy,Drama,Horror",4.5,2674
tt28091020,natho nenu,2023,Romance,7.6,2674
tt6317180,radium girls,2018,"Drama,History",6.3,2672
tt30317033,sebastian,2024,Drama,6.7,2672
tt27587485,waves,2024,"Drama,History,Thriller",7.8,2671
tt28488187,a normal family,2023,"Crime,Drama,Thriller",7.1,2671
tt26675379,vitoria,2025,"Crime,Drama",7.5,2671
tt7813294,a fairy tale after all,2022,"Adventure,Family,Fantasy",3.2,2669
tt9310280,mulshi pattern,2018,"Crime,Drama,Thriller",8.3,2669
tt27571371,malli pelli,2023,"Drama,Romance",5.7,2668
tt3781118,rhino,2021,"Action,Crime,Drama",6.6,2667
tt5362940,eternal beauty,2019,"Comedy,Drama,Romance",6.3,2666
tt6328046,whats my name muhammad ali,2019,"Biography,Documentary,Sport",8.4,2666
tt15302290,annabelle sethupathi,2021,"Comedy,Fantasy,Horror",3.7,2663
tt10143498,my dog stupid,2019,"Comedy,Drama",6.3,2662
tt35522483,nirvanna the band the show the movie,2025,"Adventure,Comedy,Sci-Fi",8.4,2661
tt11565160,the y,2023,"Horror,Mystery,Thriller",5.3,2661
tt6038042,madness in the method,2019,"Comedy,Crime",5.5,2660
tt4016294,the midas touch,2020,"Comedy,Horror",4.1,2660
tt2505304,suicide for beginners,2022,"Comedy,Horror",5.0,2660
tt5937296,glory,2016,Drama,7.6,2660
tt7136736,the elf,2016,Horror,2.4,2659
tt13497984,from black,2023,Horror,5.0,2659
tt10011448,linda ronstadt the sound of my voice,2019,"Biography,Documentary,Music",8.0,2658
tt15130204,seetharaam benoy case number eighteen,2021,Crime,6.6,2658
tt5902484,kaatru veliyidai,2017,Romance,5.8,2658
tt8108186,kotigobba 3,2021,"Action,Drama,Romance",5.5,2658
tt5805768,abe,2019,"Comedy,Drama",6.2,2657
tt12830948,fear,2023,Horror,3.7,2657
tt2923834,the last scout,2017,"Adventure,Drama,Mystery",4.2,2657
tt8482074,deniz ve günes,2018,Drama,5.0,2656
tt10608668,vikruthi,2019,"Comedy,Drama",7.4,2655
tt21478426,life after fighting,2024,"Action,Drama,Thriller",6.4,2655
tt15558182,connie lynn,2022,"Mystery,Thriller",2.4,2655
tt14005338,family affairs,2022,"Comedy,Drama",6.1,2654
tt15824990,the cello,2023,"Horror,Mystery,Thriller",3.9,2654
tt14324296,a chiara,2021,Drama,6.7,2653
tt3814808,funny cow,2017,"Comedy,Drama",6.5,2653
tt15483596,jo and jo,2022,"Comedy,Drama",7.1,2652
tt13846414,fabian going to the dogs,2021,"Drama,Romance",7.1,2651
tt26732332,bazooka,2025,"Action,Crime,Thriller",6.9,2650
tt8170298,john henry,2020,"Drama,Thriller",3.6,2647
tt6256978,framing john delorean,2019,"Biography,Documentary,Drama",6.5,2647
tt5918090,i am not madame bovary,2016,"Comedy,Drama",6.9,2647
tt10622790,cousins,2019,"Comedy,Drama,Romance",6.3,2647
tt7322850,raja the great,2017,Action,6.3,2647
tt13399946,goliath,2022,"Drama,Thriller",6.8,2645
tt3602422,shed of the dead,2019,"Comedy,Horror",4.2,2645
tt11010888,student body,2022,"Horror,Thriller",4.3,2645
tt7441032,likesharefollow,2017,"Horror,Thriller",5.1,2644
tt6334874,coffee with d,2017,Comedy,4.4,2643
tt28355490,art of love,2024,"Drama,Romance",4.6,2643
tt14866108,mirandas victim,2023,"Crime,Drama",6.7,2643
tt13199716,check,2021,"Action,Crime,Drama",6.4,2642
tt21867370,confidential assignment 2 international,2022,"Action,Comedy,Thriller",6.6,2641
tt12774526,after the pandemic,2022,Sci-Fi,3.5,2641
tt8769848,the tomorrow man,2019,"Drama,Romance",5.9,2640
tt6774092,masterpiece,2017,"Action,Crime,Mystery",5.4,2640
tt5280684,the ice cream truck,2017,"Comedy,Horror,Mystery",4.2,2640
tt14330236,mack  rita,2022,"Comedy,Fantasy",4.8,2636
tt35003538,epic elvis presley in concert,2025,"Documentary,Music",8.4,2635
tt30790226,viraaji,2024,Thriller,7.8,2634
tt13875460,a palace for putin the story of the biggest bribe,2021,Documentary,8.6,2634
tt31100572,utsavam,2024,Drama,8.8,2633
tt5618752,a gentle creature,2017,"Drama,Mystery",6.5,2632
tt8896632,max winslow and the house of secrets,2019,"Family,Sci-Fi,Thriller",5.1,2631
tt8620646,an affair to die for,2019,"Horror,Thriller",4.9,2631
tt8241872,vitalina varela,2019,Drama,6.7,2630
tt10841088,riverdance the animated adventure,2021,"Adventure,Animation,Comedy",5.6,2629
tt18372380,daari,2022,"Crime,Thriller",7.6,2629
tt1127881,farming,2018,Drama,6.2,2628
tt11242242,the bridge curse,2020,"Horror,Mystery,Thriller",5.3,2627
tt21909366,boundless,2024,"Crime,Thriller",5.6,2626
tt14834542,the inlaws,2021,"Comedy,Drama",7.1,2625
tt19845414,hell dogs,2022,"Action,Crime,Drama",6.7,2625
tt8103160,brittmarie was here,2019,"Comedy,Drama,Sport",5.6,2625
tt7590074,mrs lowry  son,2019,"Biography,Drama,History",6.7,2624
tt7787524,henry danger the movie,2025,"Action,Adventure,Comedy",4.8,2623
tt33333712,the pet detective,2025,"Adventure,Comedy,Thriller",6.4,2622
tt9695308,the columnist,2019,"Comedy,Crime,Drama",6.2,2621
tt5796516,problemos,2017,Comedy,6.1,2621
tt4699202,gurgaon,2017,"Crime,Thriller",6.4,2620
tt19893706,krishna vrinda vihari,2022,"Comedy,Drama,Romance",5.8,2619
tt7718100,heist 88,2023,"Crime,Drama",5.3,2619
tt8288450,away,2019,"Adventure,Animation,Family",6.7,2618
tt6330052,gauguin voyage to tahiti,2017,"Biography,Drama,Romance",6.0,2617
tt7317482,pailwaan,2019,"Action,Drama,Sport",6.2,2616
tt11092178,the snow sister,2024,"Drama,Family",7.0,2616
tt5642124,lover for a day,2017,Drama,6.6,2616
tt20204996,darkland the return,2023,"Action,Thriller",6.3,2616
tt4283892,chasing trane the john coltrane documentary,2016,"Biography,Documentary,History",7.3,2615
tt2556114,guernica,2016,"Drama,History,Romance",5.8,2614
tt6791238,totem,2017,"Horror,Mystery,Thriller",4.5,2614
tt5286268,family heist,2017,"Comedy,Crime",5.5,2613
tt27721737,the balconettes,2024,"Comedy,Fantasy,Horror",5.8,2612
tt8688912,chi la sow,2018,"Comedy,Romance",7.7,2611
tt6219314,the partys just beginning,2018,"Comedy,Drama",6.1,2610
tt5475734,squadron 303,2018,"Drama,War",5.5,2610
tt8514848,summit fever,2022,Drama,5.3,2609
tt24079788,victimsuspect,2023,"Crime,Documentary",6.9,2608
tt24850708,gunslingers,2025,"Action,Drama,Western",3.6,2608
tt20754156,tumse na ho payega,2023,"Comedy,Drama",7.6,2608
tt8529512,hope you die next time,2018,"Drama,Thriller",7.1,2608
tt6263642,generation iron 2,2017,Documentary,6.1,2608
tt6125690,ana my love,2017,"Drama,Romance",6.6,2606
tt3246874,wish man,2019,"Biography,Drama,Family",7.0,2605
tt8180482,9,2019,"Fantasy,Horror,Sci-Fi",6.7,2604
tt21836620,skandal bringing down wirecard,2022,"Crime,Documentary",7.2,2604
tt4433890,the oath,2016,"Crime,Drama,Thriller",6.4,2604
tt12691830,a love song,2022,Romance,6.7,2604
tt5462464,my foolish heart,2018,Drama,5.9,2603
tt11900398,ashiap man,2022,"Action,Adventure,Comedy",3.4,2602
tt5157052,nightworld door of hell,2017,"Horror,Thriller",4.4,2601
tt8328740,okkos inn,2018,"Adventure,Animation,Drama",7.1,2601
tt31435586,valari,2024,"Horror,Thriller",7.9,2601
tt11457736,my dads christmas date,2020,"Action,Adventure,Animation",5.5,2600
tt12764606,the lockdown hauntings,2021,"Horror,Thriller",3.9,2600
tt15289510,slow,2023,"Drama,Romance",7.0,2599
tt12850582,break the silence the movie,2020,"Documentary,Music",8.3,2598
tt16377816,mars one,2022,Drama,7.4,2598
tt6722976,the elephant queen,2018,"Documentary,Family",7.8,2598
tt24342088,christy,2023,"Comedy,Drama,Romance",4.9,2597
tt18671386,fullmetal alchemist the revenge of scar,2022,"Action,Adventure,Fantasy",5.4,2597
tt15262370,maneater,2022,"Action,Horror,Thriller",3.2,2596
tt11826450,lady of the manor,2021,"Comedy,Mystery",5.4,2596
tt26753672,the activated man,2023,"Horror,Thriller",6.1,2596
tt7524444,the house next door meet the blacks 2,2021,"Action,Comedy,Horror",4.1,2595
tt11454066,you cannot kill david arquette,2020,"Documentary,Sport",7.1,2595
tt7336470,buñuel in the labyrinth of the turtles,2018,"Animation,Biography,Drama",7.1,2594
tt15438542,code name banshee,2022,"Action,Thriller",3.8,2594
tt3198000,beyond the trek,2017,"Drama,Sci-Fi",4.2,2594
tt12298140,virus32,2022,Horror,5.5,2594
tt6069126,the escape,2017,Drama,5.9,2593
tt6366854,check store next door,2016,"Comedy,Drama",7.8,2593
tt21392906,wrongful death,2023,"Horror,Mystery,Thriller",4.7,2593
tt8980128,deus,2022,"Adventure,Mystery,Sci-Fi",4.4,2593
tt6330514,out of thin air,2017,"Crime,Documentary",6.3,2592
tt7511008,paradise beach,2019,"Action,Thriller",4.7,2592
tt2381213,sundown,2016,"Action,Adventure,Comedy",5.4,2591
tt24060354,hwjn,2023,"Fantasy,Romance",5.9,2588
tt3355014,the zohar secret,2016,"Comedy,Drama,Sci-Fi",5.4,2588
tt20100884,where the devil cant go he sends a woman 2,2023,"Comedy,Crime,Drama",4.7,2587
tt3881026,rendel dark vengeance,2017,"Action,Crime,Drama",4.6,2585
tt11649614,hitman agent jun,2020,"Action,Comedy",6.4,2585
tt29436996,bubblegum,2023,"Drama,Romance",6.1,2585
tt13372884,black as night,2021,"Drama,Horror,Thriller",4.5,2585
tt22656762,dive,2022,"Drama,Sport",6.9,2584
tt33772755,c202,2024,Horror,5.6,2584
tt5986440,the glassworker,2024,"Animation,Drama,Romance",7.0,2584
tt7384848,missing,2018,"Drama,Mystery,Thriller",5.8,2584
tt6984258,the amityville murders,2018,Horror,4.7,2582
tt13635872,saras,2021,"Comedy,Drama,Romance",6.5,2581
tt8152324,wolf,2019,"History,Horror",4.0,2581
tt2538222,youre killing me susana,2016,"Comedy,Drama,Romance",6.4,2580
tt11013572,a good doctor,2019,Comedy,6.5,2579
tt6737766,breaking the limits,2017,"Biography,Drama,Sport",7.4,2579
tt5419676,feminists what were they thinking,2018,Documentary,7.1,2578
tt7531096,stardog and turbocat,2019,"Action,Adventure,Animation",5.2,2578
tt7689052,daphne  velma,2018,"Action,Comedy,Crime",4.2,2578
tt16591746,guard revenge for love,2025,"Horror,Thriller",5.0,2578
tt7342204,i can speak,2017,"Comedy,Drama",7.5,2577
tt9742392,kindred,2020,"Drama,Horror,Mystery",5.0,2577
tt22184976,minions  more 1,2022,"Adventure,Animation,Comedy",6.5,2576
tt29266854,marichi,2023,Mystery,5.6,2572
tt13424422,sword art online progressive  aria of a starless night,2021,"Action,Adventure,Animation",7.2,2572
tt8178958,generation iron 3,2018,Documentary,5.8,2571
tt5581752,ulysses a dark odyssey,2018,"Action,Crime,Drama",3.9,2570
tt5275844,michael jacksons journey from motown to off the wall,2016,"Documentary,Music",7.4,2570
tt9815998,hooking up,2020,"Comedy,Drama",5.6,2570
tt26439204,mercy,2023,"Action,Drama",4.5,2570
tt26425683,jhope in the box,2023,"Documentary,Music",8.4,2569
tt4746484,after love,2016,Drama,6.5,2569
tt10524262,missing 411 the hunted,2019,Documentary,7.0,2568
tt26594993,amelias children,2023,"Horror,Thriller",5.2,2568
tt16174868,left behind rise of the antichrist,2023,"Action,Drama,Mystery",4.5,2566
tt16433236,the sound of 007,2022,"Documentary,Music",7.4,2565
tt11206302,30 jours max,2020,"Action,Comedy,Crime",5.5,2564
tt5565670,ardaas,2016,Drama,8.3,2564
tt5997928,hotel salvation,2016,"Comedy,Drama",7.1,2563
tt6273736,vanishing time a boy who returned,2016,"Drama,Fantasy",7.2,2561
tt7284952,the carter effect,2017,"Documentary,Sport",7.1,2561
tt6332276,what we left behind looking back at star trek deep space nine,2018,"Documentary,Sci-Fi",8.2,2561
tt5929654,think like a dog,2020,"Comedy,Drama,Family",5.2,2561
tt33479839,the siege at thorn high,2025,"Action,Crime,Drama",6.5,2560
tt7203412,wing mirror,2017,"Comedy,Drama,Romance",4.2,2560
tt8396294,darlin,2019,"Horror,Thriller",4.9,2560
tt4677924,woodshock,2017,"Drama,Fantasy,Mystery",4.2,2560
tt9365800,slayers,2022,"Comedy,Fantasy,Horror",3.3,2560
tt26217622,zoey 102,2023,"Comedy,Drama,Family",4.9,2559
tt1966385,city of tiny lights,2016,"Crime,Drama,Mystery",5.6,2559
tt16986596,sons of summer,2023,"Action,Crime,Mystery",3.7,2558
tt17201166,unseen,2023,"Horror,Thriller",5.8,2558
tt29644530,murderess,2023,Drama,7.3,2557
tt6237268,ride,2018,"Crime,Horror,Thriller",4.6,2556
tt8305116,ayka,2018,Drama,7.1,2556
tt5910344,the house of tomorrow,2017,"Comedy,Drama",6.2,2555
tt35705915,andrew schulz life,2025,"Comedy,Documentary",7.6,2555
tt27866861,i want to talk,2024,Drama,7.1,2555
tt21361340,month of madhu,2023,"Drama,Romance",6.8,2554
tt15670222,the flood,2023,"Action,Horror,Thriller",3.2,2554
tt10669888,blood for dust,2023,"Action,Crime,Thriller",5.3,2554
tt13049516,rose blood a friday the 13th fan film,2021,Horror,6.2,2552
tt7355718,aadu  oru bheegara jeevi aanu 2,2017,Comedy,7.1,2552
tt5769414,mumon the land of stealth,2017,"Action,Romance",6.6,2552
tt6083388,god of war,2017,"Action,Adventure,Drama",6.4,2552
tt15801594,lighting up the stars,2022,"Comedy,Drama",7.5,2551
tt8805486,elbadlah,2018,"Action,Comedy,Drama",5.4,2551
tt5836866,the work,2017,Documentary,7.8,2550
tt23556408,the collective,2023,"Action,Thriller",3.3,2549
tt10373344,fishermans friends one and all,2022,"Comedy,Drama,Music",6.5,2549
tt37275151,missterious,2025,"Mystery,Romance,Thriller",9.3,2549
tt24069594,pasivadi pranam,2022,"Crime,Drama,Horror",6.9,2549
tt27219011,footage,2024,Thriller,4.3,2549
tt5115546,ghost team,2016,"Comedy,Thriller",4.9,2548
tt11051974,your eyes tell,2020,"Drama,Romance",7.4,2548
tt7127184,useless humans,2020,"Adventure,Comedy,Horror",4.5,2548
tt6141334,the black string,2018,"Horror,Mystery,Thriller",5.3,2548
tt21109538,hansan rising dragon,2022,"Action,Drama,History",6.6,2548
tt31416854,anand sreebala,2024,Crime,6.6,2547
tt8351882,no surrender,2018,"Action,Crime,History",5.6,2547
tt26863503,karna pisachi,2024,Thriller,7.9,2546
tt19896150,the angry black girl and her monster,2023,"Drama,Fantasy,Horror",5.3,2545
tt13110808,gamanam,2021,Drama,5.9,2545
tt6570098,ainbo,2021,"Adventure,Animation,Comedy",4.9,2544
tt2268433,end of a gun,2016,"Action,Crime,Thriller",3.6,2544
tt12826598,no dogs or italians allowed,2022,"Animation,Drama,Family",7.3,2544
tt9778170,panodrama,2019,Documentary,4.3,2544
tt9670480,gaddalakonda ganesh,2019,"Action,Comedy,Crime",6.3,2543
tt11503178,wild dog,2021,"Action,Thriller",6.1,2543
tt3039472,return to return to nuke em high aka vol 2,2017,"Action,Adventure,Comedy",5.3,2542
tt23183388,chaver,2023,"Crime,Thriller",6.2,2542
tt22742070,the abandoned,2022,"Crime,Drama,Mystery",6.3,2541
tt8098480,the refuge,2019,"Crime,Drama,Thriller",2.8,2541
tt4616250,the perfect weapon,2016,"Action,Sci-Fi,Thriller",2.9,2540
tt8109470,the unfamiliar,2020,"Horror,Thriller",4.1,2539
tt10957044,deadlock,2021,"Action,Thriller",3.6,2538
tt12091980,thinkalazhcha nishchayam,2021,"Comedy,Drama,Romance",7.7,2537
tt11426228,spirit halloween,2022,"Adventure,Family,Fantasy",4.6,2537
tt32083311,on becoming a guinea fowl,2024,"Comedy,Drama",7.0,2536
tt3823116,little birds big adventure,2017,"Adventure,Animation,Comedy",5.8,2536
tt29522022,arjun chakravarthy,2025,"Biography,Drama,Romance",6.5,2536
tt8090564,monsoon,2019,"Drama,History,Romance",6.0,2536
tt21435436,detective knight rogue,2022,"Action,Adventure,Crime",3.9,2536
tt5598100,patients,2016,"Comedy,Drama",7.2,2535
tt26493971,aranmanai 4,2024,Horror,5.0,2534
tt5462400,kóblic,2016,"Crime,Drama,Thriller",6.4,2534
tt9074318,son rise,2019,Documentary,6.9,2534
tt13531020,kumari,2022,"Horror,Thriller",6.4,2534
tt7453044,holly slept over,2020,Comedy,5.6,2534
tt6814914,journey from greece,2017,"Adventure,Drama,Music",7.0,2532
tt7456534,the new romantic,2018,"Comedy,Drama,Romance",5.8,2532
tt35431236,the piano accident,2025,Comedy,6.4,2532
tt30007748,roti kapda romance,2024,"Comedy,Drama,Romance",5.7,2531
tt6668212,a life of speed the juan manuel fangio story,2020,"Biography,Documentary,Sport",7.1,2530
tt34377012,mukadderat,2024,Comedy,6.9,2530
tt4240406,lída baarová,2016,"Biography,Drama,History",5.9,2529
tt28285070,rajugari kodipulao,2023,"Comedy,Drama,Mystery",8.2,2529
tt11389868,marvelous and the black hole,2021,"Comedy,Drama",6.2,2529
tt8983230,broad peak,2022,"Adventure,Biography,Drama",6.0,2529
tt11892916,security,2021,Thriller,5.0,2528
tt14926914,bermuda island,2023,"Action,Adventure,Drama",4.0,2528
tt21264924,blockade,2022,Drama,6.0,2527
tt7046826,the mimic,2017,"Horror,Mystery,Thriller",5.6,2527
tt27648380,var padharavo saavdhan,2023,"Drama,Family",3.6,2526
tt12036052,elephant,2020,"Adventure,Biography,Documentary",7.3,2525
tt10341196,gigi  nate,2022,"Drama,Family",6.8,2524
tt17351056,the last kumite,2024,Action,4.7,2524
tt6175764,only god can judge me,2017,"Crime,Drama,Thriller",6.7,2523
tt3013160,alien arrival,2016,"Action,Adventure,Sci-Fi",4.4,2523
tt7526338,damat takimi,2017,"Comedy,Romance",5.2,2523
tt4197642,a date for mad mary,2016,"Comedy,Drama,Romance",7.0,2522
tt14913250,everybody loves jeanne,2022,"Comedy,Drama,Romance",6.4,2522
tt3244786,the music of silence,2017,"Biography,Drama,Music",6.6,2522
tt34963732,predators,2025,"Crime,Documentary,Thriller",6.6,2522
tt5120400,red christmas,2016,"Horror,Thriller",4.3,2521
tt3923004,lake alice,2017,"Drama,Horror,Mystery",3.8,2521
tt5768992,the academy of magic,2020,"Animation,Fantasy",3.2,2519
tt11284502,south of heaven,2021,"Crime,Drama,Thriller",5.8,2519
tt6881490,sound of hope the story of possum trot,2024,Drama,7.1,2518
tt21215056,the garage,2022,Comedy,5.6,2518
tt6872436,sketch,2018,"Action,Thriller",5.6,2517
tt10115562,on a magical night,2019,Comedy,6.0,2516
tt14264844,pnk all i know so far,2021,"Biography,Documentary,Music",7.8,2516
tt35513027,sundays,2025,"Drama,Thriller",7.5,2516
tt1822395,dropa,2019,"Drama,Sci-Fi,Thriller",4.2,2516
tt5457926,blood child,2017,"Fantasy,Horror,Thriller",4.0,2515
tt10045434,the door,2019,Drama,6.9,2515
tt4834220,pork pie,2017,"Action,Comedy,Crime",6.4,2515
tt5759590,angels fallen,2020,"Horror,Sci-Fi",2.8,2514
tt31189897,billy  molly an otter love story,2024,Documentary,8.0,2514
tt5092484,beneath us,2019,"Horror,Thriller",5.4,2514
tt7090140,coda,2019,"Drama,Music",6.0,2514
tt28769440,rest in peace,2024,"Drama,Thriller",5.8,2512
tt20319598,lakadbaggha,2023,"Action,Comedy,Crime",6.2,2512
tt8099236,the silence of others,2018,Documentary,8.0,2511
tt8747548,axone,2019,"Comedy,Drama",6.8,2511
tt12415670,kingdom 2 far and away,2022,"Action,Adventure,History",6.7,2510
tt11151982,goblin slayer goblins crown,2020,"Action,Adventure,Animation",6.6,2510
tt7588160,ketenpere,2017,Comedy,4.5,2510
tt9894440,min pappa marianne,2020,"Comedy,Drama",6.8,2509
tt3619070,along came the devil,2018,"Drama,Horror,Thriller",4.1,2508
tt6271432,abstruse,2019,"Action,Crime,Drama",3.2,2508
tt17542540,christmas with the campbells,2022,"Comedy,Romance",5.4,2508
tt6559642,biz size döneriz,2017,"Comedy,Drama,Romance",5.8,2507
tt26903085,falling in love like in movies,2023,"Comedy,Drama,Romance",8.3,2506
tt30287778,i the executioner,2024,"Action,Adventure,Comedy",6.3,2506
tt5171016,mr burton,2025,"Biography,Drama",7.1,2505
tt8059926,gajaman,2023,"Animation,Comedy,Romance",8.0,2505
tt15465194,dr 56,2022,"Crime,Mystery,Sci-Fi",6.7,2504
tt13022120,a deadly invitation,2023,"Comedy,Mystery,Thriller",5.1,2504
tt7463730,junglee,2019,"Action,Adventure",5.6,2504
tt6479178,picture of beauty,2017,"Drama,Romance",3.5,2504
tt13913068,vaashi,2022,"Drama,Thriller",6.3,2503
tt31922530,the beach boys,2024,"Biography,Documentary,Music",7.1,2503
tt7959138,10 lives,2024,"Animation,Comedy,Family",6.0,2503
tt22394800,tears of cem karaca,2024,"Biography,Drama,Music",7.1,2503
tt6777170,24 frames,2017,Drama,6.8,2503
tt11310608,waiting for bojangles,2021,"Comedy,Drama,Romance",6.4,2502
tt23846664,extra ordinary man,2023,"Action,Comedy,Crime",4.9,2502
tt28448182,mountain queen the summits of lhakpa sherpa,2023,Documentary,7.6,2502
tt4671274,a bride for rip van winkle,2016,"Drama,Mystery,Romance",7.1,2502
tt5115024,back to moms,2016,"Comedy,Drama",5.8,2502
tt9110902,queen marie of romania,2019,Drama,7.2,2501
tt6385952,volition,2019,"Crime,Drama,Sci-Fi",5.6,2501
tt4685554,the snow queen 3 fire and ice,2016,"Adventure,Animation,Comedy",6.0,2501
tt10441958,how to be a good wife,2020,"Comedy,Drama",5.8,2501
tt4329242,love jacked,2018,"Comedy,Romance",5.9,2501
tt18305194,the smile man,2024,"Crime,Thriller",6.9,2501
tt7175968,my neighbor adolf,2022,"Comedy,Drama",6.7,2500
tt15141632,hell hath no fury,2021,"Action,War",4.8,2500
tt6747242,8 thottakkal,2017,Thriller,7.5,2499
tt5673432,get big,2017,"Comedy,Drama",4.8,2498
tt14097376,climax,2021,"Crime,Mystery,Thriller",7.2,2498
tt7555072,top end wedding,2019,"Comedy,Romance",6.3,2496
tt5463172,standing in the dust,2016,"Action,Biography,Drama",6.8,2495
tt6502956,yucatan,2018,"Adventure,Comedy",5.6,2495
tt10147382,my people my country,2019,"Drama,History",6.3,2495
tt32214143,gabbys dollhouse the movie,2025,"Adventure,Animation,Comedy",5.5,2495
tt13498824,the match,2025,"Biography,Drama,Sport",6.8,2495
tt8354344,witches in the woods,2019,"Horror,Mystery,Thriller",4.4,2494
tt19358832,hello june,2022,"Family,Musical,Romance",7.2,2494
tt12953548,super sharanya,2022,"Comedy,Romance",6.4,2494
tt31924094,gajaana,2025,"Adventure,Fantasy",3.6,2493
tt5152640,shortwave,2016,"Sci-Fi,Thriller",3.9,2492
tt27502227,pictures of ghosts,2023,"Documentary,History",7.6,2491
tt24244300,dear,2024,"Drama,Family,Romance",5.2,2490
tt6082222,no way 2,2016,Comedy,5.3,2490
tt20851874,fourth of july,2022,"Comedy,Drama",6.7,2490
tt5375434,sicilian ghost story,2017,"Crime,Drama,Fantasy",6.5,2490
tt36931506,paranthu po,2025,Comedy,7.2,2489
tt3349578,bad kids of crestview academy,2017,"Action,Comedy,Thriller",4.7,2489
tt14383680,perfect strangers,2021,"Comedy,Drama",7.8,2488
tt9462944,treasure,2024,"Comedy,Drama",6.3,2488
tt7025210,the cell,2017,"Action,Drama,Thriller",6.3,2488
tt4426464,arctic dogs,2019,"Adventure,Animation,Comedy",4.9,2487
tt3885524,the phenom,2016,"Drama,Sport",5.2,2487
tt12246266,200 meters,2020,"Adventure,Drama",7.2,2487
tt7692966,the third wife,2018,Drama,6.6,2486
tt26270862,sex,2024,"Drama,Romance",6.6,2486
tt31050020,once upon a deadpool,2018,"Action,Adventure,Comedy",7.2,2485
tt21853596,the island,2023,"Action,Thriller",4.6,2484
tt7413600,martyrs lane,2021,"Drama,Horror",5.5,2484
tt12763474,robins wish,2020,"Biography,Documentary",7.3,2484
tt32881480,a brother and 7 siblings,2024,"Drama,Family",8.1,2484
tt3667792,natural selection,2016,"Crime,Drama,Mystery",5.1,2483
tt7138894,against the night,2017,"Horror,Mystery,Thriller",3.7,2483
tt8064418,assassin 33 ad,2020,Sci-Fi,3.0,2482
tt7429708,pig,2018,"Comedy,Crime,Drama",6.0,2482
tt3343868,the veil,2017,"Action,Adventure,Sci-Fi",3.2,2482
tt14941698,tad the lost explorer and the emerald tablet,2022,"Adventure,Animation,Comedy",6.0,2481
tt6734886,power paandi,2017,"Action,Drama,Musical",7.4,2480
tt6090044,romina,2018,"Horror,Thriller",2.3,2479
tt11343416,acrylic,2020,Comedy,2.9,2479
tt4915318,cave,2016,"Adventure,Crime,Horror",4.2,2478
tt6384386,fanney khan,2018,"Comedy,Drama,Music",4.5,2477
tt4076934,my beloved bodyguard,2016,"Action,Crime,Drama",5.9,2476
tt5947416,the last princess,2016,"Action,Biography,Drama",7.1,2476
tt4419196,mathilde,2017,"Biography,Drama,History",5.3,2476
tt11281192,qalb,2024,"Drama,Romance",6.5,2475
tt14850544,sam  kate,2022,"Comedy,Drama,Romance",6.2,2475
tt6102104,the ride,2018,Drama,7.2,2475
tt8484942,indias most wanted,2019,"Action,Thriller",4.7,2474
tt7335600,enter the fat dragon,2020,"Action,Comedy",5.8,2473
tt5470222,contract to kill,2016,"Action,Thriller",3.2,2472
tt15567964,csi sanatan,2023,"Crime,Thriller",4.6,2472
tt32495402,srikakulam sherlockholmes,2024,Comedy,7.8,2472
tt3844876,the legend of ben hall,2017,"Action,Biography,Drama",5.8,2472
tt2449638,atomica,2017,"Sci-Fi,Thriller",4.2,2471
tt27165281,dying,2024,Drama,7.4,2471
tt7535756,squad,2017,Drama,7.1,2470
tt13611770,seoul vibe,2022,"Action,Comedy,Crime",5.5,2469
tt15713012,overdose,2022,"Action,Crime,Thriller",5.8,2469
tt13806164,dry,2022,"Comedy,Drama",6.2,2469
tt6505968,euthanizer,2017,"Drama,Horror,Thriller",6.7,2467
tt26060006,the good teacher,2024,"Drama,Thriller",6.6,2467
tt6289394,dönerse senindir,2016,"Comedy,Romance",4.8,2467
tt14296268,2gether the movie,2021,"Comedy,Musical,Romance",6.6,2467
tt13913326,chernobyl the lost tapes,2022,"Documentary,History",7.9,2467
tt27958252,caught by the tides,2024,Drama,6.7,2466
tt20864606,camp pleasant lake,2024,Horror,3.2,2466
tt13350412,eeswaran,2021,"Action,Drama",4.3,2465
tt21096576,one fast move,2024,Action,5.0,2465
tt9239882,kadaram kondan,2019,"Action,Crime,Thriller",5.6,2464
tt2488666,malibu horror story,2023,"Horror,Thriller",4.5,2463
tt5215462,console wars,2020,Documentary,7.0,2463
tt13603778,american murderer,2022,"Biography,Crime,Drama",5.4,2463
tt28535416,tantra,2024,Horror,4.8,2463
tt15115804,o2,2022,Thriller,5.7,2463
tt27747488,goldilocks and the three bears death and porridge,2024,"Horror,Thriller",2.2,2462
tt3704298,vincent n roxxy,2016,"Crime,Drama,Thriller",5.5,2462
tt3487610,malevolence 3 killer,2018,Horror,4.6,2461
tt21746178,the anthrax attacks,2022,"Crime,Documentary",6.3,2460
tt32553651,andhra king taluka,2025,Drama,6.5,2460
tt6042446,vezir parmagi,2017,"Comedy,History",4.1,2458
tt6067832,batman  bill,2017,"Animation,Documentary,Mystery",7.9,2457
tt13288678,mobile suit gundam hathaway,2021,"Action,Animation,Drama",6.6,2457
tt9697780,slalom,2020,"Drama,Sport",6.6,2457
tt29415777,jithender reddy,2024,Action,7.8,2456
tt18233116,1921 puzha muthal puzha vare,2022,History,7.0,2455
tt21833834,limbo,2023,"Crime,Drama,Mystery",6.2,2455
tt15119668,the falls,2021,Drama,7.0,2452
tt4060544,step up china,2019,Music,3.7,2452
tt9501310,detective conan the fist of blue sapphire,2019,"Action,Adventure,Animation",6.3,2452
tt10984580,utama,2022,Drama,7.1,2452
tt6428150,high strung free dance,2018,"Music,Romance",6.8,2451
tt7260818,book of monsters,2018,"Action,Comedy,Horror",4.7,2451
tt14260566,the great lillian hall,2024,"Adventure,Biography,History",7.3,2450
tt11369540,the champion,2020,"Biography,Drama,History",6.8,2450
tt3856408,making waves the art of cinematic sound,2019,"Documentary,History",7.6,2450
tt7555774,at war,2018,Drama,7.0,2449
tt12491064,intruder,2020,"Mystery,Thriller",6.1,2449
tt10084190,chandigarh amritsar chandigarh,2019,"Comedy,Drama,Romance",6.2,2449
tt6360872,bus party to hell,2017,"Comedy,Horror",3.8,2449
tt12283788,sinful,2020,"Horror,Thriller",2.8,2448
tt23474462,japan,2023,"Action,Comedy,Crime",3.1,2447
tt13639204,irréductible,2022,Comedy,6.2,2447
tt11188560,a taste of hunger,2021,"Drama,Romance",6.3,2446
tt23635174,my name is shruthi,2023,Thriller,6.1,2444
tt7257586,kurangu bommai,2017,"Drama,Thriller",7.8,2443
tt16378034,tantura,2022,"Documentary,History",8.5,2442
tt9694312,stardust,2020,"Biography,Drama,Music",4.5,2442
tt7624840,paharganj,2019,"Crime,Drama,Mystery",3.8,2442
tt7319822,saving zoë,2019,"Crime,Drama,Mystery",5.4,2442
tt4964772,risk,2016,Documentary,6.3,2441
tt4446472,porto,2016,"Drama,Romance",6.0,2440
tt5053156,the village in the woods,2019,"Drama,Horror,Mystery",4.1,2440
tt31616118,anpodu kanmani,2025,Family,5.2,2439
tt14773478,medusa deluxe,2022,"Drama,Mystery",6.1,2439
tt11173106,sufna,2020,Romance,8.0,2439
tt5834410,the tigers apprentice,2024,"Action,Adventure,Animation",5.8,2438
tt14267154,ripper untold,2021,"Crime,Drama,Horror",4.1,2437
tt21281462,poran,2022,"Crime,Drama,History",7.3,2436
tt6809030,4n1k,2017,Comedy,4.9,2436
tt36587142,aaromaley,2025,"Comedy,Drama,Romance",7.2,2436
tt16211650,mr lonely,2021,Romance,8.5,2436
tt14881696,uncle tom ii an american odyssey,2022,"Documentary,History",6.5,2434
tt11755300,golondaaj,2021,Sport,7.2,2434
tt34874906,pranaya godari,2024,"Action,Romance",7.9,2434
tt7099280,needle in a timestack,2021,"Drama,Fantasy,Romance",5.4,2433
tt11923962,thanal,2025,"Action,Drama,Thriller",5.3,2433
tt19768508,cyber hell exposing an internet horror,2022,"Crime,Documentary",6.6,2433
tt32598483,goyo,2024,"Comedy,Drama,Romance",6.6,2432
tt11696276,renegades,2022,"Action,Crime,Drama",3.7,2431
tt5161376,tonight she comes,2016,"Comedy,Horror",3.9,2430
tt8464364,evening installation,2019,Thriller,3.2,2430
tt4480398,attack of the killer donuts,2016,"Action,Comedy,Horror",3.8,2430
tt7624934,zoo,2018,"Comedy,Drama,Horror",5.5,2430
tt5263116,at war with love,2016,"Comedy,Drama,Romance",6.9,2429
tt5576318,who killed cock robin,2017,"Crime,Mystery,Thriller",7.1,2429
tt13622118,cryptozoo,2021,"Action,Animation,Crime",6.4,2428
tt4426738,animals,2019,"Comedy,Drama",6.0,2428
tt10509906,the long night,2022,Horror,3.8,2428
tt4949290,cartels,2016,"Action,Crime,Thriller",3.7,2427
tt5637542,ron goossens low budget stuntman,2017,"Action,Comedy",6.1,2427
tt3221544,kshop,2016,"Crime,Horror,Thriller",5.9,2427
tt7776838,the most beautiful girl in the world,2018,"Comedy,Music,Romance",7.2,2427
tt30630336,tekka,2024,Drama,6.1,2427
tt33029543,stelios,2024,"Biography,Drama,Music",7.2,2426
tt26434746,first shift,2024,"Crime,Drama",4.5,2426
tt7055592,brotherhood of blades 2,2017,"Action,Adventure,Drama",6.6,2425
tt14780126,murphy,2024,Romance,6.9,2424
tt27621015,shastry viruddh shastry,2023,Drama,6.9,2424
tt8311958,divine love,2019,"Drama,Sci-Fi",6.1,2424
tt5857968,kuttrame thandanai,2016,"Crime,Drama,Mystery",7.6,2424
tt4635936,schweinskopf al dente,2016,"Comedy,Crime",6.9,2424
tt13137576,hold me tight,2021,Drama,6.7,2424
tt7085842,the end,2017,"Horror,Thriller",5.4,2423
tt7502322,masquerade hotel,2019,"Crime,Drama,Mystery",6.4,2423
tt21955196,stolen,2024,"Drama,Thriller",5.8,2423
tt5563782,followed,2018,"Horror,Mystery,Thriller",4.9,2422
tt15168124,juice wrld into the abyss,2021,"Documentary,Music",7.6,2422
tt15399616,ayisha,2023,"Comedy,Drama,Family",5.9,2422
tt6389316,wrath of silence,2017,"Crime,Drama,Mystery",7.1,2422
tt21377766,frogman,2023,Horror,5.0,2422
tt5631456,just like our parents,2017,Drama,7.2,2421
tt19894774,the braid,2023,Drama,7.2,2421
tt6072502,the school,2018,"Horror,Thriller",4.0,2421
tt6889042,count me in,2021,"Documentary,History,Music",6.8,2420
tt5680626,men 30 sanah,2016,"Crime,Drama,Thriller",7.0,2419
tt10334456,once were brothers,2019,"Biography,Documentary,History",7.4,2419
tt31807233,her story,2024,"Comedy,Drama,Romance",7.5,2419
tt9187214,the strong ones,2019,"Drama,Romance",7.3,2419
tt7159566,transference,2020,"Action,Mystery,Sci-Fi",4.0,2418
tt15164298,dynamite,2021,Comedy,4.8,2418
tt14112080,tethered,2022,"Drama,Horror,Mystery",4.7,2418
tt5742874,sarkar 3,2017,"Crime,Drama",5.0,2417
tt14035154,what do we see when we look at the sky,2021,"Comedy,Drama,Romance",6.8,2416
tt8006426,deadly still,2018,"Horror,Thriller",5.1,2416
tt28660814,scouts honor the secret files of the boy scouts of america,2023,"Crime,Documentary",7.0,2416
tt1977094,beyond white space,2018,"Sci-Fi,Thriller",4.5,2416
tt5635638,white boy,2017,"Crime,Documentary",7.1,2416
tt6167014,mr donkey,2016,Comedy,7.4,2416
tt13142240,anaïs in love,2021,"Comedy,Drama,Romance",6.4,2415
tt29475628,nunta pe ban,2023,Comedy,6.9,2415
tt1800393,the last son,2021,"Action,Adventure,Drama",4.9,2415
tt27736430,daaru na peenda hove,2024,"Comedy,Drama,Family",6.7,2415
tt6294892,awakening the zodiac,2017,"Crime,Drama,Mystery",4.8,2414
tt13240610,night of the tommyknockers,2022,"Drama,Horror,Thriller",5.2,2414
tt30701950,khadaan,2024,"Action,Drama",7.1,2413
tt6857804,stolen season,2020,Drama,5.1,2413
tt9769668,tughlaq durbar,2021,"Comedy,Drama,Thriller",5.3,2413
tt14265992,aileen wuornos american boogeywoman,2021,"Biography,Crime,Drama",3.9,2412
tt7559180,99 songs,2019,"Musical,Romance",6.5,2411
tt9799992,sang krasue,2019,"Drama,Horror,Romance",6.4,2410
tt34966013,come see me in the good light,2025,"Biography,Documentary,Family",7.6,2410
tt11612144,koli taal,2021,"Comedy,Drama,Mystery",7.7,2409
tt5833186,the last rampage,2017,"Crime,Drama,Mystery",5.8,2409
tt24516518,vaalvi,2023,"Comedy,Drama,Thriller",8.3,2408
tt10165918,the changed,2021,"Horror,Sci-Fi,Thriller",3.4,2407
tt5687814,golden exits,2017,Drama,5.7,2407
tt5641832,coyote,2017,"Action,Drama,Thriller",7.0,2407
tt11924476,a werewolf in england,2020,"Comedy,Horror",3.7,2406
tt23849582,madhura manohara moham,2023,"Comedy,Drama,Family",6.4,2405
tt32810496,diamonds,2024,"Comedy,Drama",6.7,2405
tt32306048,ruth  boaz,2025,"Drama,Romance",6.0,2404
tt14035242,a cop movie,2021,"Action,Crime,Documentary",7.0,2404
tt5700648,a man and a woman,2016,"Drama,Romance",6.7,2402
tt5001772,justin timberlake  the tennessee kids,2016,"Documentary,Music",7.6,2402
tt7666250,yuli,2018,"Biography,Drama,History",7.0,2401
tt11718902,ajagajantharam,2021,"Action,Comedy",6.7,2400
tt11908062,winter,2020,Drama,5.2,2400
tt33362807,popeyes revenge,2025,Horror,3.1,2400
tt12312854,dark obsession,2023,Thriller,5.1,2400
tt31306866,i heart robots,2024,"Action,Adventure",4.4,2399
tt7210426,through the fire,2018,Drama,6.9,2399
tt6588950,senior moment,2021,"Comedy,Drama,Romance",5.6,2399
tt12801374,under the open sky,2020,"Crime,Drama",7.2,2399
tt27411485,minus 31 the nagpur files,2023,"Crime,Music,Mystery",5.3,2399
tt9882084,chasing happiness,2019,"Biography,Documentary,Music",7.7,2398
tt26316907,iraivan,2023,"Action,Crime,Drama",4.7,2398
tt27796126,islands,2025,"Crime,Drama,Thriller",6.4,2397
tt15477096,night drive,2022,"Drama,Thriller",6.7,2397
tt7377132,mothers instinct,2018,"Drama,Mystery,Thriller",6.5,2397
tt33496202,ramnagar bunny,2024,Comedy,6.7,2397
tt5215486,dawson city frozen time,2016,"Documentary,History",7.5,2397
tt7880466,detective conan zero the enforcer,2018,"Action,Adventure,Animation",6.2,2396
tt22507374,bogota city of the lost,2024,"Crime,Drama,Thriller",5.4,2396
tt8777022,siccin 5,2018,Horror,5.0,2396
tt15944018,once upon a crime,2023,"Adventure,Comedy,Crime",5.3,2396
tt21626274,bujji ila raa,2022,Thriller,6.5,2396
tt14915608,captain nova,2021,"Adventure,Family,Sci-Fi",5.5,2396
tt11636880,attack on finland,2021,"Action,Thriller",5.3,2395
tt5541132,the dumpling affair,2017,"Comedy,Crime,Drama",7.1,2395
tt2411144,the queen of spain,2016,"Comedy,Drama",5.3,2395
tt27502250,anselm,2023,Documentary,7.2,2395
tt6822518,life is lovely,2017,"Comedy,Drama",7.4,2393
tt12059016,red snow,2021,"Comedy,Horror,Thriller",5.0,2393
tt11271800,mayday,2021,"Drama,Fantasy,Mystery",4.5,2391
tt14488772,seethayanam,2022,"Drama,Thriller",7.0,2391
tt15078854,bangarraju,2022,Drama,5.5,2390
tt10489780,bandi,2025,Adventure,7.4,2387
tt6215208,allure,2017,"Drama,Romance,Thriller",5.1,2387
tt4937564,sex doll,2016,"Drama,Romance,Thriller",4.6,2387
tt15327256,viruman,2022,"Action,Drama",4.9,2387
tt23782662,private lesson,2022,"Comedy,Romance",4.8,2386
tt5459382,the etruscan smile,2018,"Comedy,Drama",6.9,2386
tt6444838,the workshop,2017,"Drama,Mystery,Thriller",6.5,2386
tt7037712,denmark,2019,"Comedy,Drama",6.2,2386
tt23144080,maujaan hi maujaan,2023,Comedy,6.2,2386
tt2137241,rock on 2,2016,"Drama,Music",4.9,2386
tt12972134,hounds of war,2024,"Action,Drama",4.6,2385
tt7080422,dragon rider,2020,"Adventure,Animation,Comedy",5.7,2385
tt25366998,alhamour ha,2023,"Biography,Comedy,Crime",7.1,2384
tt15783426,one day as a lion,2023,"Action,Comedy,Thriller",5.2,2384
tt27330026,dhak dhak,2023,Drama,6.3,2384
tt10431010,raatchasi,2019,Drama,7.4,2384
tt32480186,ed extra decent,2024,Comedy,5.9,2384
tt6451304,have a nice day,2017,"Animation,Comedy,Crime",6.5,2383
tt13456340,riceboy sleeps,2022,"Drama,Family,History",7.6,2383
tt13205458,float,2023,"Drama,Romance",5.3,2382
tt6409416,the elder one,2019,"Crime,Drama,Romance",7.3,2382
tt27880828,raktaksha,2024,"Action,Crime,Mystery",6.2,2382
tt7007696,share,2019,"Crime,Drama,Mystery",5.6,2382
tt6599340,bluebeard,2017,Thriller,6.4,2382
tt21860836,obiwan kenobi a jedis return,2022,Documentary,7.3,2381
tt7250358,botoks,2017,"Action,Drama,Thriller",3.8,2380
tt23549436,brother,2024,"Comedy,Family",5.6,2378
tt31939390,alanaati ramachandrudu,2024,Drama,7.1,2377
tt35042637,warlord,2025,Action,5.0,2377
tt28539705,star,2024,Drama,6.6,2377
tt14992864,carma,2022,"Crime,Romance,Thriller",7.3,2377
tt13451738,kodiyil oruvan,2021,"Action,Drama",6.7,2376
tt19768016,love according to dalva,2022,Drama,7.3,2375
tt9222962,eakam,2021,"Adventure,Drama,Fantasy",7.0,2375
tt4875844,the 24 hour war,2016,"Documentary,History,Sport",7.2,2375
tt11394158,miss juneteenth,2020,Drama,6.5,2374
tt5716848,wheres the money,2017,"Comedy,Crime",5.1,2374
tt9101540,big brother,2020,"Action,Drama,Thriller",3.6,2374
tt8900434,el pepe a supreme life,2018,"Biography,Documentary",7.1,2374
tt29491755,love reddy,2024,Romance,7.9,2373
tt22489564,har har mahadev,2022,"Action,Drama,History",7.3,2373
tt13334870,naradan,2022,"Drama,Thriller",6.0,2372
tt34280353,yacht rock a dockumentary,2024,"Documentary,Music",7.6,2372
tt7754540,odavum mudiyadhu oliyavum mudiyadhu,2023,"Comedy,Horror",3.3,2371
tt29454492,kolpaçino 4 4lük,2024,Comedy,2.7,2371
tt2769828,peelers,2016,"Comedy,Horror",4.1,2370
tt23723678,sattam en kaiyil,2024,"Crime,Horror,Thriller",7.7,2370
tt21087084,happy ending,2023,"Comedy,Romance",5.4,2370
tt5193460,text for you,2016,"Comedy,Drama,Romance",6.6,2370
tt6035294,the magic pill,2017,Documentary,7.2,2370
tt4439102,officer downe,2016,"Action,Comedy,Sci-Fi",4.2,2370
tt4026034,hired gun,2016,"Documentary,Music",7.2,2370
tt32189369,music shop murthy,2024,Music,8.0,2368
tt9847360,a glitch in the matrix,2021,Documentary,5.2,2368
tt36364273,holy ghost,2025,"Horror,Mystery,Thriller",3.4,2367
tt4300754,sawah,2019,"Comedy,Drama,Thriller",5.4,2367
tt8694594,the mystery of db cooper,2020,"Crime,Documentary,History",6.5,2366
tt15108954,spiritwalker,2020,"Action,Fantasy,Mystery",6.2,2366
tt33240751,rewind,2024,Drama,7.4,2366
tt28219502,ala ila ela,2023,"Action,Drama,Romance",7.3,2366
tt15420598,anne,2021,Drama,6.2,2366
tt5317914,the icebreaker,2016,"Action,Adventure,Drama",6.1,2365
tt33088719,hide n seek,2024,"Horror,Thriller",8.4,2365
tt29720239,bye bye barry,2023,"Documentary,Sport",7.7,2365
tt28226738,evol a love story in reverse,2024,Thriller,5.6,2364
tt13131610,bholaa shankar,2023,"Action,Crime,Drama",3.3,2364
tt5831402,the feels,2017,"Comedy,Romance",5.1,2363
tt32427535,aarata,2024,Drama,5.0,2363
tt33996087,deathstalker,2025,"Action,Adventure,Fantasy",5.7,2363
tt6284564,hot dog,2018,"Action,Comedy",4.2,2362
tt10452480,kettiyollaanu ente maalakha,2019,"Comedy,Drama",7.5,2362
tt12283036,room 203,2022,"Drama,Horror,Thriller",4.3,2362
tt12108272,close encounters of the fifth kind,2020,Documentary,6.1,2362
tt5215260,ko 2,2016,Thriller,5.2,2361
tt13032716,dancing queens,2021,"Comedy,Drama",5.8,2361
tt5687416,whats up with cinta 2,2016,"Drama,Romance",7.3,2360
tt15466426,everybody hates johan,2022,Comedy,6.8,2360
tt13694706,the survivalist,2021,"Action,Sci-Fi,Thriller",3.6,2360
tt11566164,secret zoo,2020,Comedy,6.2,2359
tt16369708,the imaginary,2023,"Adventure,Animation,Drama",6.8,2359
tt6589464,the prison,2017,"Action,Crime",6.5,2358
tt32134802,seetha kalyana vaibhogame,2024,Action,8.6,2358
tt9859574,shiv shastri balboa,2022,"Comedy,Drama",6.6,2358
tt15671624,mayasabha,2025,"Fantasy,Thriller",7.0,2357
tt6872846,scales,2019,"Drama,Fantasy,Mystery",5.8,2357
tt6264954,my generation,2017,"Documentary,History",7.1,2357
tt27641085,sijjin,2023,"Horror,Thriller",5.4,2356
tt3390550,the barn,2016,"Comedy,Horror",5.2,2356
tt13232552,the man in the white van,2023,Thriller,5.4,2355
tt28789314,maadeva,2025,Thriller,6.2,2355
tt8506840,i do not care if we go down in history as barbarians,2018,"Comedy,Drama",7.3,2355
tt4907206,turnt,2020,Drama,3.3,2355
tt13238110,fractured,2020,Drama,7.2,2354
tt16444750,the last 10 years,2022,"Drama,Romance",7.0,2354
tt7329810,the bill murray stories life lessons learned from a mythical man,2018,Documentary,7.1,2354
tt3917908,an insignificant man,2016,"Documentary,Thriller",8.5,2353
tt12825632,miss willoughby,2021,"Adventure,Crime,Mystery",5.6,2353
tt21439464,dochevaarevarura,2023,"Comedy,Crime,Thriller",7.1,2353
tt34966650,its never over jeff buckley,2025,"Biography,Documentary,Music",7.7,2352
tt32339528,sit,2024,Crime,6.6,2351
tt15760296,raavan,2022,"Action,Thriller",6.5,2349
tt8972556,i am vengeance retaliation,2020,Action,3.5,2348
tt26923601,game on,2024,"Action,Drama,Romance",4.7,2348
tt5639388,raaz reboot,2016,"Horror,Mystery,Thriller",4.5,2348
tt13473548,leave no traces,2021,"Crime,Drama,History",7.1,2348
tt36751759,wick is pain,2025,Documentary,7.6,2347
tt5882982,memoirs of a murderer,2017,"Drama,Mystery,Thriller",6.8,2347
tt3315380,night of something strange,2016,"Comedy,Horror",4.7,2346
tt9448868,bts world tour love yourself in seoul,2018,"Documentary,Music",8.8,2346
tt7130192,the demonologist,2019,"Crime,Fantasy,Horror",3.3,2345
tt13610158,the harbinger,2022,"Drama,Horror,Mystery",5.4,2344
tt6170484,monster hunt 2,2018,"Adventure,Comedy,Fantasy",5.4,2342
tt27348312,rascal does not dream of a sister venturing out,2023,"Animation,Drama,Fantasy",7.3,2342
tt18688184,the marriage app,2022,"Comedy,Romance",5.5,2342
tt5448338,plan a,2021,"Drama,History,Thriller",6.0,2342
tt26595906,the world will tremble,2025,"Biography,Drama,History",6.7,2342
tt10955578,action,2019,"Action,Adventure,Thriller",4.8,2341
tt7534150,our happy holiday,2018,Comedy,5.9,2341
tt9355194,the booksellers,2019,Documentary,6.9,2341
tt11162490,the legend of molly johnson,2021,"Drama,History,Thriller",6.5,2341
tt25377462,a guilty conscience,2023,"Comedy,Crime,Drama",7.2,2340
tt14637386,parallel,2024,"Drama,Sci-Fi,Thriller",5.3,2337
tt22805590,black noise,2023,"Action,Sci-Fi",3.0,2337
tt11599576,juniper,2021,Drama,6.6,2337
tt6634646,hale county this morning this evening,2018,Documentary,6.4,2335
tt5737582,midnighters,2017,"Drama,Thriller",5.4,2335
tt26745202,vey dharuvey,2024,"Action,Comedy",6.0,2335
tt9358196,marianne  leonard words of love,2019,"Biography,Documentary,Music",7.0,2335
tt15528002,vinodhaya sitham,2021,"Comedy,Drama",8.0,2335
tt28943278,heart of the hunter,2024,"Action,Thriller",4.7,2335
tt5488854,tales of an immoral couple,2016,Comedy,6.9,2333
tt7214470,haunted hospital,2018,"Horror,Mystery,Thriller",4.2,2332
tt5467554,daphne,2017,"Comedy,Drama",6.0,2332
tt32251194,illegal hayatlar meclis,2024,Comedy,6.0,2332
tt18072882,northern comfort,2023,Comedy,5.4,2332
tt7763020,dovlatov,2018,"Biography,Drama",6.4,2332
tt10534996,josep,2020,"Animation,Biography,Drama",7.4,2332
tt13393728,the conheartist,2020,"Comedy,Romance",7.1,2331
tt3551042,magi,2016,Horror,5.1,2330
tt33038082,untold the murder of air mcnair,2024,"Crime,Documentary,Sport",5.6,2329
tt4926538,the tuche family the american dream,2016,Comedy,5.0,2328
tt10204366,three days and a life,2019,"Crime,Drama,Thriller",6.7,2327
tt32086252,paarijathaparvam,2024,"Comedy,Crime",6.1,2327
tt11748354,perfumes,2019,"Comedy,Drama",6.6,2327
tt18073066,leave,2022,"Drama,Horror,Mystery",4.9,2327
tt26903465,sir,2024,Thriller,7.2,2326
tt5065810,aloys,2016,"Drama,Fantasy",6.3,2326
tt6215712,ajin demihuman,2017,"Action,Horror,Mystery",6.4,2324
tt34139335,return of the king the fall and rise of elvis presley,2024,"Documentary,Music",7.6,2324
tt5478456,we are zombies,2023,"Comedy,Horror",5.3,2323
tt8247470,rosie,2018,Drama,7.0,2323
tt7560964,herbert west reanimator,2017,"Horror,Sci-Fi",4.6,2323
tt13063384,burial,2022,"Horror,Thriller,War",5.0,2323
tt13782052,1000 miles from christmas,2021,"Comedy,Romance",5.9,2322
tt27610677,double ismart,2024,"Action,Sci-Fi,Thriller",2.9,2321
tt19770970,detective conan the bride of halloween,2022,"Action,Animation,Crime",6.8,2321
tt10768548,raahu,2020,Thriller,6.1,2320
tt29114624,chhota bheem and the curse of damyaan,2024,"Action,Adventure,Comedy",4.7,2320
tt33852162,a private life,2025,"Crime,Drama,Mystery",6.3,2319
tt4943218,the worthy,2016,"Action,Sci-Fi,Thriller",5.1,2319
tt8318702,drailed,2018,"Action,Adventure,Horror",3.8,2318
tt6620324,indu sarkar,2017,"Drama,Thriller",6.0,2318
tt10334602,sivappu manjal pachai,2019,"Action,Drama,Thriller",7.1,2318
tt7884368,destroy all neighbors,2024,"Comedy,Horror",5.3,2317
tt9850344,night shift,2020,"Crime,Drama,Thriller",5.4,2317
tt3416670,the independent,2022,"Crime,Mystery,Thriller",5.8,2317
tt13285394,the accusation,2021,"Crime,Drama",7.0,2317
tt14163772,a christmas tale,2021,"Comedy,Drama,Family",6.3,2316
tt23343786,lesson plan,2022,"Action,Crime,Drama",5.0,2315
tt21339860,heartsong,2022,"Comedy,Drama,Music",5.8,2315
tt3652142,espionage tonight,2017,"Action,Comedy",4.0,2314
tt7364566,maria by callas,2017,"Biography,Documentary,Music",7.2,2314
tt5969180,i hate kids,2019,"Adventure,Comedy",5.1,2313
tt9050310,slashback,2022,"Adventure,Horror,Sci-Fi",5.7,2313
tt27921620,alltime high,2023,Comedy,5.8,2312
tt9786512,adiós,2019,"Action,Adventure,Drama",6.1,2312
tt6922972,monopoly the bank of luck,2017,Comedy,6.5,2312
tt8765580,exit plan,2019,"Drama,Mystery",5.1,2312
tt7482212,the good girls,2018,Drama,6.9,2312
tt3041550,matangimayamia,2018,"Biography,Documentary,Music",7.5,2311
tt11394188,spaceship earth,2020,Documentary,6.4,2310
tt11771704,between two dawns,2021,Drama,7.0,2309
tt3093286,the american side,2016,"Drama,Mystery,Thriller",4.8,2309
tt4169146,give me liberty,2019,"Comedy,Drama",6.7,2308
tt10880402,de gaulle,2020,"Biography,Drama,History",6.1,2308
tt21049266,my daughters killer,2022,"Crime,Documentary",6.9,2308
tt31723358,tell me what you want,2024,"Drama,Romance,Thriller",4.0,2307
tt14474588,you me lenin,2021,Drama,6.5,2307
tt5864680,missing 411,2016,Documentary,6.4,2307
tt11310884,history of the occult,2020,Horror,6.4,2307
tt5372528,manifest destiny down spacetime,2019,"Comedy,Musical,Romance",4.0,2307
tt11394168,be water,2020,Documentary,7.3,2306
tt3311020,be afraid,2017,"Horror,Sci-Fi,Thriller",4.8,2306
tt6578572,ryuichi sakamoto coda,2017,"Documentary,Music",7.6,2306
tt27511275,8 am metro,2023,Drama,7.7,2305
tt10703978,the free fall,2021,"Drama,Horror,Mystery",4.7,2305
tt9507234,digimon adventure last evolution kizuna,2020,"Action,Adventure,Animation",7.5,2304
tt8178762,detained,2024,"Crime,Mystery,Thriller",4.9,2303
tt14831708,diary of a fleeting affair,2022,"Comedy,Drama,Romance",6.8,2303
tt33022813,love in the big city,2024,"Comedy,Drama,Romance",7.4,2303
tt1131728,basmati blues,2017,"Comedy,Musical,Romance",4.0,2301
tt11155912,the ravine,2021,"Mystery,Thriller",4.5,2301
tt28054637,chilli chicken,2024,Drama,8.1,2301
tt13276386,shawn mendes in wonder,2020,"Documentary,Music",6.5,2300
tt6182954,the treasure,2017,"Action,Adventure,Drama",6.9,2300
tt28444513,pekamedalu,2024,Drama,8.5,2300
tt14091152,dollu,2022,Drama,7.5,2300
tt21301666,tees maar khan,2022,"Action,Drama,Romance",5.3,2299
tt6874254,out of blue,2018,"Crime,Drama,Mystery",4.8,2299
tt6330246,school of life,2017,"Comedy,Drama,Family",6.9,2299
tt10011508,trixie mattel moving parts,2019,Documentary,7.3,2298
tt15028452,baby assassins,2021,"Action,Comedy,Crime",6.4,2298
tt27773954,the thing with feathers,2025,Drama,5.7,2298
tt29439945,aybüke ögretmen oldum ben,2023,"Biography,Drama",7.9,2298
tt15568760,nitham oru vaanam,2022,Drama,7.3,2297
tt15056920,bhairathi ranagal,2024,Drama,6.9,2297
tt4289062,bloodrunners vampire wine,2017,"Action,Crime,Horror",4.5,2297
tt13932410,fours a crowd,2022,"Adventure,Comedy",6.0,2297
tt6109124,aadhi,2018,"Action,Thriller",6.4,2297
tt6340112,bogan,2017,"Action,Fantasy",6.4,2296
tt4397342,cities of last things,2018,"Crime,Drama,Sci-Fi",6.3,2295
tt25504468,loveyapa,2025,"Comedy,Drama",5.2,2295
tt4669278,the sound,2017,"Horror,Mystery,Thriller",3.5,2294
tt4699534,we need to talk,2016,"Comedy,Romance",5.8,2294
tt8011328,seema raja,2018,"Action,Drama",4.3,2294
tt4412528,two lovers and a bear,2016,"Adventure,Drama,Romance",6.0,2294
tt18250130,neymar,2023,"Comedy,Family",6.5,2294
tt4826674,the journey,2016,"Biography,Drama,History",6.7,2294
tt35927674,siko siko,2025,"Comedy,Crime,Drama",7.3,2293
tt19351904,lehmberginni,2023,Comedy,5.8,2293
tt8769300,rise of the footsoldier the heist,2019,"Action,Comedy,Crime",5.6,2292
tt13117446,dragon knight,2022,Fantasy,3.3,2292
tt11384306,heza,2019,Drama,7.1,2292
tt20316978,elton john never too late,2024,"Biography,Documentary,Music",6.6,2292
tt6971114,the perfect candidate,2019,"Comedy,Drama",6.7,2292
tt6916502,general,2019,"Biography,Drama,History",2.7,2291
tt6772946,the campus,2018,"Fantasy,Horror,Mystery",3.2,2291
tt31710990,dreams,2025,"Drama,Romance,Thriller",5.7,2291
tt27714278,medellin,2023,"Action,Comedy",5.0,2291
tt11044122,never surrender a galaxy quest documentary,2019,Documentary,7.7,2290
tt15320066,clearmind,2024,"Comedy,Mystery,Thriller",4.1,2289
tt11318302,sadha nannu nadipe,2022,"Comedy,Drama,Romance",6.5,2289
tt9872558,takkar,2023,"Action,Drama,Romance",5.4,2289
tt7477068,the tobacconist,2018,"Drama,History,War",6.5,2288
tt8362964,brokedown,2018,"Horror,Thriller",5.1,2288
tt28004697,thookudurai,2024,"Comedy,Family,Horror",4.0,2288
tt11464730,motherly,2021,"Horror,Mystery,Thriller",5.2,2287
tt6069264,bitch,2017,"Comedy,Drama,Thriller",5.2,2287
tt32864330,dd next level,2025,"Comedy,Horror",5.1,2287
tt8787632,tyger tyger,2019,"Adventure,Drama,Romance",4.1,2287
tt29703523,caligula the ultimate cut,2023,"Drama,History",6.2,2286
tt6284256,knuckleball,2018,"Drama,Horror,Thriller",5.7,2286
tt5030402,little boxes,2016,"Comedy,Drama",5.9,2286
tt5829032,camp cold brook,2018,Horror,4.4,2285
tt5753552,moglie e marito,2017,"Comedy,Sci-Fi",6.4,2285
tt12058582,demigod,2021,"Drama,Horror,Mystery",3.6,2285
tt12105554,the speech,2020,"Comedy,Drama,Romance",6.4,2284
tt30798502,sriranga neethulu,2024,Drama,6.9,2284
tt10418630,true mothers,2020,Drama,7.0,2283
tt19879660,dharmaveer,2022,"Biography,Crime,Drama",7.9,2283
tt10675966,nenu lenu,2019,Drama,5.5,2283
tt5584732,cold hell,2017,"Action,Crime,Thriller",6.5,2282
tt15740596,weekend rebels,2023,"Comedy,Drama,Sport",7.0,2282
tt5265964,our time,2018,Drama,6.8,2281
tt16027918,weddings christenings and funerals,2022,Comedy,6.8,2281
tt32916228,hell house llc lineage,2025,Horror,4.1,2280
tt6229786,roza of smyrna,2016,"Drama,Romance",6.6,2279
tt33700819,eesaraina,2024,Drama,7.8,2279
tt31493275,market mahalakshmi,2024,"Comedy,Romance",3.9,2278
tt8500060,sauerkrautkoma,2018,"Comedy,Crime",6.8,2278
tt14544678,attachment,2022,"Comedy,Drama,Horror",6.0,2277
tt6462160,eating our way to extinction,2021,Documentary,7.6,2277
tt31869664,baki hanma vs kengan ashura,2024,"Action,Animation,Drama",5.7,2277
tt6013156,what still remains,2018,"Drama,Thriller",4.7,2276
tt31851518,the choral,2025,"Drama,History,Music",6.4,2276
tt8652584,hell on the border,2019,"Adventure,Biography,Drama",4.6,2275
tt5719222,second chance,2016,"Drama,Romance",5.7,2274
tt8157074,dreamfactory,2019,"Comedy,Drama,Romance",6.6,2274
tt13157970,incarnation,2022,"Horror,Thriller",2.9,2274
tt26880702,finding michael,2023,Documentary,5.9,2274
tt8331988,the chambermaid,2018,Drama,7.0,2273
tt4247682,all girls weekend,2016,"Action,Adventure,Horror",2.9,2273
tt32117939,chhava,2024,"Biography,Documentary,Drama",8.4,2273
tt11396290,bachelor,2021,Drama,6.0,2272
tt9115574,om  the battle within,2022,"Action,Thriller",2.9,2272
tt10284944,the fix,2024,"Action,Sci-Fi",4.7,2272
tt10530838,how to please a woman,2022,"Comedy,Drama,Romance",6.3,2271
tt26690968,sound party,2023,Comedy,6.1,2271
tt11020728,long weekend,2021,"Comedy,Romance",6.2,2270
tt9567548,horror noire a history of black horror,2019,Documentary,7.5,2270
tt11730940,bamfaad,2020,Romance,5.8,2270
tt20561114,christmas on mistletoe farm,2022,"Comedy,Family",4.5,2269
tt4663548,all saints,2017,Drama,6.3,2268
tt15290106,105 minutes,2024,"Horror,Thriller",2.5,2268
tt32105116,prince and family,2025,Comedy,6.1,2268
tt28332337,eephus,2024,"Comedy,Drama,Sport",6.7,2267
tt4379728,three,2016,"Action,Crime,Thriller",5.9,2267
tt33501878,a copenhagen love story,2025,"Drama,Romance",6.3,2267
tt9749604,kill me if you dare,2019,"Comedy,Romance",4.4,2266
tt0093119,grizzly ii revenge,2020,"Horror,Music,Thriller",2.7,2265
tt32491690,dark nuns,2025,"Horror,Mystery,Thriller",5.2,2265
tt29002950,resurrection,2025,"Drama,Sci-Fi",7.3,2265
tt16377920,a house made of splinters,2022,Documentary,7.2,2265
tt6628228,gogol nachalo,2017,"Crime,Horror,Mystery",5.8,2264
tt3364264,adventures in public school,2017,Drama,5.9,2264
tt16751922,zeher tulugu,2021,"Comedy,Drama",8.0,2263
tt8581840,death of a vlogger,2019,"Drama,Horror,Mystery",5.6,2263
tt6469960,an imperfect murder,2017,"Drama,Mystery,Thriller",2.9,2263
tt8043092,sammohanam,2018,"Drama,Romance",7.5,2263
tt27190164,nesippaya,2025,Romance,5.6,2263
tt13419036,the generation of evil,2021,"Crime,Drama",7.5,2263
tt9431740,homeward,2019,Drama,7.4,2263
tt36188425,paanch minar,2025,"Comedy,Thriller",8.8,2262
tt17538510,tchaikovskys wife,2022,"Biography,Drama",6.4,2262
tt33022424,average student nani,2024,Action,8.2,2262
tt12610794,blade of the 47 ronin,2022,"Action,Drama,Fantasy",4.7,2261
tt5445074,pass thru,2016,"Comedy,Drama,Fantasy",4.5,2261
tt31160267,nova,2023,"Documentary,War",6.6,2260
tt28036417,rascal does not dream of a knapsack kid,2023,"Animation,Drama,Fantasy",7.8,2260
tt20257492,lonesome soldier,2023,"Biography,Drama,Thriller",5.9,2259
tt14670094,ruthless,2023,"Action,Thriller",5.1,2259
tt11916254,lucy shimmers and the prince of peace,2020,"Drama,Family",7.1,2259
tt6318848,the heretics,2017,"Fantasy,Horror,Thriller",4.8,2259
tt6926486,daddy,2017,"Action,Biography,Crime",6.4,2257
tt13729232,the origin of evil,2022,"Drama,Thriller",6.6,2257
tt33381728,ejen ali the movie 2,2025,"Action,Adventure,Animation",7.7,2257
tt23793436,off the record,2024,"Drama,Music",6.4,2257
tt19820538,next sohee,2022,"Drama,Thriller",7.2,2257
tt10428246,genis aile komsu kizi,2019,Comedy,4.2,2256
tt7884228,ntr kathanayakudu,2019,Biography,5.8,2255
tt5496926,the dreamseller,2016,Drama,6.1,2255
tt3155720,theres no such thing as vampires,2020,Horror,4.3,2255
tt11332484,the road dance,2021,Drama,7.1,2254
tt19784370,bairan palli,2023,"Horror,Thriller",7.9,2254
tt3187378,the asian connection,2016,"Action,Crime,Drama",3.2,2254
tt27811248,the tasters,2025,"Drama,History",6.4,2254
tt5117222,notes on blindness,2016,"Documentary,Drama",7.0,2254
tt11778144,the knower,2021,"Action,Crime,Thriller",6.2,2253
tt5980232,kaashmora,2016,"Action,Comedy,Fantasy",5.7,2252
tt6830716,expo,2019,"Action,Crime,Drama",2.6,2252
tt7942736,spider in the web,2019,Thriller,4.5,2252
tt10199664,adam,2019,Drama,7.2,2252
tt9850646,doorbeen,2019,"Adventure,Comedy,Drama",5.9,2251
tt8126390,the most unknown,2018,Documentary,6.5,2251
tt34442437,thalli manasu,2025,"Drama,Family",6.0,2251
tt13577982,secrets of sinauli,2021,"Documentary,History",8.9,2251
tt3900796,temps,2016,"Comedy,Romance",5.2,2250
tt14176094,drushyam 2,2021,"Crime,Drama,Mystery",8.1,2250
tt16148552,the lost boys,2023,Drama,6.7,2250
tt8591792,bhavai,2021,"Drama,Romance",5.8,2249
tt13098590,fear below,2025,"Action,Adventure,Horror",5.1,2249
tt4769214,whisky galore,2016,"Comedy,Romance",5.9,2249
tt21142926,vichitram,2022,"Drama,Horror,Thriller",6.0,2249
tt27496044,vrusshabha,2025,"Action,Drama,Fantasy",8.7,2249
tt4875150,elis,2016,"Biography,Drama,Music",6.7,2248
tt22078754,kadina kadoramee andakadaham,2023,"Comedy,Drama,Family",6.4,2248
tt8801666,the most beautiful boy in the world,2021,"Biography,Documentary,History",6.8,2248
tt21815772,spoonful of sugar,2022,"Horror,Thriller",5.4,2248
tt5125930,the silence of the sky,2016,"Drama,Thriller",6.5,2248
tt14140954,mission possible,2021,"Action,Comedy,Crime",6.5,2247
tt4334642,bonded by blood 2,2017,"Crime,Drama,Thriller",4.8,2247
tt5944812,dead sunrise,2017,"Adventure,Horror,Sci-Fi",3.5,2247
tt16376470,horror in the high desert 2 minerva,2023,"Drama,Horror,Mystery",5.3,2247
tt14668224,din the day,2021,Action,3.0,2246
tt12154638,just say yes,2021,"Comedy,Romance",4.6,2246
tt8435268,how to get over a breakup,2018,Comedy,6.1,2246
tt5938084,buybust,2018,"Action,Crime,Thriller",5.7,2246
tt6467968,directions,2017,Drama,7.5,2245
tt12215252,i run to you,2022,"Comedy,Romance",6.4,2245
tt3517044,the free world,2016,"Drama,Romance",6.1,2245
tt34581826,coyotes,2025,"Comedy,Drama,Thriller",4.8,2244
tt15397918,game of love,2022,"Drama,Romance",3.3,2244
tt15006754,under her control,2022,Drama,4.8,2244
tt5483626,enai noki paayum thota,2019,"Action,Drama,Romance",5.5,2243
tt7901408,confiscation,2018,"Comedy,Drama",4.8,2243
tt4928814,you me and him,2017,Comedy,5.9,2243
tt8025310,the odds,2018,"Horror,Mystery",4.9,2243
tt7010156,maragadha naanayam,2017,"Adventure,Comedy,Fantasy",7.0,2243
tt21802440,two souls,2023,"Fantasy,Romance",6.9,2242
tt12216986,the last frontier,2020,"Action,Drama,War",6.5,2242
tt13014746,manticore,2022,Drama,7.1,2242
tt14137346,priyan ottathilanu,2022,"Comedy,Family",6.9,2240
tt10462154,the most precious of cargoes,2024,"Animation,Drama",7.1,2239
tt27623406,i dont understand you,2024,"Comedy,Horror",5.4,2239
tt10484164,a song from the dark,2024,"Drama,Fantasy,Mystery",4.9,2239
tt9201772,mending the line,2022,Drama,6.7,2239
tt5552086,life begins now,2017,"Drama,Romance",8.3,2239
tt38949436,itlu me yedava,2025,"Comedy,Drama,Family",9.6,2238
tt5821424,thoppil joppan,2016,"Comedy,Drama",5.1,2238
tt24668540,ganaa,2023,Crime,6.6,2238
tt26258204,believer 2,2023,"Action,Crime,Thriller",5.6,2237
tt12515958,innocence,2020,"Crime,Drama,Thriller",6.6,2237
tt13592970,loop track,2023,"Adventure,Horror,Sci-Fi",5.8,2237
tt6203302,the villain,2018,"Action,Thriller",4.9,2237
tt8518302,dawn breaks behind the eyes,2021,"Action,Horror,Mystery",5.0,2236
tt6215044,oceans rising,2017,"Action,Adventure,Drama",2.5,2236
tt33083848,veeranjaneyulu vihara yatra,2024,Comedy,8.6,2235
tt11116642,press play,2022,"Drama,Music,Romance",6.2,2234
tt14772014,he went that way,2023,"Crime,Drama,Thriller",5.1,2234
tt4441098,cold moon,2016,"Crime,Drama,Horror",4.7,2234
tt7981492,sabrina,2018,"Horror,Thriller",4.2,2233
tt26900526,emesis blue,2023,"Animation,Crime,Horror",7.9,2232
tt27674700,rosario,2025,Horror,4.4,2232
tt19364132,drugstore june,2024,"Comedy,Crime,Mystery",5.4,2232
tt31888759,thayyal machine,2024,Horror,5.6,2232
tt9612982,the assent,2019,"Horror,Thriller",4.3,2232
tt20414550,together 99,2023,"Comedy,Drama",5.9,2232
tt16248294,hitmen,2023,Action,4.0,2229
tt13273172,pawn,2020,"Comedy,Drama,Family",7.7,2229
tt15417090,1997,2021,Adventure,8.7,2229
tt19595494,next exit,2022,"Comedy,Mystery,Romance",5.6,2228
tt20857676,kleks academy,2023,"Adventure,Family,Fantasy",4.5,2227
tt4938484,silicon cowboys,2016,"Documentary,History",6.9,2227
tt6068978,amityville exorcism,2017,Horror,1.9,2227
tt5123896,scream queen my nightmare on elm street,2019,"Documentary,Horror",7.2,2226
tt6791886,como se tornar o pior aluno da escola,2017,Comedy,5.4,2226
tt21282262,recce 360,2022,"Crime,Thriller",6.8,2226
tt31464940,kaliyugam pattanamlo,2024,Crime,6.5,2226
tt31719063,veppam kulir mazhai,2024,Thriller,7.0,2226
tt8006374,baba yaga terror of the dark forest,2020,"Adventure,Fantasy,Horror",4.7,2225
tt7205942,gundermann,2018,"Biography,Drama,History",7.2,2225
tt14950412,section 8,2022,"Action,Thriller",4.4,2225
tt4677134,homeless ashes,2019,Drama,5.9,2225
tt5638500,1920 london,2016,"Horror,Mystery",4.2,2224
tt13722764,downfalls high,2021,"Drama,Musical,Romance",6.7,2224
tt5991410,lord give me patience,2017,"Comedy,Fantasy",5.3,2224
tt7043534,general commander,2019,"Action,Crime,Thriller",3.1,2224
tt22208468,sacred demijohn 4,2023,Comedy,2.8,2223
tt7520568,the hyperions,2022,"Action,Comedy",5.2,2222
tt5674842,a stroke of luck,2016,Comedy,4.6,2222
tt6627168,listen,2020,Drama,7.0,2222
tt28487871,sniper grit  global response  intelligence team,2023,Action,5.0,2222
tt6143782,hex,2018,"Horror,Thriller",3.8,2222
tt31115432,bloody ishq,2024,"Horror,Mystery",2.9,2222
tt6886080,to the stars,2019,Drama,6.2,2222
tt22450920,treasure,2022,"Comedy,Crime",5.5,2222
tt15053518,torn hearts,2022,"Drama,Horror,Music",5.3,2221
tt27543992,the gullspång miracle,2023,"Documentary,Mystery",6.9,2221
tt13206564,the three deaths of marisela escobedo,2020,"Crime,Documentary",8.1,2220
tt14917786,narasimhapuram,2021,"Action,Crime,Drama",7.2,2220
tt23810972,died suddenly,2022,Documentary,6.7,2219
tt8851084,disappear completely,2022,"Horror,Thriller",6.2,2219
tt11272898,let it snow,2020,"Horror,Thriller",4.4,2219
tt10627352,delete history,2020,"Comedy,Drama",5.7,2219
tt4012424,the movie of my life,2017,Drama,7.1,2218
tt3197274,showbiz kids,2020,Documentary,7.0,2218
tt8671462,invoking 5,2018,Horror,3.2,2217
tt6686700,dont get out,2018,"Action,Crime,Drama",5.8,2217
tt8399690,anthropocene the human epoch,2018,Documentary,7.2,2217
tt20784402,madhi,2022,Musical,8.8,2216
tt5198796,izzy gets the fuck across town,2017,"Comedy,Drama,Music",5.6,2216
tt8638524,president evil,2018,"Comedy,Horror",3.4,2216
tt7316576,30 miles from nowhere,2018,"Comedy,Horror,Mystery",4.2,2216
tt26928684,summer camp,2024,Comedy,4.6,2215
tt14045080,ktm,2024,Drama,6.6,2215
tt6341066,intrigo death of an author,2018,"Crime,Drama,Mystery",5.9,2214
tt30590474,nilavuku enmel ennadi kobam,2025,"Comedy,Drama,Romance",5.8,2214
tt10097544,super me,2019,"Drama,Fantasy,Mystery",5.8,2214
tt29277833,geethanjali malli vachindi,2024,"Comedy,Horror",4.7,2214
tt4286666,inlawfully yours,2016,"Comedy,Romance",6.0,2213
tt9808510,vellam,2021,"Biography,Drama",7.6,2213
tt13039008,kill shot,2023,Action,3.3,2212
tt7580570,love ni bhavai,2017,"Comedy,Drama,Romance",8.2,2212
tt11923304,tokyo revengers,2021,"Action,Crime,Drama",6.5,2212
tt21149522,the price of family,2022,Comedy,6.0,2212
tt10077544,rosas wedding,2020,Comedy,6.4,2212
tt4034208,the next skin,2016,"Drama,Mystery,Thriller",6.1,2211
tt13318942,dark windows,2023,"Horror,Thriller",4.6,2211
tt21378182,gaalodu,2022,"Action,Drama,Romance",5.7,2211
tt7356432,my father,2017,Drama,7.1,2210
tt16078152,iravatham,2022,"Drama,Mystery,Thriller",6.3,2210
tt11731768,ka pae ranasingam,2020,Drama,7.2,2210
tt13074150,the execution,2021,"Crime,Mystery,Thriller",6.7,2210
tt6258486,ekkadiki pothavu chinnavada,2016,"Comedy,Fantasy,Romance",7.4,2210
tt11306518,hero,2022,Action,5.7,2210
tt9681250,occurrence at mills creek,2020,"Drama,Horror,Thriller",3.9,2210
tt27510731,local sarakku,2024,Comedy,3.9,2209
tt11803064,hunting souls,2022,"Drama,Horror,Mystery",3.9,2209
tt33040269,ghuspaithiya,2024,Drama,6.5,2209
tt4818804,king of the belgians,2016,"Comedy,Drama",6.5,2208
tt4054004,2047 virtual revolution,2016,"Action,Crime,Sci-Fi",5.1,2208
tt12093860,detective conan the scarlet bullet,2021,"Action,Animation,Crime",6.3,2208
tt8907970,kavacha,2019,Thriller,6.9,2207
tt4773054,the last fiction,2018,"Action,Animation,Drama",6.8,2207
tt9174334,the villagers,2018,"Action,Crime,Mystery",6.1,2206
tt11210032,sheep without a shepherd,2019,"Crime,Drama,Thriller",6.8,2206
tt10515340,at the door,2018,Horror,3.2,2206
tt13932304,america latina,2021,"Drama,Mystery,Thriller",5.9,2206
tt6695212,wajib  the wedding invitation,2017,"Comedy,Drama",7.3,2205
tt28298511,indra,2025,"Horror,Thriller",7.2,2205
tt17494686,decibel,2022,"Action,Drama,Thriller",6.1,2205
tt6265988,bhoomi,2017,"Action,Drama",5.4,2205
tt9099800,savage,2019,"Crime,Drama",6.2,2205
tt4806012,heroes wanted,2016,"Action,Comedy",4.6,2205
tt11506284,father there is only one 2,2020,"Comedy,Family",5.6,2204
tt15242712,dahanam,2023,Drama,8.7,2204
tt21389338,what comes around,2022,"Drama,Mystery,Thriller",5.3,2204
tt28486633,the pigeon tunnel,2023,"Biography,Documentary",7.0,2204
tt12974634,mexican moon,2021,"Crime,Drama,Western",5.3,2204
tt7095476,waiting for anya,2020,"Drama,Thriller,War",6.1,2203
tt9098454,the girl who believes in miracles,2021,"Drama,Family",6.1,2203
tt4925340,the nest,2019,"Horror,Mystery",5.9,2203
tt15840328,mission 2020,2021,Action,7.2,2202
tt30476518,big world,2024,"Drama,Family",7.5,2202
tt20355484,the final race,2023,"Action,Comedy,Family",5.1,2202
tt15613538,for zeko,2022,"Adventure,Comedy,Drama",6.3,2202
tt14565414,fish and puddle,2021,"Drama,Family",4.1,2201
tt9840958,love struck sick,2019,Romance,3.8,2201
tt39049192,even if this love disappears from the world tonight,2025,"Drama,Romance",7.5,2201
tt32537777,ullozhukku,2024,Drama,7.6,2201
tt6015706,china salesman,2017,"Action,Adventure,Thriller",2.6,2200
tt15186426,christmas is canceled,2021,"Comedy,Drama,Romance",4.8,2200
tt31788773,my oni girl,2024,"Adventure,Animation,Drama",6.0,2200
tt4126694,1 night,2016,"Drama,Romance",5.7,2199
tt7090638,the swerve,2018,"Drama,Horror,Thriller",6.5,2199
tt21236048,five blind dates,2024,"Comedy,Romance",5.1,2198
tt29866163,tenant,2024,Thriller,4.3,2198
tt6017594,the darkest dawn,2016,Sci-Fi,4.1,2198
tt10981202,her blue sky,2019,"Animation,Drama,Family",6.8,2198
tt3709552,the last witness,2018,"Crime,Drama,History",5.7,2197
tt28298504,long live love,2023,"Comedy,Drama,Romance",6.6,2196
tt8747560,kd a karuppudurai,2019,"Comedy,Drama",8.4,2195
tt32080656,the battle of oslo,2025,"Action,Drama,War",7.1,2195
tt10332672,annem,2019,Drama,5.9,2195
tt33531981,gangster,2024,Drama,8.1,2195
tt25504794,freedom,2023,"Drama,Thriller,War",7.4,2195
tt14557302,moon man,2022,"Comedy,Sci-Fi",6.4,2194
tt6605812,eternal winter,2018,"Drama,History,Romance",7.3,2194
tt5615904,unforgettable,2016,"Drama,Romance",7.3,2193
tt10306228,this is paris,2020,Documentary,6.9,2193
tt11616036,goodbye america,2020,"Comedy,Drama,Romance",6.6,2193
tt9519642,the wedding unplanner,2020,"Comedy,Romance",5.7,2192
tt5678110,reborn,2016,"Action,Crime,Drama",6.0,2192
tt27656274,anveshi,2023,"Romance,Thriller",6.1,2191
tt19758012,chile 76,2022,Drama,6.7,2191
tt5513920,doob  no bed of roses,2017,Drama,6.1,2191
tt7093904,dragonkeeper,2024,"Adventure,Animation,Fantasy",5.8,2190
tt9621284,the last right,2019,"Comedy,Drama",6.5,2190
tt3283864,some freaks,2016,"Comedy,Drama,Romance",6.3,2190
tt3918584,mais forte que o mundo a história de josé aldo,2016,"Action,Biography,Drama",7.1,2189
tt16914952,black,2022,"Action,Thriller",5.3,2189
tt11392272,the retreat,2021,"Horror,Thriller",4.9,2189
tt7575702,monsterland 2,2019,Horror,4.2,2189
tt6247936,django,2017,"Biography,Drama,Music",6.4,2189
tt3170458,a violent separation,2019,"Crime,Thriller",5.8,2189
tt26770525,la vaste,2023,Thriller,5.0,2189
tt10958282,street flow,2019,"Crime,Drama",6.4,2188
tt5402714,here after,2024,"Drama,Horror,Thriller",4.2,2188
tt7946216,depraved,2019,"Drama,Horror,Thriller",5.6,2188
tt4591840,a christmas star,2017,Family,5.1,2188
tt26008876,janaki jaane,2023,"Drama,Family",6.0,2187
tt29262075,monster island,2024,Horror,5.2,2187
tt8755316,the island,2018,"Comedy,Drama",6.2,2187
tt34385018,jamie foxx what had happened was,2024,"Comedy,Documentary,Music",5.8,2187
tt6333070,the wound,2017,"Drama,Romance",6.8,2187
tt7587984,the knight of shadows between yin and yang,2019,"Action,Adventure,Comedy",5.0,2187
tt8362736,make up,2019,"Drama,Mystery,Thriller",5.8,2186
tt13279528,what we wanted,2020,Drama,5.9,2186
tt2201261,the sky is everywhere,2022,"Drama,Music,Romance",5.6,2186
tt7186092,nico 1988,2017,"Biography,Drama,Music",6.7,2186
tt20420538,all the names of god,2023,"Action,Adventure,Drama",5.8,2185
tt14726510,first love,2022,Romance,4.8,2185
tt4623812,the wasted times,2016,"Crime,Drama",6.9,2184
tt5474644,my little pony equestria girls  legend of everfree,2016,"Animation,Comedy,Family",6.5,2184
tt11987082,paagal,2021,Comedy,5.7,2184
tt34942632,pratyartha,2025,"Comedy,Romance,Thriller",6.5,2183
tt8387464,house shark,2017,"Action,Adventure,Comedy",3.6,2183
tt11963736,dracula sir,2020,"Crime,Thriller",7.4,2183
tt11876896,torn,2021,Documentary,7.5,2183
tt9282616,a cool fish,2018,"Comedy,Crime,Drama",6.9,2182
tt6470762,mazinger z infinity,2017,"Action,Animation,Sci-Fi",5.9,2182
tt29764940,janam,2023,Drama,9.3,2182
tt2927212,dear eleanor,2016,"Comedy,Drama,Family",5.9,2181
tt9816970,midday event trace of blood,2019,"Action,Drama,History",6.2,2181
tt26450742,the engineer,2023,"Action,Thriller",4.3,2180
tt31101921,the captive,2025,"Adventure,Biography,Drama",6.0,2179
tt15576884,simbaa,2024,Mystery,5.5,2179
tt28686328,man suang,2023,"Drama,History,Mystery",6.6,2179
tt32260498,ghost rite here rite now,2024,"Documentary,Music",8.6,2178
tt34623304,drinker sai,2024,Drama,8.8,2178
tt6332764,what the waters left behind,2017,"Horror,Thriller",4.0,2178
tt33337133,racharikam,2025,Romance,3.9,2178
tt6882872,lahoriye,2017,Drama,7.8,2177
tt7748432,çocuklar sana emanet,2018,"Drama,Fantasy,Horror",4.8,2177
tt4027504,lazy eye,2016,"Comedy,Drama,Romance",6.4,2176
tt7400998,lx 2048,2020,"Drama,Sci-Fi,Thriller",4.9,2176
tt35313020,interval,2025,Comedy,6.1,2174
tt29794647,gaga chromatica ball,2024,"Music,Musical",8.1,2174
tt14111726,get the goat,2021,"Action,Comedy,Crime",6.0,2174
tt18450548,dont leave,2022,"Drama,Romance",5.2,2173
tt27795377,kadhalikka neramillai,2025,Drama,6.1,2173
tt15779054,thamasoma jyothirgamaya,2021,"Drama,Romance",7.9,2173
tt15245390,ravens hollow,2022,"Horror,Thriller",5.3,2173
tt13075730,one way,2022,"Action,Thriller",4.2,2173
tt7111402,oxidan,2017,"Comedy,Drama,Romance",5.2,2173
tt38353198,valavaara,2025,Drama,9.3,2173
tt11778272,crock of gold a few rounds with shane macgowan,2020,"Biography,Documentary,Music",7.7,2172
tt11697820,days,2020,Drama,6.6,2172
tt33402908,the son of a thousand men,2025,Drama,7.4,2172
tt4144332,deidra  laney rob a train,2017,"Comedy,Crime,Drama",6.0,2172
tt6162808,miss saigon 25th anniversary,2016,"Drama,Musical,Romance",8.1,2172
tt28630624,panda plan,2024,"Action,Comedy,Family",5.1,2171
tt37186862,sakaal tar hou dya,2025,Drama,8.2,2171
tt4895668,saint george,2016,"Crime,Drama",6.9,2171
tt12131262,out of shadows,2020,Documentary,7.0,2171
tt23625298,play,2022,"Crime,Thriller",6.7,2170
tt11795652,wildhood,2021,"Drama,Romance",6.9,2170
tt5361488,magellan,2017,"Action,Adventure,Mystery",5.2,2169
tt9415552,tankers,2018,"Action,Drama,History",5.6,2169
tt21348598,a real job,2023,"Comedy,Drama",6.6,2169
tt4143508,long strange trip,2017,"Biography,Documentary,Music",8.2,2168
tt5705876,tadka,2022,"Comedy,Drama,Romance",6.7,2168
tt15740736,ténor,2022,"Comedy,Drama,Music",6.5,2168
tt15765412,allelujah,2022,Drama,6.0,2168
tt13249198,raja raja chora,2021,Comedy,7.5,2167
tt31065246,helloween,2025,Horror,3.5,2166
tt21909844,prestij meselesi,2023,"Biography,Drama,Music",6.1,2166
tt10375682,leberkäsjunkie,2019,"Comedy,Crime",6.8,2166
tt7124092,ghost in the graveyard,2019,"Action,Drama,Horror",3.8,2166
tt29438140,sagiletikatha,2023,Drama,5.7,2166
tt31032531,masthu shades unnai ra,2024,Comedy,6.9,2165
tt8986842,intimate strangers,2018,"Comedy,Drama,Thriller",6.9,2165
tt8110004,pvt chat,2020,Drama,5.8,2164
tt27577176,vadu evadu,2023,Thriller,5.4,2164
tt31188498,sharathulu varthisthai,2024,Drama,6.4,2164
tt5903088,dead on arrival,2017,"Crime,Horror,Mystery",4.9,2164
tt23118976,selinas gold,2022,Drama,5.4,2164
tt27598618,dinosaurs,2023,Crime,6.3,2164
tt30326556,paagal vs kadhal,2024,Family,9.0,2163
tt10160886,sneakerella,2022,"Comedy,Family,Musical",4.9,2163
tt7598106,to olivia,2021,"Biography,Drama",6.4,2163
tt3894404,the faith of anna waters,2016,"Drama,Horror,Mystery",3.8,2163
tt6851410,the judgement,2021,"Biography,Crime,Drama",7.2,2162
tt33305511,umami,2025,Drama,6.1,2162
tt13328824,the blind man who did not want to see titanic,2021,"Comedy,Drama,Romance",7.4,2162
tt5291792,furlough,2018,"Comedy,Drama",5.5,2162
tt7900528,lets not meet,2018,Horror,3.5,2161
tt5056842,body of sin,2018,"Adventure,Crime,Thriller",4.2,2161
tt23647024,ap04ramapuram,2022,"Drama,Thriller",8.3,2161
tt21814814,bama rush,2023,Documentary,4.3,2161
tt6513406,immortal demon slayer,2017,"Action,Adventure,Family",5.9,2161
tt10719958,the birthday cake,2021,"Crime,Thriller",4.4,2160
tt29444671,dilli dark,2023,Comedy,7.0,2160
tt16315948,klondike,2022,"Drama,War",6.8,2160
tt14578032,gods not dead we the people,2021,Drama,4.4,2160
tt9614988,sillu karuppatti,2019,"Drama,Romance",7.9,2159
tt4586626,showdown in manila,2016,Action,2.7,2158
tt15847828,diary of a wimpy kid rodrick rules,2022,"Animation,Comedy,Drama",5.2,2158
tt36363838,mana iddari prema katha,2025,Drama,6.9,2158
tt35624453,bhavani ward 1997,2025,"Drama,Horror",5.5,2158
tt8515700,the champion,2019,"Comedy,Drama",6.5,2157
tt7874378,pitbull last dog,2018,"Action,Crime,Drama",6.2,2156
tt31013030,flight 404,2024,Drama,7.3,2156
tt28504311,rent,2023,"Crime,Horror",3.6,2156
tt10551904,dear mother,2020,Comedy,5.8,2156
tt7891844,the grove,2025,"Horror,Mystery,Thriller",4.9,2156
tt9425078,verotika,2019,Horror,1.9,2156
tt6848928,junk head,2017,"Action,Adventure,Animation",7.3,2155
tt29458600,kismath,2024,Comedy,5.2,2155
tt10495746,two blue stripes,2019,Drama,7.8,2155
tt28364203,non stop dhamaal,2023,Comedy,4.7,2154
tt17074358,neetho,2022,"Drama,Romance",7.1,2154
tt9179974,close to the horizon,2019,"Drama,Romance",6.6,2153
tt10850264,squaring the circle the story of hipgnosis,2022,"Documentary,History",7.7,2153
tt11379584,luzzu,2021,Drama,6.9,2153
tt5629340,just to be sure,2017,"Comedy,Drama",6.7,2152
tt9870726,gholamreza takhti,2019,"Biography,Drama,Sport",6.7,2152
tt37670615,the truth about jussie smollett,2025,Documentary,4.9,2152
tt6187134,cowboys,2020,Drama,6.4,2151
tt15747042,magnetic fields,2021,"Comedy,Drama",6.7,2151
tt12782448,pichaikkaran 2,2023,"Action,Drama,Sci-Fi",5.6,2150
tt8580348,perfect strangers,2018,Comedy,6.6,2150
tt8948132,into the darkness,2020,"Drama,History,War",6.5,2150
tt11012320,the hole,2021,Drama,6.6,2150
tt5985720,nenjam marappathillai,2021,"Horror,Thriller",6.0,2150
tt13938338,woodlands dark and days bewitched a history of folk horror,2021,"Documentary,Horror",7.6,2150
tt14303882,the pilot a battle for survival,2021,"Biography,Drama,History",6.3,2150
tt11204286,vellapanti,2025,"Comedy,Crime,Romance",6.8,2149
tt11033952,square one michael jackson,2019,Documentary,7.4,2149
tt15132028,private desert,2021,Drama,7.0,2149
tt5712152,layla m,2016,Drama,6.6,2149
tt32341602,darshini,2024,"Comedy,Sci-Fi,Thriller",8.4,2149
tt28840429,ice cold murder coffee and jessica wongso,2023,"Crime,Documentary",5.9,2149
tt5455344,miruthan,2016,"Action,Adventure,Horror",6.0,2148
tt14538850,ted bundy american boogeyman,2021,"Biography,Crime,Drama",4.0,2148
tt26899139,pyre,2024,Drama,7.7,2148
tt18071972,organ trail,2023,"Drama,Horror,Thriller",5.1,2148
tt29730305,peacock,2024,"Comedy,Drama",7.1,2148
tt28455855,nidurinchu jahapana,2025,Drama,7.0,2148
tt27881474,time still turns the pages,2023,Drama,7.7,2147
tt9155512,the visitor from the future,2022,"Action,Adventure,Comedy",5.8,2146
tt6078532,kazantzakis,2017,Biography,6.2,2146
tt27664022,vritta,2025,Thriller,5.6,2146
tt6131712,kuso,2017,"Animation,Comedy,Drama",4.8,2146
tt2375639,south of hope street,2024,Sci-Fi,5.9,2146
tt6105880,jojos bizarre adventure diamond is unbreakable  chapter 1,2017,"Action,Adventure,Fantasy",5.8,2146
tt6281242,painted woman,2017,"Drama,Romance,Western",5.6,2145
tt15465098,sembi,2022,Drama,7.6,2145
tt28106766,smugglers,2023,"Action,Crime",6.2,2145
tt21651430,the peoples joker,2022,Comedy,6.3,2144
tt3580748,tysons run,2022,Drama,6.1,2144
tt21431644,zombie town,2023,"Action,Adventure,Comedy",3.8,2143
tt28290216,mark cavendish never enough,2023,"Biography,Documentary,Sport",7.4,2143
tt30460694,currency nagar,2023,"Drama,Romance,Thriller",8.3,2143
tt6165792,radiance,2017,"Drama,Romance",6.4,2141
tt19815094,black night,2022,"Crime,Drama,Thriller",6.9,2141
tt27657791,gaami,2024,"Adventure,Drama,Fantasy",6.3,2141
tt27620861,hisaab barabar,2024,"Comedy,Drama,Thriller",5.8,2140
tt4196832,is that a gun in your pocket,2016,Comedy,5.0,2140
tt8270664,ambush,2023,"Action,Thriller,War",4.0,2140
tt13920988,beyond the wall,2022,"Crime,Drama,Mystery",7.0,2140
tt6678874,incoming,2018,"Action,Sci-Fi,Thriller",3.3,2139
tt5240748,brahman naman,2016,Comedy,5.5,2139
tt6378942,last ferry,2019,"Crime,Drama,Thriller",5.0,2139
tt7534314,niet schieten,2018,Drama,7.6,2139
tt10469804,teddy,2020,"Comedy,Drama,Horror",6.0,2139
tt4551318,paradise,2016,"Drama,War",7.0,2139
tt37980739,beauty,2025,"Drama,Romance",8.4,2139
tt8191620,ravage,2019,"Horror,Thriller",5.0,2139
tt27374513,fossil,2023,"Adventure,Comedy,Crime",5.4,2139
tt36014845,ghich pich,2025,Drama,8.5,2138
tt8800384,the last serb in croatia,2019,"Adventure,Comedy,Fantasy",5.9,2138
tt7544820,too funny to fail the life  death of the dana carvey show,2017,Documentary,7.7,2137
tt18989976,click,2021,"Action,Thriller",4.0,2136
tt9797932,big boys dont cry,2020,"Biography,Crime,Drama",6.7,2136
tt4729560,the little vampire 3d,2017,"Adventure,Animation,Comedy",5.5,2136
tt14598638,the warriorr,2022,"Action,Crime,Drama",4.8,2136
tt14996298,veyi subhamulu kalugu neeku,2022,"Action,Comedy",2.4,2135
tt15293256,the river runner,2021,Documentary,6.9,2135
tt23576400,seetharamapuramlo okapremajanta,2022,"Family,Romance",5.1,2135
tt30779704,honeymoon express,2024,"Comedy,Romance",6.8,2135
tt9315438,yajamana,2019,Action,6.2,2135
tt29536384,lake george,2024,"Comedy,Crime,Thriller",6.5,2134
tt27611709,winter as frida kahlo,2025,Biography,8.1,2133
tt12627606,midas man,2024,"Biography,Drama,Music",6.4,2132
tt14623762,death valley,2021,"Action,Horror,Sci-Fi",4.1,2132
tt10537660,do you do you sainttropez,2021,"Comedy,Crime,Mystery",5.0,2131
tt14584284,alone together,2022,"Drama,Romance",5.4,2131
tt9185816,woodstock three days that defined a generation,2019,"Documentary,History",7.6,2130
tt16606348,b for busy,2021,"Comedy,Drama,Romance",7.4,2130
tt1657865,dear zoe,2022,"Drama,Mystery,Romance",5.9,2130
tt6010976,midnight family,2019,Documentary,7.4,2128
tt32655161,full meals,2025,Romance,7.2,2128
tt6613952,encounter,2018,"Drama,Sci-Fi",4.1,2128
tt13358022,the reading,2023,Thriller,5.3,2128
tt12899858,classmates minus,2020,"Comedy,Drama",7.1,2127
tt8019694,frankie,2019,"Drama,Romance",5.4,2127
tt32393510,dandupalayam,2024,"Crime,Thriller",6.3,2126
tt12380422,the subtle art of not giving a fck,2023,Documentary,5.8,2126
tt6875374,adventures of a mathematician,2020,"Biography,Drama",5.7,2126
tt20674378,clinic,2023,Thriller,3.1,2126
tt6921496,a bluebird in my heart,2018,"Drama,Thriller",6.4,2125
tt10310222,guard,2019,"Drama,Thriller",6.2,2125
tt13352838,break every chain,2021,"Biography,Drama",7.1,2124
tt4741708,a kid,2016,Drama,7.3,2124
tt11778102,mousa,2021,"Action,Drama,Fantasy",6.0,2124
tt8960138,shortcut,2020,"Adventure,Fantasy,Horror",4.1,2124
tt33293169,mango,2025,"Comedy,Drama,Romance",5.7,2124
tt21611474,mann kasturi re,2022,"Mystery,Romance",7.0,2124
tt5207262,hostages,2017,"Crime,Drama,History",6.1,2123
tt10832720,greek fire  demon spirit,2021,Horror,4.7,2122
tt20228436,dhagad saamba,2022,"Action,Comedy,Drama",7.9,2122
tt10425640,sijjin 6,2019,Horror,5.0,2122
tt28336131,elyas,2024,"Action,Thriller",6.1,2122
tt5126274,friendly beast,2017,"Horror,Thriller",6.3,2121
tt6973670,my brother 2,2017,"Comedy,Romance",4.5,2121
tt36440312,dan da dan evil eye,2025,"Action,Animation,Sci-Fi",7.8,2121
tt34434461,tell me softly,2025,Drama,4.6,2120
tt8378068,mykonos the soul of an island,2018,Documentary,5.5,2120
tt30983618,mudo kannu,2024,"Crime,Thriller",6.7,2120
tt11558688,the spy who never dies,2022,"Action,Comedy,Thriller",4.2,2119
tt7575046,riddle of fire,2023,"Action,Adventure,Comedy",6.5,2119
tt12538822,all in the fight for democracy,2020,Documentary,6.9,2118
tt3831344,amelia 20,2017,"Drama,Romance,Sci-Fi",5.4,2118
tt13256400,kanakam kaamini kalaham,2021,Comedy,5.8,2118
tt33111620,weddings and wokes a family dilemma,2024,Comedy,5.8,2118
tt11310670,madeleine collins,2021,"Drama,Thriller",6.2,2118
tt7973916,enter the wild,2018,"Adventure,Drama",3.4,2118
tt7369550,spy intervention,2020,"Action,Adventure,Comedy",3.9,2118
tt7531990,görevimiz tatil,2018,Comedy,4.8,2118
tt11005128,into the deep,2022,"Crime,Drama,Horror",4.6,2117
tt27873958,el ruby house,2023,"Comedy,Drama",6.5,2117
tt32284122,aan paavam pollathathu,2025,"Comedy,Drama,Romance",7.0,2117
tt16550628,chebi my fluffy friend,2023,"Comedy,Family",5.7,2117
tt6041030,mad world,2016,Drama,7.2,2116
tt6442686,warhunt,2022,"Action,Horror,Thriller",4.4,2116
tt28568397,friday night plan,2023,"Comedy,Drama",6.6,2116
tt23745844,das ka dhamki,2023,"Comedy,Drama,Thriller",6.1,2116
tt27304247,the face of the faceless,2023,Drama,8.0,2115
tt9272572,black widow,2019,"Crime,Drama,Thriller",6.1,2115
tt5295838,her sey asktan,2016,"Comedy,Romance",5.3,2115
tt8244298,poslednee ispytanie,2018,"Action,Drama,Romance",4.4,2114
tt10160974,witch hunt,2021,"Drama,Fantasy,Horror",4.9,2114
tt21983580,rahasya,2022,Thriller,7.8,2113
tt31314745,trust,2025,Thriller,3.8,2113
tt17009856,winter boy,2022,Drama,6.8,2113
tt11622272,run uje run,2020,"Comedy,Drama,Music",6.9,2112
tt10310074,true things,2021,Drama,5.9,2112
tt3511124,the last shaman,2016,"Adventure,Documentary,Drama",6.6,2112
tt3977848,sky sharks,2020,"Comedy,Horror,Sci-Fi",3.6,2112
tt34425112,the shortcut,2024,Action,8.3,2112
tt20784426,maro prapancham,2023,"Drama,Sci-Fi,Thriller",7.4,2111
tt32035059,narudi brathuku natana,2024,Drama,6.4,2111
tt18226208,grassland,2022,"Crime,Drama,Thriller",6.5,2111
tt16345484,i am what i am,2021,"Animation,Comedy,Drama",7.5,2111
tt20855732,konda,2022,"Action,Biography,Drama",7.7,2110
tt27045559,parari,2023,Action,6.7,2110
tt20838498,thai massage,2022,Comedy,6.2,2110
tt7394636,unforgiven,2018,Drama,6.8,2110
tt6892446,boys cry,2018,"Crime,Drama",6.8,2110
tt14411774,agent,2023,"Action,Mystery,Thriller",3.5,2109
tt6270936,aramm,2017,Drama,7.6,2109
tt24805876,lets start a cult,2024,Comedy,5.9,2109
tt5052524,operator,2016,"Comedy,Drama",6.0,2109
tt12505468,kadakh,2019,"Comedy,Drama,Thriller",6.9,2108
tt28608283,dhimahi,2023,Thriller,7.6,2108
tt29674465,dard,2024,"Drama,Thriller",6.6,2108
tt10937670,figli,2020,"Comedy,Drama",6.2,2107
tt8806768,i can quit whenever i want,2019,Comedy,5.6,2107
tt8042248,kanchana 3,2019,"Comedy,Horror",4.2,2107
tt38875979,rolugunta soori,2025,"Action,Drama",8.2,2107
tt20871388,the wedding days,2022,Comedy,6.1,2106
tt24727398,mr kalyan,2023,"Drama,Romance",5.8,2106
tt30217930,usha parinayam,2024,"Action,Romance",9.0,2106
tt26943420,the thundermans return,2024,"Action,Comedy,Crime",5.0,2105
tt26675252,louis tomlinson all of those voices,2023,"Biography,Documentary,Music",8.6,2105
tt1389098,mapplethorpe,2018,"Biography,Drama",6.2,2105
tt11615616,gatlopp,2022,"Comedy,Drama,Horror",5.9,2105
tt29278671,guns trance action,2023,"Action,Crime,Drama",6.6,2105
tt3320500,the axe murders of villisca,2016,Horror,4.1,2105
tt14547524,national champions,2021,"Drama,Sport",5.7,2104
tt18224752,well done,2023,"Comedy,Drama,Romance",6.3,2103
tt28266209,sarkaaru noukari,2024,Drama,8.4,2103
tt22394694,detective knight redemption,2022,"Action,Crime,Mystery",4.1,2102
tt7588822,the night they knocked,2019,"Drama,Horror,Thriller",3.8,2102
tt8801584,sunrise in heaven,2020,"Drama,Romance",5.7,2102
tt29797483,upendra gadi adda,2023,Action,7.1,2101
tt32130925,nenu keerthana,2024,"Action,Comedy,Drama",8.9,2101
tt8675288,fearless,2020,"Animation,Comedy,Family",5.0,2100
tt15548074,the sixth secret,2022,"Comedy,Horror,Mystery",5.0,2100
tt5712058,premam,2016,"Comedy,Drama,Romance",6.4,2100
tt7275822,klassentreffen 10,2018,"Comedy,Drama",3.8,2099
tt2690226,the chaperone,2018,Drama,6.6,2099
tt15014000,poster,2021,"Drama,Family",6.8,2098
tt17374778,strangeness,2022,"Comedy,Drama",6.7,2098
tt4864624,hollow in the land,2017,"Drama,Mystery,Thriller",5.7,2098
tt20519180,memory lane,2024,"Comedy,Drama",7.4,2097
tt8386958,wildland,2020,"Crime,Drama,Thriller",5.8,2097
tt18556278,endurance,2024,Documentary,7.5,2097
tt13369990,gully gang,2022,"Action,Comedy,Romance",6.6,2097
tt11903004,hotel belgrade,2020,"Comedy,Romance",6.2,2097
tt6270596,a rough draft,2018,Sci-Fi,4.5,2096
tt15548416,ugravatara,2024,"Action,Crime",8.4,2096
tt11779616,shivaji surathkal,2020,"Drama,Mystery,Thriller",7.1,2095
tt12794338,achcham madam naanam payirppu,2022,"Comedy,Drama",4.1,2095
tt31051322,mukhya gamanika,2024,"Crime,Thriller",8.4,2094
tt15575356,too old for fairy tales,2022,"Comedy,Family",6.2,2093
tt27487086,black cab,2024,"Horror,Thriller",4.1,2093
tt10969656,dirty sexy saint,2019,"Drama,Romance",5.6,2093
tt4872162,countdown,2016,"Action,Crime,Mystery",4.7,2092
tt11991786,the guide to the perfect family,2021,"Comedy,Drama",6.4,2092
tt37937823,vidhrohi,2025,"Crime,Thriller",9.4,2092
tt8736336,thats amore,2020,"Comedy,Drama,Romance",5.8,2091
tt12027020,la originals,2020,Documentary,7.2,2091
tt32307524,shark whisperer,2025,Documentary,6.9,2091
tt27845205,oka pathakam prakaaram,2025,"Drama,Thriller",7.4,2090
tt30850798,ram rapid action mission,2024,Drama,4.8,2090
tt37543886,stolen heist of the century,2025,"Crime,Documentary",6.5,2090
tt13468436,the colour room,2021,Drama,6.8,2089
tt13260836,angelas christmas wish,2020,"Adventure,Animation,Comedy",7.1,2089
tt5039578,the year of spectacular men,2017,"Comedy,Drama,Romance",5.6,2089
tt9021092,mr majnu,2019,Romance,6.1,2087
tt9904802,enemy lines,2020,"Action,Drama,War",4.6,2087
tt26999050,ashtadigbandhanam,2023,"Action,Adventure,Mystery",7.3,2087
tt36203068,anaganaga australia lo,2025,"Action,Comedy,Crime",6.9,2087
tt6120732,olappeeppi,2016,"Drama,Family",7.2,2086
tt9855978,dreambuilders,2020,"Adventure,Animation,Comedy",6.0,2086
tt7761590,retablo,2017,Drama,7.5,2086
tt17511190,facing nolan,2022,"Biography,Documentary,Sport",7.9,2086
tt9203168,moromete family on the edge of time,2018,Drama,7.6,2085
tt5834800,devil in the dark,2017,"Horror,Thriller",4.8,2085
tt3685668,recovery,2016,"Horror,Thriller",4.4,2085
tt10431572,voice of silence,2020,"Drama,Thriller",6.5,2085
tt4746506,sweet dreams,2016,"Drama,Romance",6.5,2085
tt30816925,ground,2024,Drama,6.8,2085
tt15541632,kapata nataka sutradhari,2021,Thriller,4.2,2085
tt34965625,prime minister,2025,Documentary,6.8,2084
tt15721828,this much i know to be true,2022,"Documentary,Music",7.6,2084
tt6284064,the bears famous invasion of sicily,2019,"Adventure,Animation,Family",7.1,2084
tt32607174,rautu ka raaz,2024,"Crime,Drama,Mystery",6.3,2084
tt11460976,prime time,2021,"Drama,Thriller",5.2,2083
tt8060408,brother of the year,2018,"Comedy,Drama,Romance",6.7,2083
tt4531694,pattaya,2016,Comedy,4.8,2083
tt11767724,skunk,2023,Drama,7.3,2082
tt8122018,happy new year colin burstead,2018,Drama,6.4,2082
tt7349896,inherit the viper,2019,"Action,Crime,Mystery",5.2,2082
tt32538648,romería,2025,"Biography,Drama,Romance",6.9,2082
tt13304584,bomma blockbuster,2022,"Action,Comedy,Drama",6.1,2081
tt5633706,closeknit,2017,Drama,7.2,2081
tt3215826,kids in love,2016,"Drama,Romance",5.3,2080
tt25966332,error 500,2023,"Action,Sport,Thriller",7.4,2079
tt9875128,halahal,2020,"Crime,Drama,Mystery",7.0,2079
tt23951378,leheraee,2022,Romance,7.5,2079
tt4990516,you are my sunday,2016,"Comedy,Drama",7.7,2079
tt10671436,barot house,2019,"Mystery,Thriller",7.2,2078
tt7611352,alive,2018,"Horror,Thriller",5.3,2078
tt9719452,the hex,2020,"Drama,Horror,Mystery",3.6,2078
tt33144173,revu,2024,Thriller,7.8,2078
tt21087452,deaths roulette,2023,"Drama,Mystery,Thriller",5.5,2078
tt28755837,jai ganesh,2024,Drama,6.0,2077
tt29515802,s99,2024,Action,8.7,2077
tt11316680,trees of peace,2021,Drama,6.6,2077
tt29995494,from embers,2024,Thriller,6.9,2077
tt35922832,ozzy osbourne no escape from now,2025,"Biography,Documentary,Music",8.3,2077
tt21627968,am aha,2022,"Comedy,Drama,Thriller",7.7,2076
tt18071320,inside man,2023,"Crime,Drama,Thriller",5.6,2076
tt25425178,a journey to kasi,2023,Drama,7.1,2075
tt6892340,sono tornato,2018,"Comedy,Drama",6.2,2075
tt14875820,johnny  clyde,2023,"Action,Adventure,Crime",2.4,2075
tt4843012,no filter,2016,Comedy,5.6,2074
tt22000754,paga paga paga,2022,"Comedy,Crime,Thriller",7.1,2074
tt37232949,paderu 12mile,2025,"Action,Thriller",9.1,2074
tt3293594,the man in the trunk,2019,"Crime,Drama,Horror",4.0,2073
tt7886854,the window,2018,"Drama,Mystery",7.1,2073
tt10723416,look at me xxxtentacion,2022,"Documentary,Music",7.6,2073
tt32505165,prabuthwa junior kalashala,2024,Romance,7.1,2073
tt25406052,kingdom 3 the flame of destiny,2023,"Action,History,War",6.8,2073
tt4631048,the texture of falling,2018,Drama,5.1,2073
tt6833470,the swing of things,2020,Comedy,3.0,2073
tt33131012,wedding diaries,2024,"Drama,Family,Fantasy",8.9,2073
tt9018916,the battle of jangsari,2019,War,6.3,2072
tt7382730,luca,2019,"Drama,Mystery,Romance",6.9,2071
tt31113091,i hate love,2024,Drama,7.1,2071
tt13671954,meow,2021,"Comedy,Drama",6.5,2071
tt7356382,the congo murders,2018,"Biography,Crime,Drama",6.1,2071
tt11362866,historias lamentables,2020,Comedy,6.6,2070
tt29119032,rudramkota,2023,"Action,Adventure,Drama",6.3,2070
tt11877386,caravaggios shadow,2022,"Biography,Drama,History",6.5,2070
tt21308470,jagannatakam,2022,Drama,7.3,2070
tt12870980,help,2021,"Drama,Mystery,Thriller",3.8,2069
tt22436062,dhoomam,2023,"Action,Drama,Thriller",5.7,2068
tt16987062,la syndicaliste,2022,"Drama,Thriller",6.6,2068
tt11941700,tonic film,2021,"Comedy,Drama,Music",7.6,2067
tt21932820,identity,2022,Thriller,7.7,2067
tt13105824,my missing valentine,2020,"Comedy,Drama,Fantasy",7.1,2066
tt22054798,sakalagunabhi rama,2022,"Drama,Family,Romance",7.3,2066
tt8435308,the spy,2019,"Biography,Drama,History",6.2,2065
tt15141288,if i cant have love i want power,2021,"Drama,Fantasy,Horror",6.5,2065
tt14719838,kondaveedu,2022,"Drama,Thriller",7.6,2065
tt37376961,thank you dear,2025,"Drama,Romance",8.1,2065
tt26733465,ravikula raghurama,2024,Romance,8.0,2065
tt15211098,clue a love thriller,2021,"Crime,Thriller",6.9,2064
tt13743656,rub,2023,"Crime,Drama,Thriller",4.5,2064
tt16282866,lulli,2021,"Comedy,Romance",4.9,2064
tt14670276,lekh,2022,"Drama,Romance",7.6,2064
tt8161166,king petar the first,2018,"Biography,Drama,History",6.7,2063
tt10800758,metamorphosis,2019,"Horror,Thriller",5.9,2063
tt21827144,akasha veedullo,2022,"Drama,Romance",6.6,2063
tt10556036,jiivi,2019,"Drama,Thriller",7.7,2063
tt30423063,shaan,2023,"Action,Drama,Romance",6.6,2063
tt9507276,saga of tanya the evil  the movie,2019,"Action,Adventure,Animation",7.5,2063
tt36243564,the stranger,2025,"Crime,Drama",7.1,2063
tt8667404,the chronology of water,2025,"Biography,Drama,Romance",6.4,2063
tt8061070,my step dad the hippie,2018,Comedy,5.2,2063
tt4876952,ripped,2017,Comedy,4.8,2062
tt26896414,all the devils are here,2025,"Mystery,Thriller",5.4,2062
tt8712750,ami,2019,"Horror,Thriller",3.9,2061
tt2585736,american bistro,2019,"Adventure,Comedy,Drama",4.7,2061
tt16027122,theeram,2021,"Action,Drama,Romance",7.8,2061
tt10085338,blood on her name,2019,"Action,Crime,Drama",5.7,2061
tt16606580,half stories,2022,"Horror,Thriller",3.7,2061
tt8980468,sixth bus,2022,"Drama,War",5.7,2060
tt15175188,faraaz,2022,"Action,Thriller",5.0,2060
tt5519566,the first monday in may,2016,Documentary,7.1,2060
tt5990444,the trap,2019,Comedy,4.3,2060
tt4647784,the confessions,2016,"Drama,Mystery,Thriller",6.1,2060
tt38747537,kapodistrias,2025,"Biography,Drama,History",6.3,2060
tt36106718,artiste,2025,"Drama,Thriller",8.7,2060
tt8934918,kakshi amminippilla,2019,"Comedy,Drama,Family",6.6,2060
tt15333788,out of the blue,2022,"Crime,Drama,Mystery",4.4,2060
tt6290418,to each her own,2018,"Comedy,Drama",5.4,2060
tt5295358,hep yek,2016,Comedy,4.3,2060
tt20414834,putin,2025,"Biography,Crime,Drama",3.1,2060
tt3569970,attack of the lederhosen zombies,2016,"Comedy,Horror",4.6,2060
tt13357492,rallalo neeru,2020,Drama,8.3,2059
tt4288674,it came from the desert,2017,"Action,Adventure,Comedy",4.3,2059
tt23423222,kaadal kahaani,2022,"Comedy,Drama,Family",7.7,2059
tt4760382,christian audigier the vif,2017,"Biography,Documentary,Drama",8.0,2059
tt13313408,marilyns eyes,2021,"Comedy,Drama",6.6,2059
tt4422164,smoking guns,2016,"Comedy,Crime,Drama",5.1,2059
tt5044656,the shadow effect,2017,"Mystery,Sci-Fi,Thriller",4.2,2059
tt4399590,firstborn,2016,Horror,4.8,2058
tt27426266,gally gang stars,2024,"Action,Comedy,Crime",8.9,2058
tt15241758,hounded,2022,"Action,Horror,Thriller",5.1,2058
tt32128317,the other way around,2024,"Comedy,Drama",6.4,2058
tt32644677,sandeham,2024,Drama,7.9,2057
tt21191906,after death,2023,Documentary,6.3,2057
tt14230846,saunkan saunkne,2022,"Comedy,Drama,Romance",6.3,2057
tt10687158,western stars,2019,"Documentary,Music",7.6,2057
tt36215872,raju gari dongalu,2025,Crime,8.5,2057
tt21618368,die hard fan,2022,"Comedy,Drama",7.7,2057
tt28772978,heavier trip,2024,"Adventure,Comedy,Music",6.1,2056
tt27829510,high rollers,2025,Thriller,3.9,2056
tt5003186,plan de fuga,2016,"Crime,Drama,Thriller",5.6,2056
tt4383288,polina,2016,Drama,6.7,2056
tt32178794,nindha,2024,Thriller,8.0,2056
tt23379618,clue,2022,"Drama,Mystery,Thriller",7.3,2056
tt26493916,sirimalle puvva,2023,Drama,7.1,2056
tt27241551,centaur,2023,"Drama,Thriller",6.9,2055
tt1720621,trafficked,2017,"Drama,Thriller",5.8,2055
tt6466464,the monkey king 3,2018,"Action,Adventure,Family",5.5,2055
tt13778486,succubus,2024,"Drama,Horror,Thriller",4.7,2055
tt3620452,dont fuck in the woods,2016,Horror,3.0,2054
tt28662887,wake up,2023,"Action,Horror",5.4,2054
tt33088872,veekshanam,2024,Thriller,7.0,2054
tt20788760,i love you,2022,"Comedy,Drama,Romance",4.1,2053
tt7014110,bring it on worldwide cheersmack,2017,"Comedy,Romance,Sport",4.2,2053
tt31947573,samudrudu,2024,Romance,6.2,2053
tt23752842,the heist,2024,"Action,Comedy,Crime",6.8,2053
tt13588944,ask mark ve ölüm,2022,Documentary,8.0,2053
tt14880258,deep,2021,"Drama,Mystery,Sci-Fi",5.0,2053
tt26457210,the accident,2023,"Horror,Thriller",6.8,2052
tt15193040,kim bu aile,2022,"Action,Comedy",5.5,2052
tt12572792,okay madam,2020,"Action,Comedy,Thriller",6.7,2052
tt6058394,anaarkali of aarah,2017,Drama,6.1,2052
tt28513338,raktabeej,2023,Thriller,7.3,2052
tt6865630,ana,2020,"Comedy,Drama",6.0,2051
tt39172356,fighter shiva,2025,"Action,Thriller",8.9,2051
tt32469000,jenma natchathiram,2025,Thriller,4.1,2051
tt9741180,the last thing mary saw,2021,"Drama,Horror,Thriller",5.1,2051
tt8435892,the space between the lines,2019,"Drama,Romance",6.6,2051
tt8902978,wander darkly,2020,"Drama,Mystery,Thriller",5.8,2050
tt30070875,plant man,2024,Comedy,6.8,2050
tt21110654,aztec batman clash of empires,2025,"Action,Adventure,Animation",5.4,2050
tt16794528,love you too,2023,"Drama,Romance",7.5,2050
tt10709404,namma veettu pillai,2019,"Action,Comedy,Drama",6.0,2049
tt11493006,mako,2021,"Adventure,Thriller",3.4,2049
tt8415352,the murder of nicole brown simpson,2019,"Crime,Horror,Mystery",2.6,2048
tt27161773,the eighth sense,2023,"Drama,Romance",8.7,2048
tt3755154,hippopotamus,2018,"Drama,Thriller",5.4,2048
tt11390864,keshu ee veedinte nadhan,2021,Drama,4.4,2047
tt10193752,the real charlie chaplin,2021,"Biography,Documentary",7.3,2047
tt25234532,nuvve naa pranam,2022,"Drama,Family",8.5,2047
tt15891774,rudrakshapuram 3km,2024,Thriller,8.8,2047
tt33291011,lifestories,2024,Drama,8.2,2047
tt27114092,major grom the game,2024,"Action,Adventure",6.2,2047
tt19712142,na venta paduthunna chinnadevadamma,2022,"Action,Drama,Romance",7.8,2047
tt4170344,i called him morgan,2016,"Documentary,Drama,History",7.3,2046
tt3430548,away,2016,"Crime,Drama",6.4,2046
tt13717596,bheemante vazhi,2021,Comedy,6.3,2046
tt22152120,operation valentine,2024,"Action,Drama,Thriller",5.4,2046
tt27445004,abang adik,2023,"Crime,Drama",7.2,2046
tt31414473,babu no1 bullshit guy,2024,Comedy,7.5,2045
tt7502234,little tickles,2018,"Comedy,Drama",7.2,2045
tt9537532,play or die,2019,"Horror,Mystery,Thriller",3.7,2045
tt7562334,lady driver,2020,Sport,5.9,2044
tt30989795,i hate you,2024,"Romance,Thriller",6.6,2043
tt33029866,broken rage,2024,"Comedy,Crime,Drama",6.1,2043
tt11505692,stay out of the fking attic,2020,Horror,4.5,2042
tt9568230,night raiders,2021,"Action,Sci-Fi,Thriller",5.3,2042
tt9368628,the new king of comedy,2019,"Comedy,Drama",6.2,2042
tt8228538,papi chulo,2018,"Comedy,Drama",6.6,2042
tt27250815,mechanic,2024,Drama,7.8,2042
tt3160336,the birdcatcher,2019,"Drama,Thriller,War",5.9,2042
tt12200256,no escapes,2020,"Action,Drama",6.5,2041
tt35050958,the playroom,2024,"Drama,Thriller",6.0,2041
tt4853290,out come the wolves,2024,"Drama,Horror,Thriller",4.7,2041
tt28637027,into the deep,2025,"Action,Horror,Thriller",3.5,2040
tt14965934,shark the beginning,2021,"Action,Drama",6.9,2039
tt20771990,spark 10,2022,"Action,Drama",7.8,2039
tt27078110,just a minute,2024,Comedy,8.1,2038
tt38045101,bad girlz,2025,"Comedy,Romance",9.4,2038
tt8268302,i work at the cemetery,2021,"Comedy,Crime,Drama",7.4,2038
tt10462646,the legend of gobi,2018,Action,5.4,2038
tt10949028,as they made us,2022,"Comedy,Drama",5.8,2038
tt5759434,in harms way,2017,"History,Romance,War",6.3,2038
tt33241209,speed 220,2024,Action,8.0,2037
tt33201732,moartea in vacanta,2024,Comedy,6.5,2037
tt6649066,hollywood dirt,2017,Romance,6.0,2037
tt32081990,roudhra rupaya,2024,Action,6.9,2036
tt11003228,breeder,2020,"Horror,Thriller",5.0,2036
tt23638596,manninchava,2022,"Drama,Romance",7.5,2036
tt6747420,rajma chawal,2018,"Comedy,Drama,Family",5.7,2036
tt7433762,innocent,2017,Comedy,6.4,2036
tt27794567,jaitra,2023,Comedy,5.8,2036
tt22353382,rudraveena,2022,"Drama,Romance",7.2,2035
tt31711509,haddhu ledhu raa,2024,Family,6.5,2035
tt7240478,the necromancer,2018,Horror,4.4,2035
tt11615038,after truth disinformation and the cost of fake news,2020,Documentary,7.0,2035
tt7654872,the other woman,2018,"Comedy,Drama,Romance",5.5,2035
tt8456190,seal team,2021,"Action,Animation,Comedy",5.7,2034
tt38942761,asurvan,2025,Thriller,8.2,2034
tt6846432,yomeddine,2018,"Adventure,Comedy,Drama",7.3,2034
tt15975756,dhamki,2021,"Action,Drama",8.1,2034
tt13921588,the grandson,2021,"Action,Drama,Thriller",6.9,2034
tt6577814,screwed,2017,"Biography,Comedy,Drama",6.4,2034
tt18235306,love life,2022,Drama,6.9,2034
tt15167994,private property,2022,"Drama,Horror,Thriller",3.9,2033
tt11296132,the singer,2019,"Comedy,Drama,Music",4.4,2033
tt36071714,1000 waala,2025,"Action,Drama",8.0,2033
tt10215424,liam gallagher as it was,2019,"Documentary,Music",7.1,2032
tt5731746,blood type,2019,"Action,Fantasy,Horror",4.1,2032
tt8080302,penguins,2019,"Documentary,Family",7.1,2032
tt32727888,itlu mee cinema,2024,Drama,7.5,2032
tt4693588,fahim,2019,"Biography,Comedy,Drama",6.9,2032
tt5686112,the delivered,2019,"Drama,History,Thriller",6.2,2032
tt11900404,caught in the net,2020,"Crime,Documentary",8.0,2032
tt4796634,selfie 69,2016,"Action,Comedy,Romance",6.0,2031
tt33298423,nandhan,2024,Drama,7.4,2031
tt12735856,nenu co nuvvu,2022,"Drama,Romance",7.8,2030
tt25811580,perfume,2023,"Romance,Thriller",7.7,2030
tt6197484,holy goalie,2017,"Comedy,Sport",5.4,2030
tt33773297,kallu compound 1995,2024,"Action,Family",6.6,2030
tt6835498,crystal swan,2018,Drama,7.0,2029
tt26489351,jagamerigina satyam,2025,Drama,7.2,2029
tt9015306,zz top that little ol band from texas,2019,"Biography,Documentary,Music",7.5,2028
tt13924926,in the forest,2022,"Horror,Thriller",3.8,2028
tt29722945,dont turn out the lights,2023,Horror,3.6,2027
tt15458936,dukaan,2024,Drama,7.4,2027
tt32491118,big brother,2024,Action,8.5,2027
tt15332976,i can,2023,"Drama,Family,Sport",6.6,2026
tt6772874,this is not what i expected,2017,"Comedy,Drama,Romance",6.7,2026
tt3127902,dealt,2017,"Biography,Documentary",7.5,2025
tt14603848,overlord the sacred kingdom,2024,"Action,Adventure,Animation",6.9,2025
tt29585679,drazen,2024,Biography,6.4,2025
tt20223526,1996 dharmapuri,2022,"Action,Drama,Romance",6.6,2025
tt5564336,lucid,2018,"Sci-Fi,Thriller",4.5,2025
tt6562628,cutterhead,2018,"Drama,Thriller",6.2,2024
tt14650250,shatagni  the movie,2021,"Action,Crime,Thriller",7.8,2024
tt5639898,social animals,2018,Comedy,5.3,2024
tt9514970,sons of denmark,2019,"Drama,Thriller",6.4,2024
tt7794052,western ghats,2018,"Drama,Romance",8.5,2024
tt12444934,devils workshop,2022,"Drama,Horror",3.8,2024
tt15479438,somewhere quiet,2023,"Mystery,Thriller",4.8,2023
tt6067750,nettle,2016,"Action,Comedy,Drama",4.1,2021
tt6547044,being frank,2018,Comedy,6.2,2021
tt3454424,where is anne frank,2021,"Animation,Drama,Family",6.4,2021
tt11731024,iravin nizhal,2022,"Action,Drama,Mystery",6.5,2021
tt37956153,laalo krishna sada sahaayate,2025,Family,8.6,2021
tt33256586,chiquita,2025,"Drama,Mystery",7.6,2020
tt21076374,balamevvadu,2022,"Crime,Drama,Romance",6.7,2020
tt4551314,odd job,2016,"Comedy,Crime",6.4,2020
tt8667828,outlaw johnny black,2023,"Action,Comedy,Western",5.7,2019
tt21800888,645,2022,Comedy,7.0,2019
tt13372944,madres,2021,Horror,4.9,2019
tt21100430,meelo okadu,2022,"Drama,Family",8.0,2019
tt27490380,13 bombs,2023,"Action,Crime,Thriller",6.6,2019
tt4888982,the control,2018,"Mystery,Sci-Fi,Thriller",3.5,2019
tt13553662,beautiful minds,2021,"Comedy,Drama",7.1,2019
tt8239736,flight 666,2018,"Action,Fantasy,Horror",4.4,2019
tt23573936,comandante,2023,"Biography,Drama,History",6.5,2018
tt7735502,the invisible witness,2018,"Drama,Thriller",6.6,2018
tt5692622,detective conan crimson love letter,2017,"Action,Adventure,Animation",6.5,2018
tt10253816,kabaneri of the iron fortress the battle of unato,2019,"Action,Adventure,Animation",6.8,2018
tt15358226,new york ninja,2021,"Action,Crime,Thriller",5.4,2018
tt5273720,all the creatures were stirring,2018,"Horror,Sci-Fi",4.9,2018
tt5518358,apotheosis,2018,"Drama,Thriller",3.9,2018
tt23770924,hostel hudugaru bekagiddare,2023,Comedy,7.2,2016
tt5319866,slamma jamma,2017,"Drama,Sport",6.0,2016
tt10831486,levels,2024,"Action,Sci-Fi,Thriller",5.0,2016
tt16901072,bhala chora bhala,2022,"Adventure,Drama,Thriller",8.6,2016
tt27559748,nedelja,2024,"Biography,Drama",7.2,2016
tt5641542,apartment 212,2017,Horror,5.2,2015
tt36956674,im chevy chase and youre not,2025,"Biography,Documentary",6.8,2015
tt27510150,dd returns,2023,"Comedy,Horror",6.1,2015
tt13892718,atithi bhooto bhava,2022,"Comedy,Drama,Romance",6.2,2015
tt7080960,michael inside,2017,Drama,7.0,2015
tt7372728,women of mafia,2018,"Action,Crime,Drama",4.8,2014
tt26923797,deaf,2025,Drama,7.3,2013
tt12078076,jai bhajrangi,2021,"Action,Fantasy",6.5,2012
tt14775666,unclenching the fists,2021,Drama,6.6,2012
tt4515762,another wolfcop,2017,"Comedy,Fantasy,Horror",5.4,2012
tt9482230,tommaso,2019,Drama,6.3,2012
tt6948326,a man in a hurry,2018,"Comedy,Drama",6.4,2012
tt9690328,paper spiders,2020,Drama,6.7,2011
tt38633456,school life,2025,"Drama,Romance",8.4,2011
tt12989912,ultrasound,2021,"Drama,Mystery,Sci-Fi",5.8,2011
tt4497338,interrogation,2016,"Action,Thriller",4.9,2011
tt29344974,how could i live without you,2024,"Comedy,Musical",6.4,2010
tt5162658,gold,2017,"Adventure,Drama,History",5.7,2010
tt20215816,the fabulous four,2024,Comedy,4.9,2010
tt36108604,chokkor 302,2025,"Mystery,Thriller",7.3,2009
tt32887285,ka,2024,"Action,Thriller",7.1,2009
tt18110702,bark,2023,"Horror,Thriller",5.3,2009
tt7162390,mermaid the lake of the dead,2018,"Fantasy,Horror,Romance",4.4,2009
tt7117870,love action drama,2019,"Comedy,Romance",5.2,2009
tt18300732,duchess,2024,"Action,Crime",4.6,2009
tt3778354,bear with us,2016,Comedy,6.7,2009
tt11826240,lalitham sundharam,2022,"Comedy,Drama,Family",6.1,2009
tt31639439,bharathanatyam,2024,Comedy,6.7,2008
tt20115138,heaven,2022,"Crime,Mystery,Thriller",6.5,2008
tt11763296,decrypted,2021,"Comedy,Drama",4.1,2008
tt13323330,rebels  school,2021,Comedy,6.1,2008
tt13528562,asakusa kid,2021,"Biography,Drama",7.2,2007
tt13613056,deception,2021,Drama,5.5,2007
tt6471054,ajji,2017,"Crime,Drama",6.8,2006
tt10260042,antigone,2019,"Crime,Drama",7.0,2006
tt23453382,the final contestant,2023,Drama,8.2,2006
tt8480678,pinocchio a true story,2021,"Animation,Family,Fantasy",3.2,2006
tt9081558,those who remained,2019,Drama,7.2,2005
tt27791865,amy schumer emergency contact,2023,"Comedy,Documentary",5.2,2005
tt13198946,in search of darkness part ii the journey into 80s horror continues,2020,"Documentary,History,Horror",7.9,2005
tt7947470,that time of year,2018,"Comedy,Drama",6.2,2005
tt15840674,madhurapudi gramam ane nenu,2023,Crime,7.9,2004
tt29959426,praveen ips,2024,Drama,8.9,2003
tt4516352,bethany,2017,Horror,4.1,2003
tt20274588,albert brooks defending my life,2023,"Biography,Documentary",7.4,2003
tt15876726,mr x,2021,Crime,7.4,2003
tt29780866,icefall,2025,"Crime,Thriller",5.1,2003
tt6559390,the apparition,2018,"Drama,Mystery",6.3,2002
tt28500558,silence 2 the night owl bar shootout,2024,"Crime,Drama,Thriller",6.2,2002
tt7059506,munafik 2,2018,"Horror,Mystery,Thriller",5.6,2002
tt12117860,alles op tafel,2021,"Comedy,Drama",6.6,2002
tt5161018,budapest noir,2017,"Crime,Drama,History",6.1,2002
tt10055770,vellai pookal,2019,Thriller,7.1,2002
tt5687270,the corrupted,2019,"Crime,Drama,Thriller",5.7,2002
tt28298505,sommartider,2024,Drama,6.7,2002
tt5651338,godless youth,2017,"Crime,Drama,Mystery",5.7,2002
tt10791152,superheroes,2021,"Comedy,Drama,Romance",6.7,2001
tt16527290,wire room,2022,"Action,Thriller",3.7,2001
tt10133300,rakshasudu,2019,"Action,Crime,Thriller",7.9,2001
tt16077750,ikshu,2022,"Action,Drama",7.0,2000
tt16058566,ooriki uttharana,2021,Drama,3.7,2000
